attacker_id,attacker_name,defender_id,defender_name,atk_upgrade,hp_upgrade,attacker_atk,defender_hp,hits_to_kill,hits_base,hits_delta
1,Fortress,1,Fortress,0,0,6524.0,43938.0,7,7,0
1,Fortress,1,Fortress,0,1,6524.0,50528.7,8,7,1
1,Fortress,1,Fortress,0,2,6524.0,63710.1,10,7,3
1,Fortress,1,Fortress,1,0,7306.9,43938.0,7,7,0
1,Fortress,1,Fortress,1,1,7306.9,50528.7,7,7,0
1,Fortress,1,Fortress,1,2,7306.9,63710.1,9,7,2
1,Fortress,1,Fortress,2,0,8872.6,43938.0,5,7,-2
1,Fortress,1,Fortress,2,1,8872.6,50528.7,6,7,-1
1,Fortress,1,Fortress,2,2,8872.6,63710.1,8,7,1
1,Fortress,2,Marksman,0,0,6524.0,1622.0,1,1,0
1,Fortress,2,Marksman,0,1,6524.0,1865.3,1,1,0
1,Fortress,2,Marksman,0,2,6524.0,2351.9,1,1,0
1,Fortress,2,Marksman,1,0,7306.9,1622.0,1,1,0
1,Fortress,2,Marksman,1,1,7306.9,1865.3,1,1,0
1,Fortress,2,Marksman,1,2,7306.9,2351.9,1,1,0
1,Fortress,2,Marksman,2,0,8872.6,1622.0,1,1,0
1,Fortress,2,Marksman,2,1,8872.6,1865.3,1,1,0
1,Fortress,2,Marksman,2,2,8872.6,2351.9,1,1,0
1,Fortress,3,Vulcan,0,0,6524.0,30279.0,5,5,0
1,Fortress,3,Vulcan,0,1,6524.0,34820.8,6,5,1
1,Fortress,3,Vulcan,0,2,6524.0,43904.5,7,5,2
1,Fortress,3,Vulcan,1,0,7306.9,30279.0,5,5,0
1,Fortress,3,Vulcan,1,1,7306.9,34820.8,5,5,0
1,Fortress,3,Vulcan,1,2,7306.9,43904.5,7,5,2
1,Fortress,3,Vulcan,2,0,8872.6,30279.0,4,5,-1
1,Fortress,3,Vulcan,2,1,8872.6,34820.8,4,5,-1
1,Fortress,3,Vulcan,2,2,8872.6,43904.5,5,5,0
1,Fortress,4,Melting Point,0,0,6524.0,30907.0,5,5,0
1,Fortress,4,Melting Point,0,1,6524.0,35543.0,6,5,1
1,Fortress,4,Melting Point,0,2,6524.0,44815.2,7,5,2
1,Fortress,4,Melting Point,1,0,7306.9,30907.0,5,5,0
1,Fortress,4,Melting Point,1,1,7306.9,35543.0,5,5,0
1,Fortress,4,Melting Point,1,2,7306.9,44815.2,7,5,2
1,Fortress,4,Melting Point,2,0,8872.6,30907.0,4,5,-1
1,Fortress,4,Melting Point,2,1,8872.6,35543.0,5,5,0
1,Fortress,4,Melting Point,2,2,8872.6,44815.2,6,5,1
1,Fortress,5,Rhino,0,0,6524.0,19297.0,3,3,0
1,Fortress,5,Rhino,0,1,6524.0,22191.5,4,3,1
1,Fortress,5,Rhino,0,2,6524.0,27980.6,5,3,2
1,Fortress,5,Rhino,1,0,7306.9,19297.0,3,3,0
1,Fortress,5,Rhino,1,1,7306.9,22191.5,4,3,1
1,Fortress,5,Rhino,1,2,7306.9,27980.6,4,3,1
1,Fortress,5,Rhino,2,0,8872.6,19297.0,3,3,0
1,Fortress,5,Rhino,2,1,8872.6,22191.5,3,3,0
1,Fortress,5,Rhino,2,2,8872.6,27980.6,4,3,1
1,Fortress,7,Mustang,0,0,6524.0,343.0,1,1,0
1,Fortress,7,Mustang,0,1,6524.0,394.4,1,1,0
1,Fortress,7,Mustang,0,2,6524.0,497.3,1,1,0
1,Fortress,7,Mustang,1,0,7306.9,343.0,1,1,0
1,Fortress,7,Mustang,1,1,7306.9,394.4,1,1,0
1,Fortress,7,Mustang,1,2,7306.9,497.3,1,1,0
1,Fortress,7,Mustang,2,0,8872.6,343.0,1,1,0
1,Fortress,7,Mustang,2,1,8872.6,394.4,1,1,0
1,Fortress,7,Mustang,2,2,8872.6,497.3,1,1,0
1,Fortress,8,Steel Ball,0,0,6524.0,4571.0,1,1,0
1,Fortress,8,Steel Ball,0,1,6524.0,5256.6,1,1,0
1,Fortress,8,Steel Ball,0,2,6524.0,6627.9,2,1,1
1,Fortress,8,Steel Ball,1,0,7306.9,4571.0,1,1,0
1,Fortress,8,Steel Ball,1,1,7306.9,5256.6,1,1,0
1,Fortress,8,Steel Ball,1,2,7306.9,6627.9,1,1,0
1,Fortress,8,Steel Ball,2,0,8872.6,4571.0,1,1,0
1,Fortress,8,Steel Ball,2,1,8872.6,5256.6,1,1,0
1,Fortress,8,Steel Ball,2,2,8872.6,6627.9,1,1,0
1,Fortress,9,Fang,0,0,6524.0,117.0,1,1,0
1,Fortress,9,Fang,0,1,6524.0,134.5,1,1,0
1,Fortress,9,Fang,0,2,6524.0,169.7,1,1,0
1,Fortress,9,Fang,1,0,7306.9,117.0,1,1,0
1,Fortress,9,Fang,1,1,7306.9,134.5,1,1,0
1,Fortress,9,Fang,1,2,7306.9,169.7,1,1,0
1,Fortress,9,Fang,2,0,8872.6,117.0,1,1,0
1,Fortress,9,Fang,2,1,8872.6,134.5,1,1,0
1,Fortress,9,Fang,2,2,8872.6,169.7,1,1,0
1,Fortress,10,Crawler,0,0,6524.0,263.0,1,1,0
1,Fortress,10,Crawler,0,1,6524.0,302.4,1,1,0
1,Fortress,10,Crawler,0,2,6524.0,381.3,1,1,0
1,Fortress,10,Crawler,1,0,7306.9,263.0,1,1,0
1,Fortress,10,Crawler,1,1,7306.9,302.4,1,1,0
1,Fortress,10,Crawler,1,2,7306.9,381.3,1,1,0
1,Fortress,10,Crawler,2,0,8872.6,263.0,1,1,0
1,Fortress,10,Crawler,2,1,8872.6,302.4,1,1,0
1,Fortress,10,Crawler,2,2,8872.6,381.3,1,1,0
1,Fortress,12,Stormcaller,0,0,6524.0,1149.0,1,1,0
1,Fortress,12,Stormcaller,0,1,6524.0,1321.3,1,1,0
1,Fortress,12,Stormcaller,0,2,6524.0,1666.0,1,1,0
1,Fortress,12,Stormcaller,1,0,7306.9,1149.0,1,1,0
1,Fortress,12,Stormcaller,1,1,7306.9,1321.3,1,1,0
1,Fortress,12,Stormcaller,1,2,7306.9,1666.0,1,1,0
1,Fortress,12,Stormcaller,2,0,8872.6,1149.0,1,1,0
1,Fortress,12,Stormcaller,2,1,8872.6,1321.3,1,1,0
1,Fortress,12,Stormcaller,2,2,8872.6,1666.0,1,1,0
1,Fortress,13,Sledgehammer,0,0,6524.0,3478.0,1,1,0
1,Fortress,13,Sledgehammer,0,1,6524.0,3999.7,1,1,0
1,Fortress,13,Sledgehammer,0,2,6524.0,5043.1,1,1,0
1,Fortress,13,Sledgehammer,1,0,7306.9,3478.0,1,1,0
1,Fortress,13,Sledgehammer,1,1,7306.9,3999.7,1,1,0
1,Fortress,13,Sledgehammer,1,2,7306.9,5043.1,1,1,0
1,Fortress,13,Sledgehammer,2,0,8872.6,3478.0,1,1,0
1,Fortress,13,Sledgehammer,2,1,8872.6,3999.7,1,1,0
1,Fortress,13,Sledgehammer,2,2,8872.6,5043.1,1,1,0
1,Fortress,14,Hacker,0,0,6524.0,3249.0,1,1,0
1,Fortress,14,Hacker,0,1,6524.0,3736.3,1,1,0
1,Fortress,14,Hacker,0,2,6524.0,4711.1,1,1,0
1,Fortress,14,Hacker,1,0,7306.9,3249.0,1,1,0
1,Fortress,14,Hacker,1,1,7306.9,3736.3,1,1,0
1,Fortress,14,Hacker,1,2,7306.9,4711.1,1,1,0
1,Fortress,14,Hacker,2,0,8872.6,3249.0,1,1,0
1,Fortress,14,Hacker,2,1,8872.6,3736.3,1,1,0
1,Fortress,14,Hacker,2,2,8872.6,4711.1,1,1,0
1,Fortress,15,Arclight,0,0,6524.0,4813.0,1,1,0
1,Fortress,15,Arclight,0,1,6524.0,5534.9,1,1,0
1,Fortress,15,Arclight,0,2,6524.0,6978.8,2,1,1
1,Fortress,15,Arclight,1,0,7306.9,4813.0,1,1,0
1,Fortress,15,Arclight,1,1,7306.9,5534.9,1,1,0
1,Fortress,15,Arclight,1,2,7306.9,6978.8,1,1,0
1,Fortress,15,Arclight,2,0,8872.6,4813.0,1,1,0
1,Fortress,15,Arclight,2,1,8872.6,5534.9,1,1,0
1,Fortress,15,Arclight,2,2,8872.6,6978.8,1,1,0
1,Fortress,17,War Factory,0,0,6524.0,113593.0,18,18,0
1,Fortress,17,War Factory,0,1,6524.0,130631.9,21,18,3
1,Fortress,17,War Factory,0,2,6524.0,164709.9,26,18,8
1,Fortress,17,War Factory,1,0,7306.9,113593.0,16,18,-2
1,Fortress,17,War Factory,1,1,7306.9,130631.9,18,18,0
1,Fortress,17,War Factory,1,2,7306.9,164709.9,23,18,5
1,Fortress,17,War Factory,2,0,8872.6,113593.0,13,18,-5
1,Fortress,17,War Factory,2,1,8872.6,130631.9,15,18,-3
1,Fortress,17,War Factory,2,2,8872.6,164709.9,19,18,1
1,Fortress,19,Scorpion,0,0,6524.0,18632.0,3,3,0
1,Fortress,19,Scorpion,0,1,6524.0,21426.8,4,3,1
1,Fortress,19,Scorpion,0,2,6524.0,27016.4,5,3,2
1,Fortress,19,Scorpion,1,0,7306.9,18632.0,3,3,0
1,Fortress,19,Scorpion,1,1,7306.9,21426.8,3,3,0
1,Fortress,19,Scorpion,1,2,7306.9,27016.4,4,3,1
1,Fortress,19,Scorpion,2,0,8872.6,18632.0,3,3,0
1,Fortress,19,Scorpion,2,1,8872.6,21426.8,3,3,0
1,Fortress,19,Scorpion,2,2,8872.6,27016.4,4,3,1
1,Fortress,20,Fire Badger,0,0,6524.0,4222.0,1,1,0
1,Fortress,20,Fire Badger,0,1,6524.0,4855.3,1,1,0
1,Fortress,20,Fire Badger,0,2,6524.0,6121.9,1,1,0
1,Fortress,20,Fire Badger,1,0,7306.9,4222.0,1,1,0
1,Fortress,20,Fire Badger,1,1,7306.9,4855.3,1,1,0
1,Fortress,20,Fire Badger,1,2,7306.9,6121.9,1,1,0
1,Fortress,20,Fire Badger,2,0,8872.6,4222.0,1,1,0
1,Fortress,20,Fire Badger,2,1,8872.6,4855.3,1,1,0
1,Fortress,20,Fire Badger,2,2,8872.6,6121.9,1,1,0
1,Fortress,21,Sabertooth,0,0,6524.0,14886.0,3,3,0
1,Fortress,21,Sabertooth,0,1,6524.0,17118.9,3,3,0
1,Fortress,21,Sabertooth,0,2,6524.0,21584.7,4,3,1
1,Fortress,21,Sabertooth,1,0,7306.9,14886.0,3,3,0
1,Fortress,21,Sabertooth,1,1,7306.9,17118.9,3,3,0
1,Fortress,21,Sabertooth,1,2,7306.9,21584.7,3,3,0
1,Fortress,21,Sabertooth,2,0,8872.6,14886.0,2,3,-1
1,Fortress,21,Sabertooth,2,1,8872.6,17118.9,2,3,-1
1,Fortress,21,Sabertooth,2,2,8872.6,21584.7,3,3,0
1,Fortress,22,Typhoon,0,0,6524.0,9529.0,2,2,0
1,Fortress,22,Typhoon,0,1,6524.0,10958.3,2,2,0
1,Fortress,22,Typhoon,0,2,6524.0,13817.0,3,2,1
1,Fortress,22,Typhoon,1,0,7306.9,9529.0,2,2,0
1,Fortress,22,Typhoon,1,1,7306.9,10958.3,2,2,0
1,Fortress,22,Typhoon,1,2,7306.9,13817.0,2,2,0
1,Fortress,22,Typhoon,2,0,8872.6,9529.0,2,2,0
1,Fortress,22,Typhoon,2,1,8872.6,10958.3,2,2,0
1,Fortress,22,Typhoon,2,2,8872.6,13817.0,2,2,0
1,Fortress,23,Sandworm,0,0,6524.0,48645.0,8,8,0
1,Fortress,23,Sandworm,0,1,6524.0,55941.7,9,8,1
1,Fortress,23,Sandworm,0,2,6524.0,70535.2,11,8,3
1,Fortress,23,Sandworm,1,0,7306.9,48645.0,7,8,-1
1,Fortress,23,Sandworm,1,1,7306.9,55941.7,8,8,0
1,Fortress,23,Sandworm,1,2,7306.9,70535.2,10,8,2
1,Fortress,23,Sandworm,2,0,8872.6,48645.0,6,8,-2
1,Fortress,23,Sandworm,2,1,8872.6,55941.7,7,8,-1
1,Fortress,23,Sandworm,2,2,8872.6,70535.2,8,8,0
1,Fortress,24,Tarantula,0,0,6524.0,14773.0,3,3,0
1,Fortress,24,Tarantula,0,1,6524.0,16988.9,3,3,0
1,Fortress,24,Tarantula,0,2,6524.0,21420.8,4,3,1
1,Fortress,24,Tarantula,1,0,7306.9,14773.0,3,3,0
1,Fortress,24,Tarantula,1,1,7306.9,16988.9,3,3,0
1,Fortress,24,Tarantula,1,2,7306.9,21420.8,3,3,0
1,Fortress,24,Tarantula,2,0,8872.6,14773.0,2,3,-1
1,Fortress,24,Tarantula,2,1,8872.6,16988.9,2,3,-1
1,Fortress,24,Tarantula,2,2,8872.6,21420.8,3,3,0
1,Fortress,26,Farseer,0,0,6524.0,11991.0,2,2,0
1,Fortress,26,Farseer,0,1,6524.0,13789.6,3,2,1
1,Fortress,26,Farseer,0,2,6524.0,17387.0,3,2,1
1,Fortress,26,Farseer,1,0,7306.9,11991.0,2,2,0
1,Fortress,26,Farseer,1,1,7306.9,13789.6,2,2,0
1,Fortress,26,Farseer,1,2,7306.9,17387.0,3,2,1
1,Fortress,26,Farseer,2,0,8872.6,11991.0,2,2,0
1,Fortress,26,Farseer,2,1,8872.6,13789.6,2,2,0
1,Fortress,26,Farseer,2,2,8872.6,17387.0,2,2,0
1,Fortress,28,Hound,0,0,6524.0,879.0,1,1,0
1,Fortress,28,Hound,0,1,6524.0,1010.8,1,1,0
1,Fortress,28,Hound,0,2,6524.0,1274.5,1,1,0
1,Fortress,28,Hound,1,0,7306.9,879.0,1,1,0
1,Fortress,28,Hound,1,1,7306.9,1010.8,1,1,0
1,Fortress,28,Hound,1,2,7306.9,1274.5,1,1,0
1,Fortress,28,Hound,2,0,8872.6,879.0,1,1,0
1,Fortress,28,Hound,2,1,8872.6,1010.8,1,1,0
1,Fortress,28,Hound,2,2,8872.6,1274.5,1,1,0
1,Fortress,30,Void Eye,0,0,6524.0,1522.0,1,1,0
1,Fortress,30,Void Eye,0,1,6524.0,1750.3,1,1,0
1,Fortress,30,Void Eye,0,2,6524.0,2206.9,1,1,0
1,Fortress,30,Void Eye,1,0,7306.9,1522.0,1,1,0
1,Fortress,30,Void Eye,1,1,7306.9,1750.3,1,1,0
1,Fortress,30,Void Eye,1,2,7306.9,2206.9,1,1,0
1,Fortress,30,Void Eye,2,0,8872.6,1522.0,1,1,0
1,Fortress,30,Void Eye,2,1,8872.6,1750.3,1,1,0
1,Fortress,30,Void Eye,2,2,8872.6,2206.9,1,1,0
1,Fortress,31,Vortex,0,0,6524.0,7425.0,2,2,0
1,Fortress,31,Vortex,0,1,6524.0,8538.8,2,2,0
1,Fortress,31,Vortex,0,2,6524.0,10766.2,2,2,0
1,Fortress,31,Vortex,1,0,7306.9,7425.0,2,2,0
1,Fortress,31,Vortex,1,1,7306.9,8538.8,2,2,0
1,Fortress,31,Vortex,1,2,7306.9,10766.2,2,2,0
1,Fortress,31,Vortex,2,0,8872.6,7425.0,1,2,-1
1,Fortress,31,Vortex,2,1,8872.6,8538.8,1,2,-1
1,Fortress,31,Vortex,2,2,8872.6,10766.2,2,2,0
1,Fortress,2002,Mountain,0,0,6524.0,136657.0,21,21,0
1,Fortress,2002,Mountain,0,1,6524.0,157155.5,25,21,4
1,Fortress,2002,Mountain,0,2,6524.0,198152.6,31,21,10
1,Fortress,2002,Mountain,1,0,7306.9,136657.0,19,21,-2
1,Fortress,2002,Mountain,1,1,7306.9,157155.5,22,21,1
1,Fortress,2002,Mountain,1,2,7306.9,198152.6,28,21,7
1,Fortress,2002,Mountain,2,0,8872.6,136657.0,16,21,-5
1,Fortress,2002,Mountain,2,1,8872.6,157155.5,18,21,-3
1,Fortress,2002,Mountain,2,2,8872.6,198152.6,23,21,2
2,Marksman,1,Fortress,0,0,2329.0,43938.0,19,19,0
2,Marksman,1,Fortress,0,1,2329.0,50528.7,22,19,3
2,Marksman,1,Fortress,0,2,2329.0,63710.1,28,19,9
2,Marksman,1,Fortress,1,0,2608.5,43938.0,17,19,-2
2,Marksman,1,Fortress,1,1,2608.5,50528.7,20,19,1
2,Marksman,1,Fortress,1,2,2608.5,63710.1,25,19,6
2,Marksman,1,Fortress,2,0,3167.4,43938.0,14,19,-5
2,Marksman,1,Fortress,2,1,3167.4,50528.7,16,19,-3
2,Marksman,1,Fortress,2,2,3167.4,63710.1,21,19,2
2,Marksman,2,Marksman,0,0,2329.0,1622.0,1,1,0
2,Marksman,2,Marksman,0,1,2329.0,1865.3,1,1,0
2,Marksman,2,Marksman,0,2,2329.0,2351.9,2,1,1
2,Marksman,2,Marksman,1,0,2608.5,1622.0,1,1,0
2,Marksman,2,Marksman,1,1,2608.5,1865.3,1,1,0
2,Marksman,2,Marksman,1,2,2608.5,2351.9,1,1,0
2,Marksman,2,Marksman,2,0,3167.4,1622.0,1,1,0
2,Marksman,2,Marksman,2,1,3167.4,1865.3,1,1,0
2,Marksman,2,Marksman,2,2,3167.4,2351.9,1,1,0
2,Marksman,3,Vulcan,0,0,2329.0,30279.0,14,14,0
2,Marksman,3,Vulcan,0,1,2329.0,34820.8,15,14,1
2,Marksman,3,Vulcan,0,2,2329.0,43904.5,19,14,5
2,Marksman,3,Vulcan,1,0,2608.5,30279.0,12,14,-2
2,Marksman,3,Vulcan,1,1,2608.5,34820.8,14,14,0
2,Marksman,3,Vulcan,1,2,2608.5,43904.5,17,14,3
2,Marksman,3,Vulcan,2,0,3167.4,30279.0,10,14,-4
2,Marksman,3,Vulcan,2,1,3167.4,34820.8,11,14,-3
2,Marksman,3,Vulcan,2,2,3167.4,43904.5,14,14,0
2,Marksman,4,Melting Point,0,0,2329.0,30907.0,14,14,0
2,Marksman,4,Melting Point,0,1,2329.0,35543.0,16,14,2
2,Marksman,4,Melting Point,0,2,2329.0,44815.2,20,14,6
2,Marksman,4,Melting Point,1,0,2608.5,30907.0,12,14,-2
2,Marksman,4,Melting Point,1,1,2608.5,35543.0,14,14,0
2,Marksman,4,Melting Point,1,2,2608.5,44815.2,18,14,4
2,Marksman,4,Melting Point,2,0,3167.4,30907.0,10,14,-4
2,Marksman,4,Melting Point,2,1,3167.4,35543.0,12,14,-2
2,Marksman,4,Melting Point,2,2,3167.4,44815.2,15,14,1
2,Marksman,5,Rhino,0,0,2329.0,19297.0,9,9,0
2,Marksman,5,Rhino,0,1,2329.0,22191.5,10,9,1
2,Marksman,5,Rhino,0,2,2329.0,27980.6,13,9,4
2,Marksman,5,Rhino,1,0,2608.5,19297.0,8,9,-1
2,Marksman,5,Rhino,1,1,2608.5,22191.5,9,9,0
2,Marksman,5,Rhino,1,2,2608.5,27980.6,11,9,2
2,Marksman,5,Rhino,2,0,3167.4,19297.0,7,9,-2
2,Marksman,5,Rhino,2,1,3167.4,22191.5,8,9,-1
2,Marksman,5,Rhino,2,2,3167.4,27980.6,9,9,0
2,Marksman,6,Wasp,0,0,2329.0,311.0,1,1,0
2,Marksman,6,Wasp,0,1,2329.0,357.6,1,1,0
2,Marksman,6,Wasp,0,2,2329.0,450.9,1,1,0
2,Marksman,6,Wasp,1,0,2608.5,311.0,1,1,0
2,Marksman,6,Wasp,1,1,2608.5,357.6,1,1,0
2,Marksman,6,Wasp,1,2,2608.5,450.9,1,1,0
2,Marksman,6,Wasp,2,0,3167.4,311.0,1,1,0
2,Marksman,6,Wasp,2,1,3167.4,357.6,1,1,0
2,Marksman,6,Wasp,2,2,3167.4,450.9,1,1,0
2,Marksman,7,Mustang,0,0,2329.0,343.0,1,1,0
2,Marksman,7,Mustang,0,1,2329.0,394.4,1,1,0
2,Marksman,7,Mustang,0,2,2329.0,497.3,1,1,0
2,Marksman,7,Mustang,1,0,2608.5,343.0,1,1,0
2,Marksman,7,Mustang,1,1,2608.5,394.4,1,1,0
2,Marksman,7,Mustang,1,2,2608.5,497.3,1,1,0
2,Marksman,7,Mustang,2,0,3167.4,343.0,1,1,0
2,Marksman,7,Mustang,2,1,3167.4,394.4,1,1,0
2,Marksman,7,Mustang,2,2,3167.4,497.3,1,1,0
2,Marksman,8,Steel Ball,0,0,2329.0,4571.0,2,2,0
2,Marksman,8,Steel Ball,0,1,2329.0,5256.6,3,2,1
2,Marksman,8,Steel Ball,0,2,2329.0,6627.9,3,2,1
2,Marksman,8,Steel Ball,1,0,2608.5,4571.0,2,2,0
2,Marksman,8,Steel Ball,1,1,2608.5,5256.6,3,2,1
2,Marksman,8,Steel Ball,1,2,2608.5,6627.9,3,2,1
2,Marksman,8,Steel Ball,2,0,3167.4,4571.0,2,2,0
2,Marksman,8,Steel Ball,2,1,3167.4,5256.6,2,2,0
2,Marksman,8,Steel Ball,2,2,3167.4,6627.9,3,2,1
2,Marksman,9,Fang,0,0,2329.0,117.0,1,1,0
2,Marksman,9,Fang,0,1,2329.0,134.5,1,1,0
2,Marksman,9,Fang,0,2,2329.0,169.7,1,1,0
2,Marksman,9,Fang,1,0,2608.5,117.0,1,1,0
2,Marksman,9,Fang,1,1,2608.5,134.5,1,1,0
2,Marksman,9,Fang,1,2,2608.5,169.7,1,1,0
2,Marksman,9,Fang,2,0,3167.4,117.0,1,1,0
2,Marksman,9,Fang,2,1,3167.4,134.5,1,1,0
2,Marksman,9,Fang,2,2,3167.4,169.7,1,1,0
2,Marksman,10,Crawler,0,0,2329.0,263.0,1,1,0
2,Marksman,10,Crawler,0,1,2329.0,302.4,1,1,0
2,Marksman,10,Crawler,0,2,2329.0,381.3,1,1,0
2,Marksman,10,Crawler,1,0,2608.5,263.0,1,1,0
2,Marksman,10,Crawler,1,1,2608.5,302.4,1,1,0
2,Marksman,10,Crawler,1,2,2608.5,381.3,1,1,0
2,Marksman,10,Crawler,2,0,3167.4,263.0,1,1,0
2,Marksman,10,Crawler,2,1,3167.4,302.4,1,1,0
2,Marksman,10,Crawler,2,2,3167.4,381.3,1,1,0
2,Marksman,11,Overlord,0,0,2329.0,21339.0,10,10,0
2,Marksman,11,Overlord,0,1,2329.0,24539.8,11,10,1
2,Marksman,11,Overlord,0,2,2329.0,30941.5,14,10,4
2,Marksman,11,Overlord,1,0,2608.5,21339.0,9,10,-1
2,Marksman,11,Overlord,1,1,2608.5,24539.8,10,10,0
2,Marksman,11,Overlord,1,2,2608.5,30941.5,12,10,2
2,Marksman,11,Overlord,2,0,3167.4,21339.0,7,10,-3
2,Marksman,11,Overlord,2,1,3167.4,24539.8,8,10,-2
2,Marksman,11,Overlord,2,2,3167.4,30941.5,10,10,0
2,Marksman,12,Stormcaller,0,0,2329.0,1149.0,1,1,0
2,Marksman,12,Stormcaller,0,1,2329.0,1321.3,1,1,0
2,Marksman,12,Stormcaller,0,2,2329.0,1666.0,1,1,0
2,Marksman,12,Stormcaller,1,0,2608.5,1149.0,1,1,0
2,Marksman,12,Stormcaller,1,1,2608.5,1321.3,1,1,0
2,Marksman,12,Stormcaller,1,2,2608.5,1666.0,1,1,0
2,Marksman,12,Stormcaller,2,0,3167.4,1149.0,1,1,0
2,Marksman,12,Stormcaller,2,1,3167.4,1321.3,1,1,0
2,Marksman,12,Stormcaller,2,2,3167.4,1666.0,1,1,0
2,Marksman,13,Sledgehammer,0,0,2329.0,3478.0,2,2,0
2,Marksman,13,Sledgehammer,0,1,2329.0,3999.7,2,2,0
2,Marksman,13,Sledgehammer,0,2,2329.0,5043.1,3,2,1
2,Marksman,13,Sledgehammer,1,0,2608.5,3478.0,2,2,0
2,Marksman,13,Sledgehammer,1,1,2608.5,3999.7,2,2,0
2,Marksman,13,Sledgehammer,1,2,2608.5,5043.1,2,2,0
2,Marksman,13,Sledgehammer,2,0,3167.4,3478.0,2,2,0
2,Marksman,13,Sledgehammer,2,1,3167.4,3999.7,2,2,0
2,Marksman,13,Sledgehammer,2,2,3167.4,5043.1,2,2,0
2,Marksman,14,Hacker,0,0,2329.0,3249.0,2,2,0
2,Marksman,14,Hacker,0,1,2329.0,3736.3,2,2,0
2,Marksman,14,Hacker,0,2,2329.0,4711.1,3,2,1
2,Marksman,14,Hacker,1,0,2608.5,3249.0,2,2,0
2,Marksman,14,Hacker,1,1,2608.5,3736.3,2,2,0
2,Marksman,14,Hacker,1,2,2608.5,4711.1,2,2,0
2,Marksman,14,Hacker,2,0,3167.4,3249.0,2,2,0
2,Marksman,14,Hacker,2,1,3167.4,3736.3,2,2,0
2,Marksman,14,Hacker,2,2,3167.4,4711.1,2,2,0
2,Marksman,15,Arclight,0,0,2329.0,4813.0,3,3,0
2,Marksman,15,Arclight,0,1,2329.0,5534.9,3,3,0
2,Marksman,15,Arclight,0,2,2329.0,6978.8,3,3,0
2,Marksman,15,Arclight,1,0,2608.5,4813.0,2,3,-1
2,Marksman,15,Arclight,1,1,2608.5,5534.9,3,3,0
2,Marksman,15,Arclight,1,2,2608.5,6978.8,3,3,0
2,Marksman,15,Arclight,2,0,3167.4,4813.0,2,3,-1
2,Marksman,15,Arclight,2,1,3167.4,5534.9,2,3,-1
2,Marksman,15,Arclight,2,2,3167.4,6978.8,3,3,0
2,Marksman,16,Phoenix,0,0,2329.0,1491.0,1,1,0
2,Marksman,16,Phoenix,0,1,2329.0,1714.6,1,1,0
2,Marksman,16,Phoenix,0,2,2329.0,2161.9,1,1,0
2,Marksman,16,Phoenix,1,0,2608.5,1491.0,1,1,0
2,Marksman,16,Phoenix,1,1,2608.5,1714.6,1,1,0
2,Marksman,16,Phoenix,1,2,2608.5,2161.9,1,1,0
2,Marksman,16,Phoenix,2,0,3167.4,1491.0,1,1,0
2,Marksman,16,Phoenix,2,1,3167.4,1714.6,1,1,0
2,Marksman,16,Phoenix,2,2,3167.4,2161.9,1,1,0
2,Marksman,17,War Factory,0,0,2329.0,113593.0,49,49,0
2,Marksman,17,War Factory,0,1,2329.0,130631.9,57,49,8
2,Marksman,17,War Factory,0,2,2329.0,164709.9,71,49,22
2,Marksman,17,War Factory,1,0,2608.5,113593.0,44,49,-5
2,Marksman,17,War Factory,1,1,2608.5,130631.9,51,49,2
2,Marksman,17,War Factory,1,2,2608.5,164709.9,64,49,15
2,Marksman,17,War Factory,2,0,3167.4,113593.0,36,49,-13
2,Marksman,17,War Factory,2,1,3167.4,130631.9,42,49,-7
2,Marksman,17,War Factory,2,2,3167.4,164709.9,53,49,4
2,Marksman,18,Wraith,0,0,2329.0,14115.0,7,7,0
2,Marksman,18,Wraith,0,1,2329.0,16232.2,7,7,0
2,Marksman,18,Wraith,0,2,2329.0,20466.8,9,7,2
2,Marksman,18,Wraith,1,0,2608.5,14115.0,6,7,-1
2,Marksman,18,Wraith,1,1,2608.5,16232.2,7,7,0
2,Marksman,18,Wraith,1,2,2608.5,20466.8,8,7,1
2,Marksman,18,Wraith,2,0,3167.4,14115.0,5,7,-2
2,Marksman,18,Wraith,2,1,3167.4,16232.2,6,7,-1
2,Marksman,18,Wraith,2,2,3167.4,20466.8,7,7,0
2,Marksman,19,Scorpion,0,0,2329.0,18632.0,8,8,0
2,Marksman,19,Scorpion,0,1,2329.0,21426.8,10,8,2
2,Marksman,19,Scorpion,0,2,2329.0,27016.4,12,8,4
2,Marksman,19,Scorpion,1,0,2608.5,18632.0,8,8,0
2,Marksman,19,Scorpion,1,1,2608.5,21426.8,9,8,1
2,Marksman,19,Scorpion,1,2,2608.5,27016.4,11,8,3
2,Marksman,19,Scorpion,2,0,3167.4,18632.0,6,8,-2
2,Marksman,19,Scorpion,2,1,3167.4,21426.8,7,8,-1
2,Marksman,19,Scorpion,2,2,3167.4,27016.4,9,8,1
2,Marksman,20,Fire Badger,0,0,2329.0,4222.0,2,2,0
2,Marksman,20,Fire Badger,0,1,2329.0,4855.3,3,2,1
2,Marksman,20,Fire Badger,0,2,2329.0,6121.9,3,2,1
2,Marksman,20,Fire Badger,1,0,2608.5,4222.0,2,2,0
2,Marksman,20,Fire Badger,1,1,2608.5,4855.3,2,2,0
2,Marksman,20,Fire Badger,1,2,2608.5,6121.9,3,2,1
2,Marksman,20,Fire Badger,2,0,3167.4,4222.0,2,2,0
2,Marksman,20,Fire Badger,2,1,3167.4,4855.3,2,2,0
2,Marksman,20,Fire Badger,2,2,3167.4,6121.9,2,2,0
2,Marksman,21,Sabertooth,0,0,2329.0,14886.0,7,7,0
2,Marksman,21,Sabertooth,0,1,2329.0,17118.9,8,7,1
2,Marksman,21,Sabertooth,0,2,2329.0,21584.7,10,7,3
2,Marksman,21,Sabertooth,1,0,2608.5,14886.0,6,7,-1
2,Marksman,21,Sabertooth,1,1,2608.5,17118.9,7,7,0
2,Marksman,21,Sabertooth,1,2,2608.5,21584.7,9,7,2
2,Marksman,21,Sabertooth,2,0,3167.4,14886.0,5,7,-2
2,Marksman,21,Sabertooth,2,1,3167.4,17118.9,6,7,-1
2,Marksman,21,Sabertooth,2,2,3167.4,21584.7,7,7,0
2,Marksman,22,Typhoon,0,0,2329.0,9529.0,5,5,0
2,Marksman,22,Typhoon,0,1,2329.0,10958.3,5,5,0
2,Marksman,22,Typhoon,0,2,2329.0,13817.0,6,5,1
2,Marksman,22,Typhoon,1,0,2608.5,9529.0,4,5,-1
2,Marksman,22,Typhoon,1,1,2608.5,10958.3,5,5,0
2,Marksman,22,Typhoon,1,2,2608.5,13817.0,6,5,1
2,Marksman,22,Typhoon,2,0,3167.4,9529.0,4,5,-1
2,Marksman,22,Typhoon,2,1,3167.4,10958.3,4,5,-1
2,Marksman,22,Typhoon,2,2,3167.4,13817.0,5,5,0
2,Marksman,23,Sandworm,0,0,2329.0,48645.0,21,21,0
2,Marksman,23,Sandworm,0,1,2329.0,55941.7,25,21,4
2,Marksman,23,Sandworm,0,2,2329.0,70535.2,31,21,10
2,Marksman,23,Sandworm,1,0,2608.5,48645.0,19,21,-2
2,Marksman,23,Sandworm,1,1,2608.5,55941.7,22,21,1
2,Marksman,23,Sandworm,1,2,2608.5,70535.2,28,21,7
2,Marksman,23,Sandworm,2,0,3167.4,48645.0,16,21,-5
2,Marksman,23,Sandworm,2,1,3167.4,55941.7,18,21,-3
2,Marksman,23,Sandworm,2,2,3167.4,70535.2,23,21,2
2,Marksman,24,Tarantula,0,0,2329.0,14773.0,7,7,0
2,Marksman,24,Tarantula,0,1,2329.0,16988.9,8,7,1
2,Marksman,24,Tarantula,0,2,2329.0,21420.8,10,7,3
2,Marksman,24,Tarantula,1,0,2608.5,14773.0,6,7,-1
2,Marksman,24,Tarantula,1,1,2608.5,16988.9,7,7,0
2,Marksman,24,Tarantula,1,2,2608.5,21420.8,9,7,2
2,Marksman,24,Tarantula,2,0,3167.4,14773.0,5,7,-2
2,Marksman,24,Tarantula,2,1,3167.4,16988.9,6,7,-1
2,Marksman,24,Tarantula,2,2,3167.4,21420.8,7,7,0
2,Marksman,25,Phantom Ray,0,0,2329.0,3412.0,2,2,0
2,Marksman,25,Phantom Ray,0,1,2329.0,3923.8,2,2,0
2,Marksman,25,Phantom Ray,0,2,2329.0,4947.4,3,2,1
2,Marksman,25,Phantom Ray,1,0,2608.5,3412.0,2,2,0
2,Marksman,25,Phantom Ray,1,1,2608.5,3923.8,2,2,0
2,Marksman,25,Phantom Ray,1,2,2608.5,4947.4,2,2,0
2,Marksman,25,Phantom Ray,2,0,3167.4,3412.0,2,2,0
2,Marksman,25,Phantom Ray,2,1,3167.4,3923.8,2,2,0
2,Marksman,25,Phantom Ray,2,2,3167.4,4947.4,2,2,0
2,Marksman,26,Farseer,0,0,2329.0,11991.0,6,6,0
2,Marksman,26,Farseer,0,1,2329.0,13789.6,6,6,0
2,Marksman,26,Farseer,0,2,2329.0,17387.0,8,6,2
2,Marksman,26,Farseer,1,0,2608.5,11991.0,5,6,-1
2,Marksman,26,Farseer,1,1,2608.5,13789.6,6,6,0
2,Marksman,26,Farseer,1,2,2608.5,17387.0,7,6,1
2,Marksman,26,Farseer,2,0,3167.4,11991.0,4,6,-2
2,Marksman,26,Farseer,2,1,3167.4,13789.6,5,6,-1
2,Marksman,26,Farseer,2,2,3167.4,17387.0,6,6,0
2,Marksman,27,Raiden,0,0,2329.0,16065.0,7,7,0
2,Marksman,27,Raiden,0,1,2329.0,18474.8,8,7,1
2,Marksman,27,Raiden,0,2,2329.0,23294.2,11,7,4
2,Marksman,27,Raiden,1,0,2608.5,16065.0,7,7,0
2,Marksman,27,Raiden,1,1,2608.5,18474.8,8,7,1
2,Marksman,27,Raiden,1,2,2608.5,23294.2,9,7,2
2,Marksman,27,Raiden,2,0,3167.4,16065.0,6,7,-1
2,Marksman,27,Raiden,2,1,3167.4,18474.8,6,7,-1
2,Marksman,27,Raiden,2,2,3167.4,23294.2,8,7,1
2,Marksman,28,Hound,0,0,2329.0,879.0,1,1,0
2,Marksman,28,Hound,0,1,2329.0,1010.8,1,1,0
2,Marksman,28,Hound,0,2,2329.0,1274.5,1,1,0
2,Marksman,28,Hound,1,0,2608.5,879.0,1,1,0
2,Marksman,28,Hound,1,1,2608.5,1010.8,1,1,0
2,Marksman,28,Hound,1,2,2608.5,1274.5,1,1,0
2,Marksman,28,Hound,2,0,3167.4,879.0,1,1,0
2,Marksman,28,Hound,2,1,3167.4,1010.8,1,1,0
2,Marksman,28,Hound,2,2,3167.4,1274.5,1,1,0
2,Marksman,29,Abyss,0,0,2329.0,66955.0,29,29,0
2,Marksman,29,Abyss,0,1,2329.0,76998.2,34,29,5
2,Marksman,29,Abyss,0,2,2329.0,97084.8,42,29,13
2,Marksman,29,Abyss,1,0,2608.5,66955.0,26,29,-3
2,Marksman,29,Abyss,1,1,2608.5,76998.2,30,29,1
2,Marksman,29,Abyss,1,2,2608.5,97084.8,38,29,9
2,Marksman,29,Abyss,2,0,3167.4,66955.0,22,29,-7
2,Marksman,29,Abyss,2,1,3167.4,76998.2,25,29,-4
2,Marksman,29,Abyss,2,2,3167.4,97084.8,31,29,2
2,Marksman,30,Void Eye,0,0,2329.0,1522.0,1,1,0
2,Marksman,30,Void Eye,0,1,2329.0,1750.3,1,1,0
2,Marksman,30,Void Eye,0,2,2329.0,2206.9,1,1,0
2,Marksman,30,Void Eye,1,0,2608.5,1522.0,1,1,0
2,Marksman,30,Void Eye,1,1,2608.5,1750.3,1,1,0
2,Marksman,30,Void Eye,1,2,2608.5,2206.9,1,1,0
2,Marksman,30,Void Eye,2,0,3167.4,1522.0,1,1,0
2,Marksman,30,Void Eye,2,1,3167.4,1750.3,1,1,0
2,Marksman,30,Void Eye,2,2,3167.4,2206.9,1,1,0
2,Marksman,31,Vortex,0,0,2329.0,7425.0,4,4,0
2,Marksman,31,Vortex,0,1,2329.0,8538.8,4,4,0
2,Marksman,31,Vortex,0,2,2329.0,10766.2,5,4,1
2,Marksman,31,Vortex,1,0,2608.5,7425.0,3,4,-1
2,Marksman,31,Vortex,1,1,2608.5,8538.8,4,4,0
2,Marksman,31,Vortex,1,2,2608.5,10766.2,5,4,1
2,Marksman,31,Vortex,2,0,3167.4,7425.0,3,4,-1
2,Marksman,31,Vortex,2,1,3167.4,8538.8,3,4,-1
2,Marksman,31,Vortex,2,2,3167.4,10766.2,4,4,0
2,Marksman,2002,Mountain,0,0,2329.0,136657.0,59,59,0
2,Marksman,2002,Mountain,0,1,2329.0,157155.5,68,59,9
2,Marksman,2002,Mountain,0,2,2329.0,198152.6,86,59,27
2,Marksman,2002,Mountain,1,0,2608.5,136657.0,53,59,-6
2,Marksman,2002,Mountain,1,1,2608.5,157155.5,61,59,2
2,Marksman,2002,Mountain,1,2,2608.5,198152.6,76,59,17
2,Marksman,2002,Mountain,2,0,3167.4,136657.0,44,59,-15
2,Marksman,2002,Mountain,2,1,3167.4,157155.5,50,59,-9
2,Marksman,2002,Mountain,2,2,3167.4,198152.6,63,59,4
3,Vulcan,1,Fortress,0,0,75.0,43938.0,586,586,0
3,Vulcan,1,Fortress,0,1,75.0,50528.7,674,586,88
3,Vulcan,1,Fortress,0,2,75.0,63710.1,850,586,264
3,Vulcan,1,Fortress,1,0,84.0,43938.0,524,586,-62
3,Vulcan,1,Fortress,1,1,84.0,50528.7,602,586,16
3,Vulcan,1,Fortress,1,2,84.0,63710.1,759,586,173
3,Vulcan,1,Fortress,2,0,102.0,43938.0,431,586,-155
3,Vulcan,1,Fortress,2,1,102.0,50528.7,496,586,-90
3,Vulcan,1,Fortress,2,2,102.0,63710.1,625,586,39
3,Vulcan,2,Marksman,0,0,75.0,1622.0,22,22,0
3,Vulcan,2,Marksman,0,1,75.0,1865.3,25,22,3
3,Vulcan,2,Marksman,0,2,75.0,2351.9,32,22,10
3,Vulcan,2,Marksman,1,0,84.0,1622.0,20,22,-2
3,Vulcan,2,Marksman,1,1,84.0,1865.3,23,22,1
3,Vulcan,2,Marksman,1,2,84.0,2351.9,28,22,6
3,Vulcan,2,Marksman,2,0,102.0,1622.0,16,22,-6
3,Vulcan,2,Marksman,2,1,102.0,1865.3,19,22,-3
3,Vulcan,2,Marksman,2,2,102.0,2351.9,24,22,2
3,Vulcan,3,Vulcan,0,0,75.0,30279.0,404,404,0
3,Vulcan,3,Vulcan,0,1,75.0,34820.8,465,404,61
3,Vulcan,3,Vulcan,0,2,75.0,43904.5,586,404,182
3,Vulcan,3,Vulcan,1,0,84.0,30279.0,361,404,-43
3,Vulcan,3,Vulcan,1,1,84.0,34820.8,415,404,11
3,Vulcan,3,Vulcan,1,2,84.0,43904.5,523,404,119
3,Vulcan,3,Vulcan,2,0,102.0,30279.0,297,404,-107
3,Vulcan,3,Vulcan,2,1,102.0,34820.8,342,404,-62
3,Vulcan,3,Vulcan,2,2,102.0,43904.5,431,404,27
3,Vulcan,4,Melting Point,0,0,75.0,30907.0,413,413,0
3,Vulcan,4,Melting Point,0,1,75.0,35543.0,474,413,61
3,Vulcan,4,Melting Point,0,2,75.0,44815.2,598,413,185
3,Vulcan,4,Melting Point,1,0,84.0,30907.0,368,413,-45
3,Vulcan,4,Melting Point,1,1,84.0,35543.0,424,413,11
3,Vulcan,4,Melting Point,1,2,84.0,44815.2,534,413,121
3,Vulcan,4,Melting Point,2,0,102.0,30907.0,304,413,-109
3,Vulcan,4,Melting Point,2,1,102.0,35543.0,349,413,-64
3,Vulcan,4,Melting Point,2,2,102.0,44815.2,440,413,27
3,Vulcan,5,Rhino,0,0,75.0,19297.0,258,258,0
3,Vulcan,5,Rhino,0,1,75.0,22191.5,296,258,38
3,Vulcan,5,Rhino,0,2,75.0,27980.6,374,258,116
3,Vulcan,5,Rhino,1,0,84.0,19297.0,230,258,-28
3,Vulcan,5,Rhino,1,1,84.0,22191.5,265,258,7
3,Vulcan,5,Rhino,1,2,84.0,27980.6,334,258,76
3,Vulcan,5,Rhino,2,0,102.0,19297.0,190,258,-68
3,Vulcan,5,Rhino,2,1,102.0,22191.5,218,258,-40
3,Vulcan,5,Rhino,2,2,102.0,27980.6,275,258,17
3,Vulcan,7,Mustang,0,0,75.0,343.0,5,5,0
3,Vulcan,7,Mustang,0,1,75.0,394.4,6,5,1
3,Vulcan,7,Mustang,0,2,75.0,497.3,7,5,2
3,Vulcan,7,Mustang,1,0,84.0,343.0,5,5,0
3,Vulcan,7,Mustang,1,1,84.0,394.4,5,5,0
3,Vulcan,7,Mustang,1,2,84.0,497.3,6,5,1
3,Vulcan,7,Mustang,2,0,102.0,343.0,4,5,-1
3,Vulcan,7,Mustang,2,1,102.0,394.4,4,5,-1
3,Vulcan,7,Mustang,2,2,102.0,497.3,5,5,0
3,Vulcan,8,Steel Ball,0,0,75.0,4571.0,61,61,0
3,Vulcan,8,Steel Ball,0,1,75.0,5256.6,71,61,10
3,Vulcan,8,Steel Ball,0,2,75.0,6627.9,89,61,28
3,Vulcan,8,Steel Ball,1,0,84.0,4571.0,55,61,-6
3,Vulcan,8,Steel Ball,1,1,84.0,5256.6,63,61,2
3,Vulcan,8,Steel Ball,1,2,84.0,6627.9,79,61,18
3,Vulcan,8,Steel Ball,2,0,102.0,4571.0,45,61,-16
3,Vulcan,8,Steel Ball,2,1,102.0,5256.6,52,61,-9
3,Vulcan,8,Steel Ball,2,2,102.0,6627.9,65,61,4
3,Vulcan,9,Fang,0,0,75.0,117.0,2,2,0
3,Vulcan,9,Fang,0,1,75.0,134.5,2,2,0
3,Vulcan,9,Fang,0,2,75.0,169.7,3,2,1
3,Vulcan,9,Fang,1,0,84.0,117.0,2,2,0
3,Vulcan,9,Fang,1,1,84.0,134.5,2,2,0
3,Vulcan,9,Fang,1,2,84.0,169.7,3,2,1
3,Vulcan,9,Fang,2,0,102.0,117.0,2,2,0
3,Vulcan,9,Fang,2,1,102.0,134.5,2,2,0
3,Vulcan,9,Fang,2,2,102.0,169.7,2,2,0
3,Vulcan,10,Crawler,0,0,75.0,263.0,4,4,0
3,Vulcan,10,Crawler,0,1,75.0,302.4,5,4,1
3,Vulcan,10,Crawler,0,2,75.0,381.3,6,4,2
3,Vulcan,10,Crawler,1,0,84.0,263.0,4,4,0
3,Vulcan,10,Crawler,1,1,84.0,302.4,4,4,0
3,Vulcan,10,Crawler,1,2,84.0,381.3,5,4,1
3,Vulcan,10,Crawler,2,0,102.0,263.0,3,4,-1
3,Vulcan,10,Crawler,2,1,102.0,302.4,3,4,-1
3,Vulcan,10,Crawler,2,2,102.0,381.3,4,4,0
3,Vulcan,12,Stormcaller,0,0,75.0,1149.0,16,16,0
3,Vulcan,12,Stormcaller,0,1,75.0,1321.3,18,16,2
3,Vulcan,12,Stormcaller,0,2,75.0,1666.0,23,16,7
3,Vulcan,12,Stormcaller,1,0,84.0,1149.0,14,16,-2
3,Vulcan,12,Stormcaller,1,1,84.0,1321.3,16,16,0
3,Vulcan,12,Stormcaller,1,2,84.0,1666.0,20,16,4
3,Vulcan,12,Stormcaller,2,0,102.0,1149.0,12,16,-4
3,Vulcan,12,Stormcaller,2,1,102.0,1321.3,13,16,-3
3,Vulcan,12,Stormcaller,2,2,102.0,1666.0,17,16,1
3,Vulcan,13,Sledgehammer,0,0,75.0,3478.0,47,47,0
3,Vulcan,13,Sledgehammer,0,1,75.0,3999.7,54,47,7
3,Vulcan,13,Sledgehammer,0,2,75.0,5043.1,68,47,21
3,Vulcan,13,Sledgehammer,1,0,84.0,3478.0,42,47,-5
3,Vulcan,13,Sledgehammer,1,1,84.0,3999.7,48,47,1
3,Vulcan,13,Sledgehammer,1,2,84.0,5043.1,61,47,14
3,Vulcan,13,Sledgehammer,2,0,102.0,3478.0,35,47,-12
3,Vulcan,13,Sledgehammer,2,1,102.0,3999.7,40,47,-7
3,Vulcan,13,Sledgehammer,2,2,102.0,5043.1,50,47,3
3,Vulcan,14,Hacker,0,0,75.0,3249.0,44,44,0
3,Vulcan,14,Hacker,0,1,75.0,3736.3,50,44,6
3,Vulcan,14,Hacker,0,2,75.0,4711.1,63,44,19
3,Vulcan,14,Hacker,1,0,84.0,3249.0,39,44,-5
3,Vulcan,14,Hacker,1,1,84.0,3736.3,45,44,1
3,Vulcan,14,Hacker,1,2,84.0,4711.1,57,44,13
3,Vulcan,14,Hacker,2,0,102.0,3249.0,32,44,-12
3,Vulcan,14,Hacker,2,1,102.0,3736.3,37,44,-7
3,Vulcan,14,Hacker,2,2,102.0,4711.1,47,44,3
3,Vulcan,15,Arclight,0,0,75.0,4813.0,65,65,0
3,Vulcan,15,Arclight,0,1,75.0,5534.9,74,65,9
3,Vulcan,15,Arclight,0,2,75.0,6978.8,94,65,29
3,Vulcan,15,Arclight,1,0,84.0,4813.0,58,65,-7
3,Vulcan,15,Arclight,1,1,84.0,5534.9,66,65,1
3,Vulcan,15,Arclight,1,2,84.0,6978.8,84,65,19
3,Vulcan,15,Arclight,2,0,102.0,4813.0,48,65,-17
3,Vulcan,15,Arclight,2,1,102.0,5534.9,55,65,-10
3,Vulcan,15,Arclight,2,2,102.0,6978.8,69,65,4
3,Vulcan,17,War Factory,0,0,75.0,113593.0,1515,1515,0
3,Vulcan,17,War Factory,0,1,75.0,130631.9,1742,1515,227
3,Vulcan,17,War Factory,0,2,75.0,164709.9,2197,1515,682
3,Vulcan,17,War Factory,1,0,84.0,113593.0,1353,1515,-162
3,Vulcan,17,War Factory,1,1,84.0,130631.9,1556,1515,41
3,Vulcan,17,War Factory,1,2,84.0,164709.9,1961,1515,446
3,Vulcan,17,War Factory,2,0,102.0,113593.0,1114,1515,-401
3,Vulcan,17,War Factory,2,1,102.0,130631.9,1281,1515,-234
3,Vulcan,17,War Factory,2,2,102.0,164709.9,1615,1515,100
3,Vulcan,19,Scorpion,0,0,75.0,18632.0,249,249,0
3,Vulcan,19,Scorpion,0,1,75.0,21426.8,286,249,37
3,Vulcan,19,Scorpion,0,2,75.0,27016.4,361,249,112
3,Vulcan,19,Scorpion,1,0,84.0,18632.0,222,249,-27
3,Vulcan,19,Scorpion,1,1,84.0,21426.8,256,249,7
3,Vulcan,19,Scorpion,1,2,84.0,27016.4,322,249,73
3,Vulcan,19,Scorpion,2,0,102.0,18632.0,183,249,-66
3,Vulcan,19,Scorpion,2,1,102.0,21426.8,211,249,-38
3,Vulcan,19,Scorpion,2,2,102.0,27016.4,265,249,16
3,Vulcan,20,Fire Badger,0,0,75.0,4222.0,57,57,0
3,Vulcan,20,Fire Badger,0,1,75.0,4855.3,65,57,8
3,Vulcan,20,Fire Badger,0,2,75.0,6121.9,82,57,25
3,Vulcan,20,Fire Badger,1,0,84.0,4222.0,51,57,-6
3,Vulcan,20,Fire Badger,1,1,84.0,4855.3,58,57,1
3,Vulcan,20,Fire Badger,1,2,84.0,6121.9,73,57,16
3,Vulcan,20,Fire Badger,2,0,102.0,4222.0,42,57,-15
3,Vulcan,20,Fire Badger,2,1,102.0,4855.3,48,57,-9
3,Vulcan,20,Fire Badger,2,2,102.0,6121.9,61,57,4
3,Vulcan,21,Sabertooth,0,0,75.0,14886.0,199,199,0
3,Vulcan,21,Sabertooth,0,1,75.0,17118.9,229,199,30
3,Vulcan,21,Sabertooth,0,2,75.0,21584.7,288,199,89
3,Vulcan,21,Sabertooth,1,0,84.0,14886.0,178,199,-21
3,Vulcan,21,Sabertooth,1,1,84.0,17118.9,204,199,5
3,Vulcan,21,Sabertooth,1,2,84.0,21584.7,257,199,58
3,Vulcan,21,Sabertooth,2,0,102.0,14886.0,146,199,-53
3,Vulcan,21,Sabertooth,2,1,102.0,17118.9,168,199,-31
3,Vulcan,21,Sabertooth,2,2,102.0,21584.7,212,199,13
3,Vulcan,22,Typhoon,0,0,75.0,9529.0,128,128,0
3,Vulcan,22,Typhoon,0,1,75.0,10958.3,147,128,19
3,Vulcan,22,Typhoon,0,2,75.0,13817.0,185,128,57
3,Vulcan,22,Typhoon,1,0,84.0,9529.0,114,128,-14
3,Vulcan,22,Typhoon,1,1,84.0,10958.3,131,128,3
3,Vulcan,22,Typhoon,1,2,84.0,13817.0,165,128,37
3,Vulcan,22,Typhoon,2,0,102.0,9529.0,94,128,-34
3,Vulcan,22,Typhoon,2,1,102.0,10958.3,108,128,-20
3,Vulcan,22,Typhoon,2,2,102.0,13817.0,136,128,8
3,Vulcan,23,Sandworm,0,0,75.0,48645.0,649,649,0
3,Vulcan,23,Sandworm,0,1,75.0,55941.7,746,649,97
3,Vulcan,23,Sandworm,0,2,75.0,70535.2,941,649,292
3,Vulcan,23,Sandworm,1,0,84.0,48645.0,580,649,-69
3,Vulcan,23,Sandworm,1,1,84.0,55941.7,666,649,17
3,Vulcan,23,Sandworm,1,2,84.0,70535.2,840,649,191
3,Vulcan,23,Sandworm,2,0,102.0,48645.0,477,649,-172
3,Vulcan,23,Sandworm,2,1,102.0,55941.7,549,649,-100
3,Vulcan,23,Sandworm,2,2,102.0,70535.2,692,649,43
3,Vulcan,24,Tarantula,0,0,75.0,14773.0,197,197,0
3,Vulcan,24,Tarantula,0,1,75.0,16988.9,227,197,30
3,Vulcan,24,Tarantula,0,2,75.0,21420.8,286,197,89
3,Vulcan,24,Tarantula,1,0,84.0,14773.0,176,197,-21
3,Vulcan,24,Tarantula,1,1,84.0,16988.9,203,197,6
3,Vulcan,24,Tarantula,1,2,84.0,21420.8,256,197,59
3,Vulcan,24,Tarantula,2,0,102.0,14773.0,145,197,-52
3,Vulcan,24,Tarantula,2,1,102.0,16988.9,167,197,-30
3,Vulcan,24,Tarantula,2,2,102.0,21420.8,211,197,14
3,Vulcan,26,Farseer,0,0,75.0,11991.0,160,160,0
3,Vulcan,26,Farseer,0,1,75.0,13789.6,184,160,24
3,Vulcan,26,Farseer,0,2,75.0,17387.0,232,160,72
3,Vulcan,26,Farseer,1,0,84.0,11991.0,143,160,-17
3,Vulcan,26,Farseer,1,1,84.0,13789.6,165,160,5
3,Vulcan,26,Farseer,1,2,84.0,17387.0,207,160,47
3,Vulcan,26,Farseer,2,0,102.0,11991.0,118,160,-42
3,Vulcan,26,Farseer,2,1,102.0,13789.6,136,160,-24
3,Vulcan,26,Farseer,2,2,102.0,17387.0,171,160,11
3,Vulcan,28,Hound,0,0,75.0,879.0,12,12,0
3,Vulcan,28,Hound,0,1,75.0,1010.8,14,12,2
3,Vulcan,28,Hound,0,2,75.0,1274.5,17,12,5
3,Vulcan,28,Hound,1,0,84.0,879.0,11,12,-1
3,Vulcan,28,Hound,1,1,84.0,1010.8,13,12,1
3,Vulcan,28,Hound,1,2,84.0,1274.5,16,12,4
3,Vulcan,28,Hound,2,0,102.0,879.0,9,12,-3
3,Vulcan,28,Hound,2,1,102.0,1010.8,10,12,-2
3,Vulcan,28,Hound,2,2,102.0,1274.5,13,12,1
3,Vulcan,30,Void Eye,0,0,75.0,1522.0,21,21,0
3,Vulcan,30,Void Eye,0,1,75.0,1750.3,24,21,3
3,Vulcan,30,Void Eye,0,2,75.0,2206.9,30,21,9
3,Vulcan,30,Void Eye,1,0,84.0,1522.0,19,21,-2
3,Vulcan,30,Void Eye,1,1,84.0,1750.3,21,21,0
3,Vulcan,30,Void Eye,1,2,84.0,2206.9,27,21,6
3,Vulcan,30,Void Eye,2,0,102.0,1522.0,15,21,-6
3,Vulcan,30,Void Eye,2,1,102.0,1750.3,18,21,-3
3,Vulcan,30,Void Eye,2,2,102.0,2206.9,22,21,1
3,Vulcan,31,Vortex,0,0,75.0,7425.0,99,99,0
3,Vulcan,31,Vortex,0,1,75.0,8538.8,114,99,15
3,Vulcan,31,Vortex,0,2,75.0,10766.2,144,99,45
3,Vulcan,31,Vortex,1,0,84.0,7425.0,89,99,-10
3,Vulcan,31,Vortex,1,1,84.0,8538.8,102,99,3
3,Vulcan,31,Vortex,1,2,84.0,10766.2,129,99,30
3,Vulcan,31,Vortex,2,0,102.0,7425.0,73,99,-26
3,Vulcan,31,Vortex,2,1,102.0,8538.8,84,99,-15
3,Vulcan,31,Vortex,2,2,102.0,10766.2,106,99,7
3,Vulcan,2002,Mountain,0,0,75.0,136657.0,1823,1823,0
3,Vulcan,2002,Mountain,0,1,75.0,157155.5,2096,1823,273
3,Vulcan,2002,Mountain,0,2,75.0,198152.6,2643,1823,820
3,Vulcan,2002,Mountain,1,0,84.0,136657.0,1627,1823,-196
3,Vulcan,2002,Mountain,1,1,84.0,157155.5,1871,1823,48
3,Vulcan,2002,Mountain,1,2,84.0,198152.6,2359,1823,536
3,Vulcan,2002,Mountain,2,0,102.0,136657.0,1340,1823,-483
3,Vulcan,2002,Mountain,2,1,102.0,157155.5,1541,1823,-282
3,Vulcan,2002,Mountain,2,2,102.0,198152.6,1943,1823,120
4,Melting Point,1,Fortress,0,0,168.0,43938.0,262,262,0
4,Melting Point,1,Fortress,0,1,168.0,50528.7,301,262,39
4,Melting Point,1,Fortress,0,2,168.0,63710.1,380,262,118
4,Melting Point,1,Fortress,1,0,188.2,43938.0,234,262,-28
4,Melting Point,1,Fortress,1,1,188.2,50528.7,269,262,7
4,Melting Point,1,Fortress,1,2,188.2,63710.1,339,262,77
4,Melting Point,1,Fortress,2,0,228.5,43938.0,193,262,-69
4,Melting Point,1,Fortress,2,1,228.5,50528.7,222,262,-40
4,Melting Point,1,Fortress,2,2,228.5,63710.1,279,262,17
4,Melting Point,2,Marksman,0,0,168.0,1622.0,10,10,0
4,Melting Point,2,Marksman,0,1,168.0,1865.3,12,10,2
4,Melting Point,2,Marksman,0,2,168.0,2351.9,14,10,4
4,Melting Point,2,Marksman,1,0,188.2,1622.0,9,10,-1
4,Melting Point,2,Marksman,1,1,188.2,1865.3,10,10,0
4,Melting Point,2,Marksman,1,2,188.2,2351.9,13,10,3
4,Melting Point,2,Marksman,2,0,228.5,1622.0,8,10,-2
4,Melting Point,2,Marksman,2,1,228.5,1865.3,9,10,-1
4,Melting Point,2,Marksman,2,2,228.5,2351.9,11,10,1
4,Melting Point,3,Vulcan,0,0,168.0,30279.0,181,181,0
4,Melting Point,3,Vulcan,0,1,168.0,34820.8,208,181,27
4,Melting Point,3,Vulcan,0,2,168.0,43904.5,262,181,81
4,Melting Point,3,Vulcan,1,0,188.2,30279.0,161,181,-20
4,Melting Point,3,Vulcan,1,1,188.2,34820.8,186,181,5
4,Melting Point,3,Vulcan,1,2,188.2,43904.5,234,181,53
4,Melting Point,3,Vulcan,2,0,228.5,30279.0,133,181,-48
4,Melting Point,3,Vulcan,2,1,228.5,34820.8,153,181,-28
4,Melting Point,3,Vulcan,2,2,228.5,43904.5,193,181,12
4,Melting Point,4,Melting Point,0,0,168.0,30907.0,184,184,0
4,Melting Point,4,Melting Point,0,1,168.0,35543.0,212,184,28
4,Melting Point,4,Melting Point,0,2,168.0,44815.2,267,184,83
4,Melting Point,4,Melting Point,1,0,188.2,30907.0,165,184,-19
4,Melting Point,4,Melting Point,1,1,188.2,35543.0,189,184,5
4,Melting Point,4,Melting Point,1,2,188.2,44815.2,239,184,55
4,Melting Point,4,Melting Point,2,0,228.5,30907.0,136,184,-48
4,Melting Point,4,Melting Point,2,1,228.5,35543.0,156,184,-28
4,Melting Point,4,Melting Point,2,2,228.5,44815.2,197,184,13
4,Melting Point,5,Rhino,0,0,168.0,19297.0,115,115,0
4,Melting Point,5,Rhino,0,1,168.0,22191.5,133,115,18
4,Melting Point,5,Rhino,0,2,168.0,27980.6,167,115,52
4,Melting Point,5,Rhino,1,0,188.2,19297.0,103,115,-12
4,Melting Point,5,Rhino,1,1,188.2,22191.5,118,115,3
4,Melting Point,5,Rhino,1,2,188.2,27980.6,149,115,34
4,Melting Point,5,Rhino,2,0,228.5,19297.0,85,115,-30
4,Melting Point,5,Rhino,2,1,228.5,22191.5,98,115,-17
4,Melting Point,5,Rhino,2,2,228.5,27980.6,123,115,8
4,Melting Point,6,Wasp,0,0,168.0,311.0,2,2,0
4,Melting Point,6,Wasp,0,1,168.0,357.6,3,2,1
4,Melting Point,6,Wasp,0,2,168.0,450.9,3,2,1
4,Melting Point,6,Wasp,1,0,188.2,311.0,2,2,0
4,Melting Point,6,Wasp,1,1,188.2,357.6,2,2,0
4,Melting Point,6,Wasp,1,2,188.2,450.9,3,2,1
4,Melting Point,6,Wasp,2,0,228.5,311.0,2,2,0
4,Melting Point,6,Wasp,2,1,228.5,357.6,2,2,0
4,Melting Point,6,Wasp,2,2,228.5,450.9,2,2,0
4,Melting Point,7,Mustang,0,0,168.0,343.0,3,3,0
4,Melting Point,7,Mustang,0,1,168.0,394.4,3,3,0
4,Melting Point,7,Mustang,0,2,168.0,497.3,3,3,0
4,Melting Point,7,Mustang,1,0,188.2,343.0,2,3,-1
4,Melting Point,7,Mustang,1,1,188.2,394.4,3,3,0
4,Melting Point,7,Mustang,1,2,188.2,497.3,3,3,0
4,Melting Point,7,Mustang,2,0,228.5,343.0,2,3,-1
4,Melting Point,7,Mustang,2,1,228.5,394.4,2,3,-1
4,Melting Point,7,Mustang,2,2,228.5,497.3,3,3,0
4,Melting Point,8,Steel Ball,0,0,168.0,4571.0,28,28,0
4,Melting Point,8,Steel Ball,0,1,168.0,5256.6,32,28,4
4,Melting Point,8,Steel Ball,0,2,168.0,6627.9,40,28,12
4,Melting Point,8,Steel Ball,1,0,188.2,4571.0,25,28,-3
4,Melting Point,8,Steel Ball,1,1,188.2,5256.6,28,28,0
4,Melting Point,8,Steel Ball,1,2,188.2,6627.9,36,28,8
4,Melting Point,8,Steel Ball,2,0,228.5,4571.0,21,28,-7
4,Melting Point,8,Steel Ball,2,1,228.5,5256.6,24,28,-4
4,Melting Point,8,Steel Ball,2,2,228.5,6627.9,30,28,2
4,Melting Point,9,Fang,0,0,168.0,117.0,1,1,0
4,Melting Point,9,Fang,0,1,168.0,134.5,1,1,0
4,Melting Point,9,Fang,0,2,168.0,169.7,2,1,1
4,Melting Point,9,Fang,1,0,188.2,117.0,1,1,0
4,Melting Point,9,Fang,1,1,188.2,134.5,1,1,0
4,Melting Point,9,Fang,1,2,188.2,169.7,1,1,0
4,Melting Point,9,Fang,2,0,228.5,117.0,1,1,0
4,Melting Point,9,Fang,2,1,228.5,134.5,1,1,0
4,Melting Point,9,Fang,2,2,228.5,169.7,1,1,0
4,Melting Point,10,Crawler,0,0,168.0,263.0,2,2,0
4,Melting Point,10,Crawler,0,1,168.0,302.4,2,2,0
4,Melting Point,10,Crawler,0,2,168.0,381.3,3,2,1
4,Melting Point,10,Crawler,1,0,188.2,263.0,2,2,0
4,Melting Point,10,Crawler,1,1,188.2,302.4,2,2,0
4,Melting Point,10,Crawler,1,2,188.2,381.3,3,2,1
4,Melting Point,10,Crawler,2,0,228.5,263.0,2,2,0
4,Melting Point,10,Crawler,2,1,228.5,302.4,2,2,0
4,Melting Point,10,Crawler,2,2,228.5,381.3,2,2,0
4,Melting Point,11,Overlord,0,0,168.0,21339.0,128,128,0
4,Melting Point,11,Overlord,0,1,168.0,24539.8,147,128,19
4,Melting Point,11,Overlord,0,2,168.0,30941.5,185,128,57
4,Melting Point,11,Overlord,1,0,188.2,21339.0,114,128,-14
4,Melting Point,11,Overlord,1,1,188.2,24539.8,131,128,3
4,Melting Point,11,Overlord,1,2,188.2,30941.5,165,128,37
4,Melting Point,11,Overlord,2,0,228.5,21339.0,94,128,-34
4,Melting Point,11,Overlord,2,1,228.5,24539.8,108,128,-20
4,Melting Point,11,Overlord,2,2,228.5,30941.5,136,128,8
4,Melting Point,12,Stormcaller,0,0,168.0,1149.0,7,7,0
4,Melting Point,12,Stormcaller,0,1,168.0,1321.3,8,7,1
4,Melting Point,12,Stormcaller,0,2,168.0,1666.0,10,7,3
4,Melting Point,12,Stormcaller,1,0,188.2,1149.0,7,7,0
4,Melting Point,12,Stormcaller,1,1,188.2,1321.3,8,7,1
4,Melting Point,12,Stormcaller,1,2,188.2,1666.0,9,7,2
4,Melting Point,12,Stormcaller,2,0,228.5,1149.0,6,7,-1
4,Melting Point,12,Stormcaller,2,1,228.5,1321.3,6,7,-1
4,Melting Point,12,Stormcaller,2,2,228.5,1666.0,8,7,1
4,Melting Point,13,Sledgehammer,0,0,168.0,3478.0,21,21,0
4,Melting Point,13,Sledgehammer,0,1,168.0,3999.7,24,21,3
4,Melting Point,13,Sledgehammer,0,2,168.0,5043.1,31,21,10
4,Melting Point,13,Sledgehammer,1,0,188.2,3478.0,19,21,-2
4,Melting Point,13,Sledgehammer,1,1,188.2,3999.7,22,21,1
4,Melting Point,13,Sledgehammer,1,2,188.2,5043.1,27,21,6
4,Melting Point,13,Sledgehammer,2,0,228.5,3478.0,16,21,-5
4,Melting Point,13,Sledgehammer,2,1,228.5,3999.7,18,21,-3
4,Melting Point,13,Sledgehammer,2,2,228.5,5043.1,23,21,2
4,Melting Point,14,Hacker,0,0,168.0,3249.0,20,20,0
4,Melting Point,14,Hacker,0,1,168.0,3736.3,23,20,3
4,Melting Point,14,Hacker,0,2,168.0,4711.1,29,20,9
4,Melting Point,14,Hacker,1,0,188.2,3249.0,18,20,-2
4,Melting Point,14,Hacker,1,1,188.2,3736.3,20,20,0
4,Melting Point,14,Hacker,1,2,188.2,4711.1,26,20,6
4,Melting Point,14,Hacker,2,0,228.5,3249.0,15,20,-5
4,Melting Point,14,Hacker,2,1,228.5,3736.3,17,20,-3
4,Melting Point,14,Hacker,2,2,228.5,4711.1,21,20,1
4,Melting Point,15,Arclight,0,0,168.0,4813.0,29,29,0
4,Melting Point,15,Arclight,0,1,168.0,5534.9,33,29,4
4,Melting Point,15,Arclight,0,2,168.0,6978.8,42,29,13
4,Melting Point,15,Arclight,1,0,188.2,4813.0,26,29,-3
4,Melting Point,15,Arclight,1,1,188.2,5534.9,30,29,1
4,Melting Point,15,Arclight,1,2,188.2,6978.8,38,29,9
4,Melting Point,15,Arclight,2,0,228.5,4813.0,22,29,-7
4,Melting Point,15,Arclight,2,1,228.5,5534.9,25,29,-4
4,Melting Point,15,Arclight,2,2,228.5,6978.8,31,29,2
4,Melting Point,16,Phoenix,0,0,168.0,1491.0,9,9,0
4,Melting Point,16,Phoenix,0,1,168.0,1714.6,11,9,2
4,Melting Point,16,Phoenix,0,2,168.0,2161.9,13,9,4
4,Melting Point,16,Phoenix,1,0,188.2,1491.0,8,9,-1
4,Melting Point,16,Phoenix,1,1,188.2,1714.6,10,9,1
4,Melting Point,16,Phoenix,1,2,188.2,2161.9,12,9,3
4,Melting Point,16,Phoenix,2,0,228.5,1491.0,7,9,-2
4,Melting Point,16,Phoenix,2,1,228.5,1714.6,8,9,-1
4,Melting Point,16,Phoenix,2,2,228.5,2161.9,10,9,1
4,Melting Point,17,War Factory,0,0,168.0,113593.0,677,677,0
4,Melting Point,17,War Factory,0,1,168.0,130631.9,778,677,101
4,Melting Point,17,War Factory,0,2,168.0,164709.9,981,677,304
4,Melting Point,17,War Factory,1,0,188.2,113593.0,604,677,-73
4,Melting Point,17,War Factory,1,1,188.2,130631.9,695,677,18
4,Melting Point,17,War Factory,1,2,188.2,164709.9,876,677,199
4,Melting Point,17,War Factory,2,0,228.5,113593.0,498,677,-179
4,Melting Point,17,War Factory,2,1,228.5,130631.9,572,677,-105
4,Melting Point,17,War Factory,2,2,228.5,164709.9,721,677,44
4,Melting Point,18,Wraith,0,0,168.0,14115.0,85,85,0
4,Melting Point,18,Wraith,0,1,168.0,16232.2,97,85,12
4,Melting Point,18,Wraith,0,2,168.0,20466.8,122,85,37
4,Melting Point,18,Wraith,1,0,188.2,14115.0,76,85,-9
4,Melting Point,18,Wraith,1,1,188.2,16232.2,87,85,2
4,Melting Point,18,Wraith,1,2,188.2,20466.8,109,85,24
4,Melting Point,18,Wraith,2,0,228.5,14115.0,62,85,-23
4,Melting Point,18,Wraith,2,1,228.5,16232.2,72,85,-13
4,Melting Point,18,Wraith,2,2,228.5,20466.8,90,85,5
4,Melting Point,19,Scorpion,0,0,168.0,18632.0,111,111,0
4,Melting Point,19,Scorpion,0,1,168.0,21426.8,128,111,17
4,Melting Point,19,Scorpion,0,2,168.0,27016.4,161,111,50
4,Melting Point,19,Scorpion,1,0,188.2,18632.0,100,111,-11
4,Melting Point,19,Scorpion,1,1,188.2,21426.8,114,111,3
4,Melting Point,19,Scorpion,1,2,188.2,27016.4,144,111,33
4,Melting Point,19,Scorpion,2,0,228.5,18632.0,82,111,-29
4,Melting Point,19,Scorpion,2,1,228.5,21426.8,94,111,-17
4,Melting Point,19,Scorpion,2,2,228.5,27016.4,119,111,8
4,Melting Point,20,Fire Badger,0,0,168.0,4222.0,26,26,0
4,Melting Point,20,Fire Badger,0,1,168.0,4855.3,29,26,3
4,Melting Point,20,Fire Badger,0,2,168.0,6121.9,37,26,11
4,Melting Point,20,Fire Badger,1,0,188.2,4222.0,23,26,-3
4,Melting Point,20,Fire Badger,1,1,188.2,4855.3,26,26,0
4,Melting Point,20,Fire Badger,1,2,188.2,6121.9,33,26,7
4,Melting Point,20,Fire Badger,2,0,228.5,4222.0,19,26,-7
4,Melting Point,20,Fire Badger,2,1,228.5,4855.3,22,26,-4
4,Melting Point,20,Fire Badger,2,2,228.5,6121.9,27,26,1
4,Melting Point,21,Sabertooth,0,0,168.0,14886.0,89,89,0
4,Melting Point,21,Sabertooth,0,1,168.0,17118.9,102,89,13
4,Melting Point,21,Sabertooth,0,2,168.0,21584.7,129,89,40
4,Melting Point,21,Sabertooth,1,0,188.2,14886.0,80,89,-9
4,Melting Point,21,Sabertooth,1,1,188.2,17118.9,91,89,2
4,Melting Point,21,Sabertooth,1,2,188.2,21584.7,115,89,26
4,Melting Point,21,Sabertooth,2,0,228.5,14886.0,66,89,-23
4,Melting Point,21,Sabertooth,2,1,228.5,17118.9,75,89,-14
4,Melting Point,21,Sabertooth,2,2,228.5,21584.7,95,89,6
4,Melting Point,22,Typhoon,0,0,168.0,9529.0,57,57,0
4,Melting Point,22,Typhoon,0,1,168.0,10958.3,66,57,9
4,Melting Point,22,Typhoon,0,2,168.0,13817.0,83,57,26
4,Melting Point,22,Typhoon,1,0,188.2,9529.0,51,57,-6
4,Melting Point,22,Typhoon,1,1,188.2,10958.3,59,57,2
4,Melting Point,22,Typhoon,1,2,188.2,13817.0,74,57,17
4,Melting Point,22,Typhoon,2,0,228.5,9529.0,42,57,-15
4,Melting Point,22,Typhoon,2,1,228.5,10958.3,48,57,-9
4,Melting Point,22,Typhoon,2,2,228.5,13817.0,61,57,4
4,Melting Point,23,Sandworm,0,0,168.0,48645.0,290,290,0
4,Melting Point,23,Sandworm,0,1,168.0,55941.7,333,290,43
4,Melting Point,23,Sandworm,0,2,168.0,70535.2,420,290,130
4,Melting Point,23,Sandworm,1,0,188.2,48645.0,259,290,-31
4,Melting Point,23,Sandworm,1,1,188.2,55941.7,298,290,8
4,Melting Point,23,Sandworm,1,2,188.2,70535.2,375,290,85
4,Melting Point,23,Sandworm,2,0,228.5,48645.0,213,290,-77
4,Melting Point,23,Sandworm,2,1,228.5,55941.7,245,290,-45
4,Melting Point,23,Sandworm,2,2,228.5,70535.2,309,290,19
4,Melting Point,24,Tarantula,0,0,168.0,14773.0,88,88,0
4,Melting Point,24,Tarantula,0,1,168.0,16988.9,102,88,14
4,Melting Point,24,Tarantula,0,2,168.0,21420.8,128,88,40
4,Melting Point,24,Tarantula,1,0,188.2,14773.0,79,88,-9
4,Melting Point,24,Tarantula,1,1,188.2,16988.9,91,88,3
4,Melting Point,24,Tarantula,1,2,188.2,21420.8,114,88,26
4,Melting Point,24,Tarantula,2,0,228.5,14773.0,65,88,-23
4,Melting Point,24,Tarantula,2,1,228.5,16988.9,75,88,-13
4,Melting Point,24,Tarantula,2,2,228.5,21420.8,94,88,6
4,Melting Point,25,Phantom Ray,0,0,168.0,3412.0,21,21,0
4,Melting Point,25,Phantom Ray,0,1,168.0,3923.8,24,21,3
4,Melting Point,25,Phantom Ray,0,2,168.0,4947.4,30,21,9
4,Melting Point,25,Phantom Ray,1,0,188.2,3412.0,19,21,-2
4,Melting Point,25,Phantom Ray,1,1,188.2,3923.8,21,21,0
4,Melting Point,25,Phantom Ray,1,2,188.2,4947.4,27,21,6
4,Melting Point,25,Phantom Ray,2,0,228.5,3412.0,15,21,-6
4,Melting Point,25,Phantom Ray,2,1,228.5,3923.8,18,21,-3
4,Melting Point,25,Phantom Ray,2,2,228.5,4947.4,22,21,1
4,Melting Point,26,Farseer,0,0,168.0,11991.0,72,72,0
4,Melting Point,26,Farseer,0,1,168.0,13789.6,83,72,11
4,Melting Point,26,Farseer,0,2,168.0,17387.0,104,72,32
4,Melting Point,26,Farseer,1,0,188.2,11991.0,64,72,-8
4,Melting Point,26,Farseer,1,1,188.2,13789.6,74,72,2
4,Melting Point,26,Farseer,1,2,188.2,17387.0,93,72,21
4,Melting Point,26,Farseer,2,0,228.5,11991.0,53,72,-19
4,Melting Point,26,Farseer,2,1,228.5,13789.6,61,72,-11
4,Melting Point,26,Farseer,2,2,228.5,17387.0,77,72,5
4,Melting Point,27,Raiden,0,0,168.0,16065.0,96,96,0
4,Melting Point,27,Raiden,0,1,168.0,18474.8,110,96,14
4,Melting Point,27,Raiden,0,2,168.0,23294.2,139,96,43
4,Melting Point,27,Raiden,1,0,188.2,16065.0,86,96,-10
4,Melting Point,27,Raiden,1,1,188.2,18474.8,99,96,3
4,Melting Point,27,Raiden,1,2,188.2,23294.2,124,96,28
4,Melting Point,27,Raiden,2,0,228.5,16065.0,71,96,-25
4,Melting Point,27,Raiden,2,1,228.5,18474.8,81,96,-15
4,Melting Point,27,Raiden,2,2,228.5,23294.2,102,96,6
4,Melting Point,28,Hound,0,0,168.0,879.0,6,6,0
4,Melting Point,28,Hound,0,1,168.0,1010.8,7,6,1
4,Melting Point,28,Hound,0,2,168.0,1274.5,8,6,2
4,Melting Point,28,Hound,1,0,188.2,879.0,5,6,-1
4,Melting Point,28,Hound,1,1,188.2,1010.8,6,6,0
4,Melting Point,28,Hound,1,2,188.2,1274.5,7,6,1
4,Melting Point,28,Hound,2,0,228.5,879.0,4,6,-2
4,Melting Point,28,Hound,2,1,228.5,1010.8,5,6,-1
4,Melting Point,28,Hound,2,2,228.5,1274.5,6,6,0
4,Melting Point,29,Abyss,0,0,168.0,66955.0,399,399,0
4,Melting Point,29,Abyss,0,1,168.0,76998.2,459,399,60
4,Melting Point,29,Abyss,0,2,168.0,97084.8,578,399,179
4,Melting Point,29,Abyss,1,0,188.2,66955.0,356,399,-43
4,Melting Point,29,Abyss,1,1,188.2,76998.2,410,399,11
4,Melting Point,29,Abyss,1,2,188.2,97084.8,516,399,117
4,Melting Point,29,Abyss,2,0,228.5,66955.0,294,399,-105
4,Melting Point,29,Abyss,2,1,228.5,76998.2,338,399,-61
4,Melting Point,29,Abyss,2,2,228.5,97084.8,425,399,26
4,Melting Point,30,Void Eye,0,0,168.0,1522.0,10,10,0
4,Melting Point,30,Void Eye,0,1,168.0,1750.3,11,10,1
4,Melting Point,30,Void Eye,0,2,168.0,2206.9,14,10,4
4,Melting Point,30,Void Eye,1,0,188.2,1522.0,9,10,-1
4,Melting Point,30,Void Eye,1,1,188.2,1750.3,10,10,0
4,Melting Point,30,Void Eye,1,2,188.2,2206.9,12,10,2
4,Melting Point,30,Void Eye,2,0,228.5,1522.0,7,10,-3
4,Melting Point,30,Void Eye,2,1,228.5,1750.3,8,10,-2
4,Melting Point,30,Void Eye,2,2,228.5,2206.9,10,10,0
4,Melting Point,31,Vortex,0,0,168.0,7425.0,45,45,0
4,Melting Point,31,Vortex,0,1,168.0,8538.8,51,45,6
4,Melting Point,31,Vortex,0,2,168.0,10766.2,65,45,20
4,Melting Point,31,Vortex,1,0,188.2,7425.0,40,45,-5
4,Melting Point,31,Vortex,1,1,188.2,8538.8,46,45,1
4,Melting Point,31,Vortex,1,2,188.2,10766.2,58,45,13
4,Melting Point,31,Vortex,2,0,228.5,7425.0,33,45,-12
4,Melting Point,31,Vortex,2,1,228.5,8538.8,38,45,-7
4,Melting Point,31,Vortex,2,2,228.5,10766.2,48,45,3
4,Melting Point,2002,Mountain,0,0,168.0,136657.0,814,814,0
4,Melting Point,2002,Mountain,0,1,168.0,157155.5,936,814,122
4,Melting Point,2002,Mountain,0,2,168.0,198152.6,1180,814,366
4,Melting Point,2002,Mountain,1,0,188.2,136657.0,727,814,-87
4,Melting Point,2002,Mountain,1,1,188.2,157155.5,836,814,22
4,Melting Point,2002,Mountain,1,2,188.2,198152.6,1054,814,240
4,Melting Point,2002,Mountain,2,0,228.5,136657.0,599,814,-215
4,Melting Point,2002,Mountain,2,1,228.5,157155.5,688,814,-126
4,Melting Point,2002,Mountain,2,2,228.5,198152.6,868,814,54
5,Rhino,1,Fortress,0,0,3560.0,43938.0,13,13,0
5,Rhino,1,Fortress,0,1,3560.0,50528.7,15,13,2
5,Rhino,1,Fortress,0,2,3560.0,63710.1,18,13,5
5,Rhino,1,Fortress,1,0,3987.2,43938.0,12,13,-1
5,Rhino,1,Fortress,1,1,3987.2,50528.7,13,13,0
5,Rhino,1,Fortress,1,2,3987.2,63710.1,16,13,3
5,Rhino,1,Fortress,2,0,4841.6,43938.0,10,13,-3
5,Rhino,1,Fortress,2,1,4841.6,50528.7,11,13,-2
5,Rhino,1,Fortress,2,2,4841.6,63710.1,14,13,1
5,Rhino,2,Marksman,0,0,3560.0,1622.0,1,1,0
5,Rhino,2,Marksman,0,1,3560.0,1865.3,1,1,0
5,Rhino,2,Marksman,0,2,3560.0,2351.9,1,1,0
5,Rhino,2,Marksman,1,0,3987.2,1622.0,1,1,0
5,Rhino,2,Marksman,1,1,3987.2,1865.3,1,1,0
5,Rhino,2,Marksman,1,2,3987.2,2351.9,1,1,0
5,Rhino,2,Marksman,2,0,4841.6,1622.0,1,1,0
5,Rhino,2,Marksman,2,1,4841.6,1865.3,1,1,0
5,Rhino,2,Marksman,2,2,4841.6,2351.9,1,1,0
5,Rhino,3,Vulcan,0,0,3560.0,30279.0,9,9,0
5,Rhino,3,Vulcan,0,1,3560.0,34820.8,10,9,1
5,Rhino,3,Vulcan,0,2,3560.0,43904.5,13,9,4
5,Rhino,3,Vulcan,1,0,3987.2,30279.0,8,9,-1
5,Rhino,3,Vulcan,1,1,3987.2,34820.8,9,9,0
5,Rhino,3,Vulcan,1,2,3987.2,43904.5,12,9,3
5,Rhino,3,Vulcan,2,0,4841.6,30279.0,7,9,-2
5,Rhino,3,Vulcan,2,1,4841.6,34820.8,8,9,-1
5,Rhino,3,Vulcan,2,2,4841.6,43904.5,10,9,1
5,Rhino,4,Melting Point,0,0,3560.0,30907.0,9,9,0
5,Rhino,4,Melting Point,0,1,3560.0,35543.0,10,9,1
5,Rhino,4,Melting Point,0,2,3560.0,44815.2,13,9,4
5,Rhino,4,Melting Point,1,0,3987.2,30907.0,8,9,-1
5,Rhino,4,Melting Point,1,1,3987.2,35543.0,9,9,0
5,Rhino,4,Melting Point,1,2,3987.2,44815.2,12,9,3
5,Rhino,4,Melting Point,2,0,4841.6,30907.0,7,9,-2
5,Rhino,4,Melting Point,2,1,4841.6,35543.0,8,9,-1
5,Rhino,4,Melting Point,2,2,4841.6,44815.2,10,9,1
5,Rhino,5,Rhino,0,0,3560.0,19297.0,6,6,0
5,Rhino,5,Rhino,0,1,3560.0,22191.5,7,6,1
5,Rhino,5,Rhino,0,2,3560.0,27980.6,8,6,2
5,Rhino,5,Rhino,1,0,3987.2,19297.0,5,6,-1
5,Rhino,5,Rhino,1,1,3987.2,22191.5,6,6,0
5,Rhino,5,Rhino,1,2,3987.2,27980.6,8,6,2
5,Rhino,5,Rhino,2,0,4841.6,19297.0,4,6,-2
5,Rhino,5,Rhino,2,1,4841.6,22191.5,5,6,-1
5,Rhino,5,Rhino,2,2,4841.6,27980.6,6,6,0
5,Rhino,7,Mustang,0,0,3560.0,343.0,1,1,0
5,Rhino,7,Mustang,0,1,3560.0,394.4,1,1,0
5,Rhino,7,Mustang,0,2,3560.0,497.3,1,1,0
5,Rhino,7,Mustang,1,0,3987.2,343.0,1,1,0
5,Rhino,7,Mustang,1,1,3987.2,394.4,1,1,0
5,Rhino,7,Mustang,1,2,3987.2,497.3,1,1,0
5,Rhino,7,Mustang,2,0,4841.6,343.0,1,1,0
5,Rhino,7,Mustang,2,1,4841.6,394.4,1,1,0
5,Rhino,7,Mustang,2,2,4841.6,497.3,1,1,0
5,Rhino,8,Steel Ball,0,0,3560.0,4571.0,2,2,0
5,Rhino,8,Steel Ball,0,1,3560.0,5256.6,2,2,0
5,Rhino,8,Steel Ball,0,2,3560.0,6627.9,2,2,0
5,Rhino,8,Steel Ball,1,0,3987.2,4571.0,2,2,0
5,Rhino,8,Steel Ball,1,1,3987.2,5256.6,2,2,0
5,Rhino,8,Steel Ball,1,2,3987.2,6627.9,2,2,0
5,Rhino,8,Steel Ball,2,0,4841.6,4571.0,1,2,-1
5,Rhino,8,Steel Ball,2,1,4841.6,5256.6,2,2,0
5,Rhino,8,Steel Ball,2,2,4841.6,6627.9,2,2,0
5,Rhino,9,Fang,0,0,3560.0,117.0,1,1,0
5,Rhino,9,Fang,0,1,3560.0,134.5,1,1,0
5,Rhino,9,Fang,0,2,3560.0,169.7,1,1,0
5,Rhino,9,Fang,1,0,3987.2,117.0,1,1,0
5,Rhino,9,Fang,1,1,3987.2,134.5,1,1,0
5,Rhino,9,Fang,1,2,3987.2,169.7,1,1,0
5,Rhino,9,Fang,2,0,4841.6,117.0,1,1,0
5,Rhino,9,Fang,2,1,4841.6,134.5,1,1,0
5,Rhino,9,Fang,2,2,4841.6,169.7,1,1,0
5,Rhino,10,Crawler,0,0,3560.0,263.0,1,1,0
5,Rhino,10,Crawler,0,1,3560.0,302.4,1,1,0
5,Rhino,10,Crawler,0,2,3560.0,381.3,1,1,0
5,Rhino,10,Crawler,1,0,3987.2,263.0,1,1,0
5,Rhino,10,Crawler,1,1,3987.2,302.4,1,1,0
5,Rhino,10,Crawler,1,2,3987.2,381.3,1,1,0
5,Rhino,10,Crawler,2,0,4841.6,263.0,1,1,0
5,Rhino,10,Crawler,2,1,4841.6,302.4,1,1,0
5,Rhino,10,Crawler,2,2,4841.6,381.3,1,1,0
5,Rhino,12,Stormcaller,0,0,3560.0,1149.0,1,1,0
5,Rhino,12,Stormcaller,0,1,3560.0,1321.3,1,1,0
5,Rhino,12,Stormcaller,0,2,3560.0,1666.0,1,1,0
5,Rhino,12,Stormcaller,1,0,3987.2,1149.0,1,1,0
5,Rhino,12,Stormcaller,1,1,3987.2,1321.3,1,1,0
5,Rhino,12,Stormcaller,1,2,3987.2,1666.0,1,1,0
5,Rhino,12,Stormcaller,2,0,4841.6,1149.0,1,1,0
5,Rhino,12,Stormcaller,2,1,4841.6,1321.3,1,1,0
5,Rhino,12,Stormcaller,2,2,4841.6,1666.0,1,1,0
5,Rhino,13,Sledgehammer,0,0,3560.0,3478.0,1,1,0
5,Rhino,13,Sledgehammer,0,1,3560.0,3999.7,2,1,1
5,Rhino,13,Sledgehammer,0,2,3560.0,5043.1,2,1,1
5,Rhino,13,Sledgehammer,1,0,3987.2,3478.0,1,1,0
5,Rhino,13,Sledgehammer,1,1,3987.2,3999.7,2,1,1
5,Rhino,13,Sledgehammer,1,2,3987.2,5043.1,2,1,1
5,Rhino,13,Sledgehammer,2,0,4841.6,3478.0,1,1,0
5,Rhino,13,Sledgehammer,2,1,4841.6,3999.7,1,1,0
5,Rhino,13,Sledgehammer,2,2,4841.6,5043.1,2,1,1
5,Rhino,14,Hacker,0,0,3560.0,3249.0,1,1,0
5,Rhino,14,Hacker,0,1,3560.0,3736.3,2,1,1
5,Rhino,14,Hacker,0,2,3560.0,4711.1,2,1,1
5,Rhino,14,Hacker,1,0,3987.2,3249.0,1,1,0
5,Rhino,14,Hacker,1,1,3987.2,3736.3,1,1,0
5,Rhino,14,Hacker,1,2,3987.2,4711.1,2,1,1
5,Rhino,14,Hacker,2,0,4841.6,3249.0,1,1,0
5,Rhino,14,Hacker,2,1,4841.6,3736.3,1,1,0
5,Rhino,14,Hacker,2,2,4841.6,4711.1,1,1,0
5,Rhino,15,Arclight,0,0,3560.0,4813.0,2,2,0
5,Rhino,15,Arclight,0,1,3560.0,5534.9,2,2,0
5,Rhino,15,Arclight,0,2,3560.0,6978.8,2,2,0
5,Rhino,15,Arclight,1,0,3987.2,4813.0,2,2,0
5,Rhino,15,Arclight,1,1,3987.2,5534.9,2,2,0
5,Rhino,15,Arclight,1,2,3987.2,6978.8,2,2,0
5,Rhino,15,Arclight,2,0,4841.6,4813.0,1,2,-1
5,Rhino,15,Arclight,2,1,4841.6,5534.9,2,2,0
5,Rhino,15,Arclight,2,2,4841.6,6978.8,2,2,0
5,Rhino,17,War Factory,0,0,3560.0,113593.0,32,32,0
5,Rhino,17,War Factory,0,1,3560.0,130631.9,37,32,5
5,Rhino,17,War Factory,0,2,3560.0,164709.9,47,32,15
5,Rhino,17,War Factory,1,0,3987.2,113593.0,29,32,-3
5,Rhino,17,War Factory,1,1,3987.2,130631.9,33,32,1
5,Rhino,17,War Factory,1,2,3987.2,164709.9,42,32,10
5,Rhino,17,War Factory,2,0,4841.6,113593.0,24,32,-8
5,Rhino,17,War Factory,2,1,4841.6,130631.9,27,32,-5
5,Rhino,17,War Factory,2,2,4841.6,164709.9,35,32,3
5,Rhino,19,Scorpion,0,0,3560.0,18632.0,6,6,0
5,Rhino,19,Scorpion,0,1,3560.0,21426.8,7,6,1
5,Rhino,19,Scorpion,0,2,3560.0,27016.4,8,6,2
5,Rhino,19,Scorpion,1,0,3987.2,18632.0,5,6,-1
5,Rhino,19,Scorpion,1,1,3987.2,21426.8,6,6,0
5,Rhino,19,Scorpion,1,2,3987.2,27016.4,7,6,1
5,Rhino,19,Scorpion,2,0,4841.6,18632.0,4,6,-2
5,Rhino,19,Scorpion,2,1,4841.6,21426.8,5,6,-1
5,Rhino,19,Scorpion,2,2,4841.6,27016.4,6,6,0
5,Rhino,20,Fire Badger,0,0,3560.0,4222.0,2,2,0
5,Rhino,20,Fire Badger,0,1,3560.0,4855.3,2,2,0
5,Rhino,20,Fire Badger,0,2,3560.0,6121.9,2,2,0
5,Rhino,20,Fire Badger,1,0,3987.2,4222.0,2,2,0
5,Rhino,20,Fire Badger,1,1,3987.2,4855.3,2,2,0
5,Rhino,20,Fire Badger,1,2,3987.2,6121.9,2,2,0
5,Rhino,20,Fire Badger,2,0,4841.6,4222.0,1,2,-1
5,Rhino,20,Fire Badger,2,1,4841.6,4855.3,2,2,0
5,Rhino,20,Fire Badger,2,2,4841.6,6121.9,2,2,0
5,Rhino,21,Sabertooth,0,0,3560.0,14886.0,5,5,0
5,Rhino,21,Sabertooth,0,1,3560.0,17118.9,5,5,0
5,Rhino,21,Sabertooth,0,2,3560.0,21584.7,7,5,2
5,Rhino,21,Sabertooth,1,0,3987.2,14886.0,4,5,-1
5,Rhino,21,Sabertooth,1,1,3987.2,17118.9,5,5,0
5,Rhino,21,Sabertooth,1,2,3987.2,21584.7,6,5,1
5,Rhino,21,Sabertooth,2,0,4841.6,14886.0,4,5,-1
5,Rhino,21,Sabertooth,2,1,4841.6,17118.9,4,5,-1
5,Rhino,21,Sabertooth,2,2,4841.6,21584.7,5,5,0
5,Rhino,22,Typhoon,0,0,3560.0,9529.0,3,3,0
5,Rhino,22,Typhoon,0,1,3560.0,10958.3,4,3,1
5,Rhino,22,Typhoon,0,2,3560.0,13817.0,4,3,1
5,Rhino,22,Typhoon,1,0,3987.2,9529.0,3,3,0
5,Rhino,22,Typhoon,1,1,3987.2,10958.3,3,3,0
5,Rhino,22,Typhoon,1,2,3987.2,13817.0,4,3,1
5,Rhino,22,Typhoon,2,0,4841.6,9529.0,2,3,-1
5,Rhino,22,Typhoon,2,1,4841.6,10958.3,3,3,0
5,Rhino,22,Typhoon,2,2,4841.6,13817.0,3,3,0
5,Rhino,23,Sandworm,0,0,3560.0,48645.0,14,14,0
5,Rhino,23,Sandworm,0,1,3560.0,55941.7,16,14,2
5,Rhino,23,Sandworm,0,2,3560.0,70535.2,20,14,6
5,Rhino,23,Sandworm,1,0,3987.2,48645.0,13,14,-1
5,Rhino,23,Sandworm,1,1,3987.2,55941.7,15,14,1
5,Rhino,23,Sandworm,1,2,3987.2,70535.2,18,14,4
5,Rhino,23,Sandworm,2,0,4841.6,48645.0,11,14,-3
5,Rhino,23,Sandworm,2,1,4841.6,55941.7,12,14,-2
5,Rhino,23,Sandworm,2,2,4841.6,70535.2,15,14,1
5,Rhino,24,Tarantula,0,0,3560.0,14773.0,5,5,0
5,Rhino,24,Tarantula,0,1,3560.0,16988.9,5,5,0
5,Rhino,24,Tarantula,0,2,3560.0,21420.8,7,5,2
5,Rhino,24,Tarantula,1,0,3987.2,14773.0,4,5,-1
5,Rhino,24,Tarantula,1,1,3987.2,16988.9,5,5,0
5,Rhino,24,Tarantula,1,2,3987.2,21420.8,6,5,1
5,Rhino,24,Tarantula,2,0,4841.6,14773.0,4,5,-1
5,Rhino,24,Tarantula,2,1,4841.6,16988.9,4,5,-1
5,Rhino,24,Tarantula,2,2,4841.6,21420.8,5,5,0
5,Rhino,26,Farseer,0,0,3560.0,11991.0,4,4,0
5,Rhino,26,Farseer,0,1,3560.0,13789.6,4,4,0
5,Rhino,26,Farseer,0,2,3560.0,17387.0,5,4,1
5,Rhino,26,Farseer,1,0,3987.2,11991.0,4,4,0
5,Rhino,26,Farseer,1,1,3987.2,13789.6,4,4,0
5,Rhino,26,Farseer,1,2,3987.2,17387.0,5,4,1
5,Rhino,26,Farseer,2,0,4841.6,11991.0,3,4,-1
5,Rhino,26,Farseer,2,1,4841.6,13789.6,3,4,-1
5,Rhino,26,Farseer,2,2,4841.6,17387.0,4,4,0
5,Rhino,28,Hound,0,0,3560.0,879.0,1,1,0
5,Rhino,28,Hound,0,1,3560.0,1010.8,1,1,0
5,Rhino,28,Hound,0,2,3560.0,1274.5,1,1,0
5,Rhino,28,Hound,1,0,3987.2,879.0,1,1,0
5,Rhino,28,Hound,1,1,3987.2,1010.8,1,1,0
5,Rhino,28,Hound,1,2,3987.2,1274.5,1,1,0
5,Rhino,28,Hound,2,0,4841.6,879.0,1,1,0
5,Rhino,28,Hound,2,1,4841.6,1010.8,1,1,0
5,Rhino,28,Hound,2,2,4841.6,1274.5,1,1,0
5,Rhino,30,Void Eye,0,0,3560.0,1522.0,1,1,0
5,Rhino,30,Void Eye,0,1,3560.0,1750.3,1,1,0
5,Rhino,30,Void Eye,0,2,3560.0,2206.9,1,1,0
5,Rhino,30,Void Eye,1,0,3987.2,1522.0,1,1,0
5,Rhino,30,Void Eye,1,1,3987.2,1750.3,1,1,0
5,Rhino,30,Void Eye,1,2,3987.2,2206.9,1,1,0
5,Rhino,30,Void Eye,2,0,4841.6,1522.0,1,1,0
5,Rhino,30,Void Eye,2,1,4841.6,1750.3,1,1,0
5,Rhino,30,Void Eye,2,2,4841.6,2206.9,1,1,0
5,Rhino,31,Vortex,0,0,3560.0,7425.0,3,3,0
5,Rhino,31,Vortex,0,1,3560.0,8538.8,3,3,0
5,Rhino,31,Vortex,0,2,3560.0,10766.2,4,3,1
5,Rhino,31,Vortex,1,0,3987.2,7425.0,2,3,-1
5,Rhino,31,Vortex,1,1,3987.2,8538.8,3,3,0
5,Rhino,31,Vortex,1,2,3987.2,10766.2,3,3,0
5,Rhino,31,Vortex,2,0,4841.6,7425.0,2,3,-1
5,Rhino,31,Vortex,2,1,4841.6,8538.8,2,3,-1
5,Rhino,31,Vortex,2,2,4841.6,10766.2,3,3,0
5,Rhino,2002,Mountain,0,0,3560.0,136657.0,39,39,0
5,Rhino,2002,Mountain,0,1,3560.0,157155.5,45,39,6
5,Rhino,2002,Mountain,0,2,3560.0,198152.6,56,39,17
5,Rhino,2002,Mountain,1,0,3987.2,136657.0,35,39,-4
5,Rhino,2002,Mountain,1,1,3987.2,157155.5,40,39,1
5,Rhino,2002,Mountain,1,2,3987.2,198152.6,50,39,11
5,Rhino,2002,Mountain,2,0,4841.6,136657.0,29,39,-10
5,Rhino,2002,Mountain,2,1,4841.6,157155.5,33,39,-6
5,Rhino,2002,Mountain,2,2,4841.6,198152.6,41,39,2
6,Wasp,1,Fortress,0,0,202.0,43938.0,218,218,0
6,Wasp,1,Fortress,0,1,202.0,50528.7,251,218,33
6,Wasp,1,Fortress,0,2,202.0,63710.1,316,218,98
6,Wasp,1,Fortress,1,0,226.2,43938.0,195,218,-23
6,Wasp,1,Fortress,1,1,226.2,50528.7,224,218,6
6,Wasp,1,Fortress,1,2,226.2,63710.1,282,218,64
6,Wasp,1,Fortress,2,0,274.7,43938.0,160,218,-58
6,Wasp,1,Fortress,2,1,274.7,50528.7,184,218,-34
6,Wasp,1,Fortress,2,2,274.7,63710.1,232,218,14
6,Wasp,2,Marksman,0,0,202.0,1622.0,9,9,0
6,Wasp,2,Marksman,0,1,202.0,1865.3,10,9,1
6,Wasp,2,Marksman,0,2,202.0,2351.9,12,9,3
6,Wasp,2,Marksman,1,0,226.2,1622.0,8,9,-1
6,Wasp,2,Marksman,1,1,226.2,1865.3,9,9,0
6,Wasp,2,Marksman,1,2,226.2,2351.9,11,9,2
6,Wasp,2,Marksman,2,0,274.7,1622.0,6,9,-3
6,Wasp,2,Marksman,2,1,274.7,1865.3,7,9,-2
6,Wasp,2,Marksman,2,2,274.7,2351.9,9,9,0
6,Wasp,3,Vulcan,0,0,202.0,30279.0,150,150,0
6,Wasp,3,Vulcan,0,1,202.0,34820.8,173,150,23
6,Wasp,3,Vulcan,0,2,202.0,43904.5,218,150,68
6,Wasp,3,Vulcan,1,0,226.2,30279.0,134,150,-16
6,Wasp,3,Vulcan,1,1,226.2,34820.8,154,150,4
6,Wasp,3,Vulcan,1,2,226.2,43904.5,195,150,45
6,Wasp,3,Vulcan,2,0,274.7,30279.0,111,150,-39
6,Wasp,3,Vulcan,2,1,274.7,34820.8,127,150,-23
6,Wasp,3,Vulcan,2,2,274.7,43904.5,160,150,10
6,Wasp,4,Melting Point,0,0,202.0,30907.0,154,154,0
6,Wasp,4,Melting Point,0,1,202.0,35543.0,176,154,22
6,Wasp,4,Melting Point,0,2,202.0,44815.2,222,154,68
6,Wasp,4,Melting Point,1,0,226.2,30907.0,137,154,-17
6,Wasp,4,Melting Point,1,1,226.2,35543.0,158,154,4
6,Wasp,4,Melting Point,1,2,226.2,44815.2,199,154,45
6,Wasp,4,Melting Point,2,0,274.7,30907.0,113,154,-41
6,Wasp,4,Melting Point,2,1,274.7,35543.0,130,154,-24
6,Wasp,4,Melting Point,2,2,274.7,44815.2,164,154,10
6,Wasp,5,Rhino,0,0,202.0,19297.0,96,96,0
6,Wasp,5,Rhino,0,1,202.0,22191.5,110,96,14
6,Wasp,5,Rhino,0,2,202.0,27980.6,139,96,43
6,Wasp,5,Rhino,1,0,226.2,19297.0,86,96,-10
6,Wasp,5,Rhino,1,1,226.2,22191.5,99,96,3
6,Wasp,5,Rhino,1,2,226.2,27980.6,124,96,28
6,Wasp,5,Rhino,2,0,274.7,19297.0,71,96,-25
6,Wasp,5,Rhino,2,1,274.7,22191.5,81,96,-15
6,Wasp,5,Rhino,2,2,274.7,27980.6,102,96,6
6,Wasp,6,Wasp,0,0,202.0,311.0,2,2,0
6,Wasp,6,Wasp,0,1,202.0,357.6,2,2,0
6,Wasp,6,Wasp,0,2,202.0,450.9,3,2,1
6,Wasp,6,Wasp,1,0,226.2,311.0,2,2,0
6,Wasp,6,Wasp,1,1,226.2,357.6,2,2,0
6,Wasp,6,Wasp,1,2,226.2,450.9,2,2,0
6,Wasp,6,Wasp,2,0,274.7,311.0,2,2,0
6,Wasp,6,Wasp,2,1,274.7,357.6,2,2,0
6,Wasp,6,Wasp,2,2,274.7,450.9,2,2,0
6,Wasp,7,Mustang,0,0,202.0,343.0,2,2,0
6,Wasp,7,Mustang,0,1,202.0,394.4,2,2,0
6,Wasp,7,Mustang,0,2,202.0,497.3,3,2,1
6,Wasp,7,Mustang,1,0,226.2,343.0,2,2,0
6,Wasp,7,Mustang,1,1,226.2,394.4,2,2,0
6,Wasp,7,Mustang,1,2,226.2,497.3,3,2,1
6,Wasp,7,Mustang,2,0,274.7,343.0,2,2,0
6,Wasp,7,Mustang,2,1,274.7,394.4,2,2,0
6,Wasp,7,Mustang,2,2,274.7,497.3,2,2,0
6,Wasp,8,Steel Ball,0,0,202.0,4571.0,23,23,0
6,Wasp,8,Steel Ball,0,1,202.0,5256.6,27,23,4
6,Wasp,8,Steel Ball,0,2,202.0,6627.9,33,23,10
6,Wasp,8,Steel Ball,1,0,226.2,4571.0,21,23,-2
6,Wasp,8,Steel Ball,1,1,226.2,5256.6,24,23,1
6,Wasp,8,Steel Ball,1,2,226.2,6627.9,30,23,7
6,Wasp,8,Steel Ball,2,0,274.7,4571.0,17,23,-6
6,Wasp,8,Steel Ball,2,1,274.7,5256.6,20,23,-3
6,Wasp,8,Steel Ball,2,2,274.7,6627.9,25,23,2
6,Wasp,9,Fang,0,0,202.0,117.0,1,1,0
6,Wasp,9,Fang,0,1,202.0,134.5,1,1,0
6,Wasp,9,Fang,0,2,202.0,169.7,1,1,0
6,Wasp,9,Fang,1,0,226.2,117.0,1,1,0
6,Wasp,9,Fang,1,1,226.2,134.5,1,1,0
6,Wasp,9,Fang,1,2,226.2,169.7,1,1,0
6,Wasp,9,Fang,2,0,274.7,117.0,1,1,0
6,Wasp,9,Fang,2,1,274.7,134.5,1,1,0
6,Wasp,9,Fang,2,2,274.7,169.7,1,1,0
6,Wasp,10,Crawler,0,0,202.0,263.0,2,2,0
6,Wasp,10,Crawler,0,1,202.0,302.4,2,2,0
6,Wasp,10,Crawler,0,2,202.0,381.3,2,2,0
6,Wasp,10,Crawler,1,0,226.2,263.0,2,2,0
6,Wasp,10,Crawler,1,1,226.2,302.4,2,2,0
6,Wasp,10,Crawler,1,2,226.2,381.3,2,2,0
6,Wasp,10,Crawler,2,0,274.7,263.0,1,2,-1
6,Wasp,10,Crawler,2,1,274.7,302.4,2,2,0
6,Wasp,10,Crawler,2,2,274.7,381.3,2,2,0
6,Wasp,11,Overlord,0,0,202.0,21339.0,106,106,0
6,Wasp,11,Overlord,0,1,202.0,24539.8,122,106,16
6,Wasp,11,Overlord,0,2,202.0,30941.5,154,106,48
6,Wasp,11,Overlord,1,0,226.2,21339.0,95,106,-11
6,Wasp,11,Overlord,1,1,226.2,24539.8,109,106,3
6,Wasp,11,Overlord,1,2,226.2,30941.5,137,106,31
6,Wasp,11,Overlord,2,0,274.7,21339.0,78,106,-28
6,Wasp,11,Overlord,2,1,274.7,24539.8,90,106,-16
6,Wasp,11,Overlord,2,2,274.7,30941.5,113,106,7
6,Wasp,12,Stormcaller,0,0,202.0,1149.0,6,6,0
6,Wasp,12,Stormcaller,0,1,202.0,1321.3,7,6,1
6,Wasp,12,Stormcaller,0,2,202.0,1666.0,9,6,3
6,Wasp,12,Stormcaller,1,0,226.2,1149.0,6,6,0
6,Wasp,12,Stormcaller,1,1,226.2,1321.3,6,6,0
6,Wasp,12,Stormcaller,1,2,226.2,1666.0,8,6,2
6,Wasp,12,Stormcaller,2,0,274.7,1149.0,5,6,-1
6,Wasp,12,Stormcaller,2,1,274.7,1321.3,5,6,-1
6,Wasp,12,Stormcaller,2,2,274.7,1666.0,7,6,1
6,Wasp,13,Sledgehammer,0,0,202.0,3478.0,18,18,0
6,Wasp,13,Sledgehammer,0,1,202.0,3999.7,20,18,2
6,Wasp,13,Sledgehammer,0,2,202.0,5043.1,25,18,7
6,Wasp,13,Sledgehammer,1,0,226.2,3478.0,16,18,-2
6,Wasp,13,Sledgehammer,1,1,226.2,3999.7,18,18,0
6,Wasp,13,Sledgehammer,1,2,226.2,5043.1,23,18,5
6,Wasp,13,Sledgehammer,2,0,274.7,3478.0,13,18,-5
6,Wasp,13,Sledgehammer,2,1,274.7,3999.7,15,18,-3
6,Wasp,13,Sledgehammer,2,2,274.7,5043.1,19,18,1
6,Wasp,14,Hacker,0,0,202.0,3249.0,17,17,0
6,Wasp,14,Hacker,0,1,202.0,3736.3,19,17,2
6,Wasp,14,Hacker,0,2,202.0,4711.1,24,17,7
6,Wasp,14,Hacker,1,0,226.2,3249.0,15,17,-2
6,Wasp,14,Hacker,1,1,226.2,3736.3,17,17,0
6,Wasp,14,Hacker,1,2,226.2,4711.1,21,17,4
6,Wasp,14,Hacker,2,0,274.7,3249.0,12,17,-5
6,Wasp,14,Hacker,2,1,274.7,3736.3,14,17,-3
6,Wasp,14,Hacker,2,2,274.7,4711.1,18,17,1
6,Wasp,15,Arclight,0,0,202.0,4813.0,24,24,0
6,Wasp,15,Arclight,0,1,202.0,5534.9,28,24,4
6,Wasp,15,Arclight,0,2,202.0,6978.8,35,24,11
6,Wasp,15,Arclight,1,0,226.2,4813.0,22,24,-2
6,Wasp,15,Arclight,1,1,226.2,5534.9,25,24,1
6,Wasp,15,Arclight,1,2,226.2,6978.8,31,24,7
6,Wasp,15,Arclight,2,0,274.7,4813.0,18,24,-6
6,Wasp,15,Arclight,2,1,274.7,5534.9,21,24,-3
6,Wasp,15,Arclight,2,2,274.7,6978.8,26,24,2
6,Wasp,16,Phoenix,0,0,202.0,1491.0,8,8,0
6,Wasp,16,Phoenix,0,1,202.0,1714.6,9,8,1
6,Wasp,16,Phoenix,0,2,202.0,2161.9,11,8,3
6,Wasp,16,Phoenix,1,0,226.2,1491.0,7,8,-1
6,Wasp,16,Phoenix,1,1,226.2,1714.6,8,8,0
6,Wasp,16,Phoenix,1,2,226.2,2161.9,10,8,2
6,Wasp,16,Phoenix,2,0,274.7,1491.0,6,8,-2
6,Wasp,16,Phoenix,2,1,274.7,1714.6,7,8,-1
6,Wasp,16,Phoenix,2,2,274.7,2161.9,8,8,0
6,Wasp,17,War Factory,0,0,202.0,113593.0,563,563,0
6,Wasp,17,War Factory,0,1,202.0,130631.9,647,563,84
6,Wasp,17,War Factory,0,2,202.0,164709.9,816,563,253
6,Wasp,17,War Factory,1,0,226.2,113593.0,503,563,-60
6,Wasp,17,War Factory,1,1,226.2,130631.9,578,563,15
6,Wasp,17,War Factory,1,2,226.2,164709.9,729,563,166
6,Wasp,17,War Factory,2,0,274.7,113593.0,414,563,-149
6,Wasp,17,War Factory,2,1,274.7,130631.9,476,563,-87
6,Wasp,17,War Factory,2,2,274.7,164709.9,600,563,37
6,Wasp,18,Wraith,0,0,202.0,14115.0,70,70,0
6,Wasp,18,Wraith,0,1,202.0,16232.2,81,70,11
6,Wasp,18,Wraith,0,2,202.0,20466.8,102,70,32
6,Wasp,18,Wraith,1,0,226.2,14115.0,63,70,-7
6,Wasp,18,Wraith,1,1,226.2,16232.2,72,70,2
6,Wasp,18,Wraith,1,2,226.2,20466.8,91,70,21
6,Wasp,18,Wraith,2,0,274.7,14115.0,52,70,-18
6,Wasp,18,Wraith,2,1,274.7,16232.2,60,70,-10
6,Wasp,18,Wraith,2,2,274.7,20466.8,75,70,5
6,Wasp,19,Scorpion,0,0,202.0,18632.0,93,93,0
6,Wasp,19,Scorpion,0,1,202.0,21426.8,107,93,14
6,Wasp,19,Scorpion,0,2,202.0,27016.4,134,93,41
6,Wasp,19,Scorpion,1,0,226.2,18632.0,83,93,-10
6,Wasp,19,Scorpion,1,1,226.2,21426.8,95,93,2
6,Wasp,19,Scorpion,1,2,226.2,27016.4,120,93,27
6,Wasp,19,Scorpion,2,0,274.7,18632.0,68,93,-25
6,Wasp,19,Scorpion,2,1,274.7,21426.8,78,93,-15
6,Wasp,19,Scorpion,2,2,274.7,27016.4,99,93,6
6,Wasp,20,Fire Badger,0,0,202.0,4222.0,21,21,0
6,Wasp,20,Fire Badger,0,1,202.0,4855.3,25,21,4
6,Wasp,20,Fire Badger,0,2,202.0,6121.9,31,21,10
6,Wasp,20,Fire Badger,1,0,226.2,4222.0,19,21,-2
6,Wasp,20,Fire Badger,1,1,226.2,4855.3,22,21,1
6,Wasp,20,Fire Badger,1,2,226.2,6121.9,28,21,7
6,Wasp,20,Fire Badger,2,0,274.7,4222.0,16,21,-5
6,Wasp,20,Fire Badger,2,1,274.7,4855.3,18,21,-3
6,Wasp,20,Fire Badger,2,2,274.7,6121.9,23,21,2
6,Wasp,21,Sabertooth,0,0,202.0,14886.0,74,74,0
6,Wasp,21,Sabertooth,0,1,202.0,17118.9,85,74,11
6,Wasp,21,Sabertooth,0,2,202.0,21584.7,107,74,33
6,Wasp,21,Sabertooth,1,0,226.2,14886.0,66,74,-8
6,Wasp,21,Sabertooth,1,1,226.2,17118.9,76,74,2
6,Wasp,21,Sabertooth,1,2,226.2,21584.7,96,74,22
6,Wasp,21,Sabertooth,2,0,274.7,14886.0,55,74,-19
6,Wasp,21,Sabertooth,2,1,274.7,17118.9,63,74,-11
6,Wasp,21,Sabertooth,2,2,274.7,21584.7,79,74,5
6,Wasp,22,Typhoon,0,0,202.0,9529.0,48,48,0
6,Wasp,22,Typhoon,0,1,202.0,10958.3,55,48,7
6,Wasp,22,Typhoon,0,2,202.0,13817.0,69,48,21
6,Wasp,22,Typhoon,1,0,226.2,9529.0,43,48,-5
6,Wasp,22,Typhoon,1,1,226.2,10958.3,49,48,1
6,Wasp,22,Typhoon,1,2,226.2,13817.0,62,48,14
6,Wasp,22,Typhoon,2,0,274.7,9529.0,35,48,-13
6,Wasp,22,Typhoon,2,1,274.7,10958.3,40,48,-8
6,Wasp,22,Typhoon,2,2,274.7,13817.0,51,48,3
6,Wasp,23,Sandworm,0,0,202.0,48645.0,241,241,0
6,Wasp,23,Sandworm,0,1,202.0,55941.7,277,241,36
6,Wasp,23,Sandworm,0,2,202.0,70535.2,350,241,109
6,Wasp,23,Sandworm,1,0,226.2,48645.0,216,241,-25
6,Wasp,23,Sandworm,1,1,226.2,55941.7,248,241,7
6,Wasp,23,Sandworm,1,2,226.2,70535.2,312,241,71
6,Wasp,23,Sandworm,2,0,274.7,48645.0,178,241,-63
6,Wasp,23,Sandworm,2,1,274.7,55941.7,204,241,-37
6,Wasp,23,Sandworm,2,2,274.7,70535.2,257,241,16
6,Wasp,24,Tarantula,0,0,202.0,14773.0,74,74,0
6,Wasp,24,Tarantula,0,1,202.0,16988.9,85,74,11
6,Wasp,24,Tarantula,0,2,202.0,21420.8,107,74,33
6,Wasp,24,Tarantula,1,0,226.2,14773.0,66,74,-8
6,Wasp,24,Tarantula,1,1,226.2,16988.9,76,74,2
6,Wasp,24,Tarantula,1,2,226.2,21420.8,95,74,21
6,Wasp,24,Tarantula,2,0,274.7,14773.0,54,74,-20
6,Wasp,24,Tarantula,2,1,274.7,16988.9,62,74,-12
6,Wasp,24,Tarantula,2,2,274.7,21420.8,78,74,4
6,Wasp,25,Phantom Ray,0,0,202.0,3412.0,17,17,0
6,Wasp,25,Phantom Ray,0,1,202.0,3923.8,20,17,3
6,Wasp,25,Phantom Ray,0,2,202.0,4947.4,25,17,8
6,Wasp,25,Phantom Ray,1,0,226.2,3412.0,16,17,-1
6,Wasp,25,Phantom Ray,1,1,226.2,3923.8,18,17,1
6,Wasp,25,Phantom Ray,1,2,226.2,4947.4,22,17,5
6,Wasp,25,Phantom Ray,2,0,274.7,3412.0,13,17,-4
6,Wasp,25,Phantom Ray,2,1,274.7,3923.8,15,17,-2
6,Wasp,25,Phantom Ray,2,2,274.7,4947.4,19,17,2
6,Wasp,26,Farseer,0,0,202.0,11991.0,60,60,0
6,Wasp,26,Farseer,0,1,202.0,13789.6,69,60,9
6,Wasp,26,Farseer,0,2,202.0,17387.0,87,60,27
6,Wasp,26,Farseer,1,0,226.2,11991.0,54,60,-6
6,Wasp,26,Farseer,1,1,226.2,13789.6,61,60,1
6,Wasp,26,Farseer,1,2,226.2,17387.0,77,60,17
6,Wasp,26,Farseer,2,0,274.7,11991.0,44,60,-16
6,Wasp,26,Farseer,2,1,274.7,13789.6,51,60,-9
6,Wasp,26,Farseer,2,2,274.7,17387.0,64,60,4
6,Wasp,27,Raiden,0,0,202.0,16065.0,80,80,0
6,Wasp,27,Raiden,0,1,202.0,18474.8,92,80,12
6,Wasp,27,Raiden,0,2,202.0,23294.2,116,80,36
6,Wasp,27,Raiden,1,0,226.2,16065.0,72,80,-8
6,Wasp,27,Raiden,1,1,226.2,18474.8,82,80,2
6,Wasp,27,Raiden,1,2,226.2,23294.2,103,80,23
6,Wasp,27,Raiden,2,0,274.7,16065.0,59,80,-21
6,Wasp,27,Raiden,2,1,274.7,18474.8,68,80,-12
6,Wasp,27,Raiden,2,2,274.7,23294.2,85,80,5
6,Wasp,28,Hound,0,0,202.0,879.0,5,5,0
6,Wasp,28,Hound,0,1,202.0,1010.8,6,5,1
6,Wasp,28,Hound,0,2,202.0,1274.5,7,5,2
6,Wasp,28,Hound,1,0,226.2,879.0,4,5,-1
6,Wasp,28,Hound,1,1,226.2,1010.8,5,5,0
6,Wasp,28,Hound,1,2,226.2,1274.5,6,5,1
6,Wasp,28,Hound,2,0,274.7,879.0,4,5,-1
6,Wasp,28,Hound,2,1,274.7,1010.8,4,5,-1
6,Wasp,28,Hound,2,2,274.7,1274.5,5,5,0
6,Wasp,29,Abyss,0,0,202.0,66955.0,332,332,0
6,Wasp,29,Abyss,0,1,202.0,76998.2,382,332,50
6,Wasp,29,Abyss,0,2,202.0,97084.8,481,332,149
6,Wasp,29,Abyss,1,0,226.2,66955.0,296,332,-36
6,Wasp,29,Abyss,1,1,226.2,76998.2,341,332,9
6,Wasp,29,Abyss,1,2,226.2,97084.8,430,332,98
6,Wasp,29,Abyss,2,0,274.7,66955.0,244,332,-88
6,Wasp,29,Abyss,2,1,274.7,76998.2,281,332,-51
6,Wasp,29,Abyss,2,2,274.7,97084.8,354,332,22
6,Wasp,30,Void Eye,0,0,202.0,1522.0,8,8,0
6,Wasp,30,Void Eye,0,1,202.0,1750.3,9,8,1
6,Wasp,30,Void Eye,0,2,202.0,2206.9,11,8,3
6,Wasp,30,Void Eye,1,0,226.2,1522.0,7,8,-1
6,Wasp,30,Void Eye,1,1,226.2,1750.3,8,8,0
6,Wasp,30,Void Eye,1,2,226.2,2206.9,10,8,2
6,Wasp,30,Void Eye,2,0,274.7,1522.0,6,8,-2
6,Wasp,30,Void Eye,2,1,274.7,1750.3,7,8,-1
6,Wasp,30,Void Eye,2,2,274.7,2206.9,9,8,1
6,Wasp,31,Vortex,0,0,202.0,7425.0,37,37,0
6,Wasp,31,Vortex,0,1,202.0,8538.8,43,37,6
6,Wasp,31,Vortex,0,2,202.0,10766.2,54,37,17
6,Wasp,31,Vortex,1,0,226.2,7425.0,33,37,-4
6,Wasp,31,Vortex,1,1,226.2,8538.8,38,37,1
6,Wasp,31,Vortex,1,2,226.2,10766.2,48,37,11
6,Wasp,31,Vortex,2,0,274.7,7425.0,28,37,-9
6,Wasp,31,Vortex,2,1,274.7,8538.8,32,37,-5
6,Wasp,31,Vortex,2,2,274.7,10766.2,40,37,3
6,Wasp,2002,Mountain,0,0,202.0,136657.0,677,677,0
6,Wasp,2002,Mountain,0,1,202.0,157155.5,778,677,101
6,Wasp,2002,Mountain,0,2,202.0,198152.6,981,677,304
6,Wasp,2002,Mountain,1,0,226.2,136657.0,605,677,-72
6,Wasp,2002,Mountain,1,1,226.2,157155.5,695,677,18
6,Wasp,2002,Mountain,1,2,226.2,198152.6,876,677,199
6,Wasp,2002,Mountain,2,0,274.7,136657.0,498,677,-179
6,Wasp,2002,Mountain,2,1,274.7,157155.5,573,677,-104
6,Wasp,2002,Mountain,2,2,274.7,198152.6,722,677,45
7,Mustang,1,Fortress,0,0,36.0,43938.0,1221,1221,0
7,Mustang,1,Fortress,0,1,36.0,50528.7,1404,1221,183
7,Mustang,1,Fortress,0,2,36.0,63710.1,1770,1221,549
7,Mustang,1,Fortress,1,0,40.3,43938.0,1090,1221,-131
7,Mustang,1,Fortress,1,1,40.3,50528.7,1254,1221,33
7,Mustang,1,Fortress,1,2,40.3,63710.1,1581,1221,360
7,Mustang,1,Fortress,2,0,49.0,43938.0,898,1221,-323
7,Mustang,1,Fortress,2,1,49.0,50528.7,1033,1221,-188
7,Mustang,1,Fortress,2,2,49.0,63710.1,1302,1221,81
7,Mustang,2,Marksman,0,0,36.0,1622.0,46,46,0
7,Mustang,2,Marksman,0,1,36.0,1865.3,52,46,6
7,Mustang,2,Marksman,0,2,36.0,2351.9,66,46,20
7,Mustang,2,Marksman,1,0,40.3,1622.0,41,46,-5
7,Mustang,2,Marksman,1,1,40.3,1865.3,47,46,1
7,Mustang,2,Marksman,1,2,40.3,2351.9,59,46,13
7,Mustang,2,Marksman,2,0,49.0,1622.0,34,46,-12
7,Mustang,2,Marksman,2,1,49.0,1865.3,39,46,-7
7,Mustang,2,Marksman,2,2,49.0,2351.9,49,46,3
7,Mustang,3,Vulcan,0,0,36.0,30279.0,842,842,0
7,Mustang,3,Vulcan,0,1,36.0,34820.8,968,842,126
7,Mustang,3,Vulcan,0,2,36.0,43904.5,1220,842,378
7,Mustang,3,Vulcan,1,0,40.3,30279.0,751,842,-91
7,Mustang,3,Vulcan,1,1,40.3,34820.8,864,842,22
7,Mustang,3,Vulcan,1,2,40.3,43904.5,1089,842,247
7,Mustang,3,Vulcan,2,0,49.0,30279.0,619,842,-223
7,Mustang,3,Vulcan,2,1,49.0,34820.8,712,842,-130
7,Mustang,3,Vulcan,2,2,49.0,43904.5,897,842,55
7,Mustang,4,Melting Point,0,0,36.0,30907.0,859,859,0
7,Mustang,4,Melting Point,0,1,36.0,35543.0,988,859,129
7,Mustang,4,Melting Point,0,2,36.0,44815.2,1245,859,386
7,Mustang,4,Melting Point,1,0,40.3,30907.0,767,859,-92
7,Mustang,4,Melting Point,1,1,40.3,35543.0,882,859,23
7,Mustang,4,Melting Point,1,2,40.3,44815.2,1112,859,253
7,Mustang,4,Melting Point,2,0,49.0,30907.0,632,859,-227
7,Mustang,4,Melting Point,2,1,49.0,35543.0,726,859,-133
7,Mustang,4,Melting Point,2,2,49.0,44815.2,916,859,57
7,Mustang,5,Rhino,0,0,36.0,19297.0,537,537,0
7,Mustang,5,Rhino,0,1,36.0,22191.5,617,537,80
7,Mustang,5,Rhino,0,2,36.0,27980.6,778,537,241
7,Mustang,5,Rhino,1,0,40.3,19297.0,479,537,-58
7,Mustang,5,Rhino,1,1,40.3,22191.5,551,537,14
7,Mustang,5,Rhino,1,2,40.3,27980.6,694,537,157
7,Mustang,5,Rhino,2,0,49.0,19297.0,395,537,-142
7,Mustang,5,Rhino,2,1,49.0,22191.5,454,537,-83
7,Mustang,5,Rhino,2,2,49.0,27980.6,572,537,35
7,Mustang,6,Wasp,0,0,36.0,311.0,9,9,0
7,Mustang,6,Wasp,0,1,36.0,357.6,10,9,1
7,Mustang,6,Wasp,0,2,36.0,450.9,13,9,4
7,Mustang,6,Wasp,1,0,40.3,311.0,8,9,-1
7,Mustang,6,Wasp,1,1,40.3,357.6,9,9,0
7,Mustang,6,Wasp,1,2,40.3,450.9,12,9,3
7,Mustang,6,Wasp,2,0,49.0,311.0,7,9,-2
7,Mustang,6,Wasp,2,1,49.0,357.6,8,9,-1
7,Mustang,6,Wasp,2,2,49.0,450.9,10,9,1
7,Mustang,7,Mustang,0,0,36.0,343.0,10,10,0
7,Mustang,7,Mustang,0,1,36.0,394.4,11,10,1
7,Mustang,7,Mustang,0,2,36.0,497.3,14,10,4
7,Mustang,7,Mustang,1,0,40.3,343.0,9,10,-1
7,Mustang,7,Mustang,1,1,40.3,394.4,10,10,0
7,Mustang,7,Mustang,1,2,40.3,497.3,13,10,3
7,Mustang,7,Mustang,2,0,49.0,343.0,8,10,-2
7,Mustang,7,Mustang,2,1,49.0,394.4,9,10,-1
7,Mustang,7,Mustang,2,2,49.0,497.3,11,10,1
7,Mustang,8,Steel Ball,0,0,36.0,4571.0,127,127,0
7,Mustang,8,Steel Ball,0,1,36.0,5256.6,147,127,20
7,Mustang,8,Steel Ball,0,2,36.0,6627.9,185,127,58
7,Mustang,8,Steel Ball,1,0,40.3,4571.0,114,127,-13
7,Mustang,8,Steel Ball,1,1,40.3,5256.6,131,127,4
7,Mustang,8,Steel Ball,1,2,40.3,6627.9,165,127,38
7,Mustang,8,Steel Ball,2,0,49.0,4571.0,94,127,-33
7,Mustang,8,Steel Ball,2,1,49.0,5256.6,108,127,-19
7,Mustang,8,Steel Ball,2,2,49.0,6627.9,136,127,9
7,Mustang,9,Fang,0,0,36.0,117.0,4,4,0
7,Mustang,9,Fang,0,1,36.0,134.5,4,4,0
7,Mustang,9,Fang,0,2,36.0,169.7,5,4,1
7,Mustang,9,Fang,1,0,40.3,117.0,3,4,-1
7,Mustang,9,Fang,1,1,40.3,134.5,4,4,0
7,Mustang,9,Fang,1,2,40.3,169.7,5,4,1
7,Mustang,9,Fang,2,0,49.0,117.0,3,4,-1
7,Mustang,9,Fang,2,1,49.0,134.5,3,4,-1
7,Mustang,9,Fang,2,2,49.0,169.7,4,4,0
7,Mustang,10,Crawler,0,0,36.0,263.0,8,8,0
7,Mustang,10,Crawler,0,1,36.0,302.4,9,8,1
7,Mustang,10,Crawler,0,2,36.0,381.3,11,8,3
7,Mustang,10,Crawler,1,0,40.3,263.0,7,8,-1
7,Mustang,10,Crawler,1,1,40.3,302.4,8,8,0
7,Mustang,10,Crawler,1,2,40.3,381.3,10,8,2
7,Mustang,10,Crawler,2,0,49.0,263.0,6,8,-2
7,Mustang,10,Crawler,2,1,49.0,302.4,7,8,-1
7,Mustang,10,Crawler,2,2,49.0,381.3,8,8,0
7,Mustang,11,Overlord,0,0,36.0,21339.0,593,593,0
7,Mustang,11,Overlord,0,1,36.0,24539.8,682,593,89
7,Mustang,11,Overlord,0,2,36.0,30941.5,860,593,267
7,Mustang,11,Overlord,1,0,40.3,21339.0,530,593,-63
7,Mustang,11,Overlord,1,1,40.3,24539.8,609,593,16
7,Mustang,11,Overlord,1,2,40.3,30941.5,768,593,175
7,Mustang,11,Overlord,2,0,49.0,21339.0,436,593,-157
7,Mustang,11,Overlord,2,1,49.0,24539.8,502,593,-91
7,Mustang,11,Overlord,2,2,49.0,30941.5,632,593,39
7,Mustang,12,Stormcaller,0,0,36.0,1149.0,32,32,0
7,Mustang,12,Stormcaller,0,1,36.0,1321.3,37,32,5
7,Mustang,12,Stormcaller,0,2,36.0,1666.0,47,32,15
7,Mustang,12,Stormcaller,1,0,40.3,1149.0,29,32,-3
7,Mustang,12,Stormcaller,1,1,40.3,1321.3,33,32,1
7,Mustang,12,Stormcaller,1,2,40.3,1666.0,42,32,10
7,Mustang,12,Stormcaller,2,0,49.0,1149.0,24,32,-8
7,Mustang,12,Stormcaller,2,1,49.0,1321.3,27,32,-5
7,Mustang,12,Stormcaller,2,2,49.0,1666.0,35,32,3
7,Mustang,13,Sledgehammer,0,0,36.0,3478.0,97,97,0
7,Mustang,13,Sledgehammer,0,1,36.0,3999.7,112,97,15
7,Mustang,13,Sledgehammer,0,2,36.0,5043.1,141,97,44
7,Mustang,13,Sledgehammer,1,0,40.3,3478.0,87,97,-10
7,Mustang,13,Sledgehammer,1,1,40.3,3999.7,100,97,3
7,Mustang,13,Sledgehammer,1,2,40.3,5043.1,126,97,29
7,Mustang,13,Sledgehammer,2,0,49.0,3478.0,72,97,-25
7,Mustang,13,Sledgehammer,2,1,49.0,3999.7,82,97,-15
7,Mustang,13,Sledgehammer,2,2,49.0,5043.1,104,97,7
7,Mustang,14,Hacker,0,0,36.0,3249.0,91,91,0
7,Mustang,14,Hacker,0,1,36.0,3736.3,104,91,13
7,Mustang,14,Hacker,0,2,36.0,4711.1,131,91,40
7,Mustang,14,Hacker,1,0,40.3,3249.0,81,91,-10
7,Mustang,14,Hacker,1,1,40.3,3736.3,93,91,2
7,Mustang,14,Hacker,1,2,40.3,4711.1,117,91,26
7,Mustang,14,Hacker,2,0,49.0,3249.0,67,91,-24
7,Mustang,14,Hacker,2,1,49.0,3736.3,77,91,-14
7,Mustang,14,Hacker,2,2,49.0,4711.1,97,91,6
7,Mustang,15,Arclight,0,0,36.0,4813.0,134,134,0
7,Mustang,15,Arclight,0,1,36.0,5534.9,154,134,20
7,Mustang,15,Arclight,0,2,36.0,6978.8,194,134,60
7,Mustang,15,Arclight,1,0,40.3,4813.0,120,134,-14
7,Mustang,15,Arclight,1,1,40.3,5534.9,138,134,4
7,Mustang,15,Arclight,1,2,40.3,6978.8,174,134,40
7,Mustang,15,Arclight,2,0,49.0,4813.0,99,134,-35
7,Mustang,15,Arclight,2,1,49.0,5534.9,114,134,-20
7,Mustang,15,Arclight,2,2,49.0,6978.8,143,134,9
7,Mustang,16,Phoenix,0,0,36.0,1491.0,42,42,0
7,Mustang,16,Phoenix,0,1,36.0,1714.6,48,42,6
7,Mustang,16,Phoenix,0,2,36.0,2161.9,61,42,19
7,Mustang,16,Phoenix,1,0,40.3,1491.0,37,42,-5
7,Mustang,16,Phoenix,1,1,40.3,1714.6,43,42,1
7,Mustang,16,Phoenix,1,2,40.3,2161.9,54,42,12
7,Mustang,16,Phoenix,2,0,49.0,1491.0,31,42,-11
7,Mustang,16,Phoenix,2,1,49.0,1714.6,36,42,-6
7,Mustang,16,Phoenix,2,2,49.0,2161.9,45,42,3
7,Mustang,17,War Factory,0,0,36.0,113593.0,3156,3156,0
7,Mustang,17,War Factory,0,1,36.0,130631.9,3629,3156,473
7,Mustang,17,War Factory,0,2,36.0,164709.9,4576,3156,1420
7,Mustang,17,War Factory,1,0,40.3,113593.0,2818,3156,-338
7,Mustang,17,War Factory,1,1,40.3,130631.9,3240,3156,84
7,Mustang,17,War Factory,1,2,40.3,164709.9,4086,3156,930
7,Mustang,17,War Factory,2,0,49.0,113593.0,2321,3156,-835
7,Mustang,17,War Factory,2,1,49.0,130631.9,2669,3156,-487
7,Mustang,17,War Factory,2,2,49.0,164709.9,3365,3156,209
7,Mustang,18,Wraith,0,0,36.0,14115.0,393,393,0
7,Mustang,18,Wraith,0,1,36.0,16232.2,451,393,58
7,Mustang,18,Wraith,0,2,36.0,20466.8,569,393,176
7,Mustang,18,Wraith,1,0,40.3,14115.0,351,393,-42
7,Mustang,18,Wraith,1,1,40.3,16232.2,403,393,10
7,Mustang,18,Wraith,1,2,40.3,20466.8,508,393,115
7,Mustang,18,Wraith,2,0,49.0,14115.0,289,393,-104
7,Mustang,18,Wraith,2,1,49.0,16232.2,332,393,-61
7,Mustang,18,Wraith,2,2,49.0,20466.8,419,393,26
7,Mustang,19,Scorpion,0,0,36.0,18632.0,518,518,0
7,Mustang,19,Scorpion,0,1,36.0,21426.8,596,518,78
7,Mustang,19,Scorpion,0,2,36.0,27016.4,751,518,233
7,Mustang,19,Scorpion,1,0,40.3,18632.0,463,518,-55
7,Mustang,19,Scorpion,1,1,40.3,21426.8,532,518,14
7,Mustang,19,Scorpion,1,2,40.3,27016.4,671,518,153
7,Mustang,19,Scorpion,2,0,49.0,18632.0,381,518,-137
7,Mustang,19,Scorpion,2,1,49.0,21426.8,438,518,-80
7,Mustang,19,Scorpion,2,2,49.0,27016.4,552,518,34
7,Mustang,20,Fire Badger,0,0,36.0,4222.0,118,118,0
7,Mustang,20,Fire Badger,0,1,36.0,4855.3,135,118,17
7,Mustang,20,Fire Badger,0,2,36.0,6121.9,171,118,53
7,Mustang,20,Fire Badger,1,0,40.3,4222.0,105,118,-13
7,Mustang,20,Fire Badger,1,1,40.3,4855.3,121,118,3
7,Mustang,20,Fire Badger,1,2,40.3,6121.9,152,118,34
7,Mustang,20,Fire Badger,2,0,49.0,4222.0,87,118,-31
7,Mustang,20,Fire Badger,2,1,49.0,4855.3,100,118,-18
7,Mustang,20,Fire Badger,2,2,49.0,6121.9,126,118,8
7,Mustang,21,Sabertooth,0,0,36.0,14886.0,414,414,0
7,Mustang,21,Sabertooth,0,1,36.0,17118.9,476,414,62
7,Mustang,21,Sabertooth,0,2,36.0,21584.7,600,414,186
7,Mustang,21,Sabertooth,1,0,40.3,14886.0,370,414,-44
7,Mustang,21,Sabertooth,1,1,40.3,17118.9,425,414,11
7,Mustang,21,Sabertooth,1,2,40.3,21584.7,536,414,122
7,Mustang,21,Sabertooth,2,0,49.0,14886.0,305,414,-109
7,Mustang,21,Sabertooth,2,1,49.0,17118.9,350,414,-64
7,Mustang,21,Sabertooth,2,2,49.0,21584.7,441,414,27
7,Mustang,22,Typhoon,0,0,36.0,9529.0,265,265,0
7,Mustang,22,Typhoon,0,1,36.0,10958.3,305,265,40
7,Mustang,22,Typhoon,0,2,36.0,13817.0,384,265,119
7,Mustang,22,Typhoon,1,0,40.3,9529.0,237,265,-28
7,Mustang,22,Typhoon,1,1,40.3,10958.3,272,265,7
7,Mustang,22,Typhoon,1,2,40.3,13817.0,343,265,78
7,Mustang,22,Typhoon,2,0,49.0,9529.0,195,265,-70
7,Mustang,22,Typhoon,2,1,49.0,10958.3,224,265,-41
7,Mustang,22,Typhoon,2,2,49.0,13817.0,283,265,18
7,Mustang,23,Sandworm,0,0,36.0,48645.0,1352,1352,0
7,Mustang,23,Sandworm,0,1,36.0,55941.7,1554,1352,202
7,Mustang,23,Sandworm,0,2,36.0,70535.2,1960,1352,608
7,Mustang,23,Sandworm,1,0,40.3,48645.0,1207,1352,-145
7,Mustang,23,Sandworm,1,1,40.3,55941.7,1388,1352,36
7,Mustang,23,Sandworm,1,2,40.3,70535.2,1750,1352,398
7,Mustang,23,Sandworm,2,0,49.0,48645.0,994,1352,-358
7,Mustang,23,Sandworm,2,1,49.0,55941.7,1143,1352,-209
7,Mustang,23,Sandworm,2,2,49.0,70535.2,1441,1352,89
7,Mustang,24,Tarantula,0,0,36.0,14773.0,411,411,0
7,Mustang,24,Tarantula,0,1,36.0,16988.9,472,411,61
7,Mustang,24,Tarantula,0,2,36.0,21420.8,596,411,185
7,Mustang,24,Tarantula,1,0,40.3,14773.0,367,411,-44
7,Mustang,24,Tarantula,1,1,40.3,16988.9,422,411,11
7,Mustang,24,Tarantula,1,2,40.3,21420.8,532,411,121
7,Mustang,24,Tarantula,2,0,49.0,14773.0,302,411,-109
7,Mustang,24,Tarantula,2,1,49.0,16988.9,347,411,-64
7,Mustang,24,Tarantula,2,2,49.0,21420.8,438,411,27
7,Mustang,25,Phantom Ray,0,0,36.0,3412.0,95,95,0
7,Mustang,25,Phantom Ray,0,1,36.0,3923.8,109,95,14
7,Mustang,25,Phantom Ray,0,2,36.0,4947.4,138,95,43
7,Mustang,25,Phantom Ray,1,0,40.3,3412.0,85,95,-10
7,Mustang,25,Phantom Ray,1,1,40.3,3923.8,98,95,3
7,Mustang,25,Phantom Ray,1,2,40.3,4947.4,123,95,28
7,Mustang,25,Phantom Ray,2,0,49.0,3412.0,70,95,-25
7,Mustang,25,Phantom Ray,2,1,49.0,3923.8,81,95,-14
7,Mustang,25,Phantom Ray,2,2,49.0,4947.4,102,95,7
7,Mustang,26,Farseer,0,0,36.0,11991.0,334,334,0
7,Mustang,26,Farseer,0,1,36.0,13789.6,384,334,50
7,Mustang,26,Farseer,0,2,36.0,17387.0,483,334,149
7,Mustang,26,Farseer,1,0,40.3,11991.0,298,334,-36
7,Mustang,26,Farseer,1,1,40.3,13789.6,343,334,9
7,Mustang,26,Farseer,1,2,40.3,17387.0,432,334,98
7,Mustang,26,Farseer,2,0,49.0,11991.0,245,334,-89
7,Mustang,26,Farseer,2,1,49.0,13789.6,282,334,-52
7,Mustang,26,Farseer,2,2,49.0,17387.0,356,334,22
7,Mustang,27,Raiden,0,0,36.0,16065.0,447,447,0
7,Mustang,27,Raiden,0,1,36.0,18474.8,514,447,67
7,Mustang,27,Raiden,0,2,36.0,23294.2,648,447,201
7,Mustang,27,Raiden,1,0,40.3,16065.0,399,447,-48
7,Mustang,27,Raiden,1,1,40.3,18474.8,459,447,12
7,Mustang,27,Raiden,1,2,40.3,23294.2,578,447,131
7,Mustang,27,Raiden,2,0,49.0,16065.0,329,447,-118
7,Mustang,27,Raiden,2,1,49.0,18474.8,378,447,-69
7,Mustang,27,Raiden,2,2,49.0,23294.2,476,447,29
7,Mustang,28,Hound,0,0,36.0,879.0,25,25,0
7,Mustang,28,Hound,0,1,36.0,1010.8,29,25,4
7,Mustang,28,Hound,0,2,36.0,1274.5,36,25,11
7,Mustang,28,Hound,1,0,40.3,879.0,22,25,-3
7,Mustang,28,Hound,1,1,40.3,1010.8,26,25,1
7,Mustang,28,Hound,1,2,40.3,1274.5,32,25,7
7,Mustang,28,Hound,2,0,49.0,879.0,18,25,-7
7,Mustang,28,Hound,2,1,49.0,1010.8,21,25,-4
7,Mustang,28,Hound,2,2,49.0,1274.5,27,25,2
7,Mustang,29,Abyss,0,0,36.0,66955.0,1860,1860,0
7,Mustang,29,Abyss,0,1,36.0,76998.2,2139,1860,279
7,Mustang,29,Abyss,0,2,36.0,97084.8,2697,1860,837
7,Mustang,29,Abyss,1,0,40.3,66955.0,1661,1860,-199
7,Mustang,29,Abyss,1,1,40.3,76998.2,1910,1860,50
7,Mustang,29,Abyss,1,2,40.3,97084.8,2408,1860,548
7,Mustang,29,Abyss,2,0,49.0,66955.0,1368,1860,-492
7,Mustang,29,Abyss,2,1,49.0,76998.2,1573,1860,-287
7,Mustang,29,Abyss,2,2,49.0,97084.8,1983,1860,123
7,Mustang,30,Void Eye,0,0,36.0,1522.0,43,43,0
7,Mustang,30,Void Eye,0,1,36.0,1750.3,49,43,6
7,Mustang,30,Void Eye,0,2,36.0,2206.9,62,43,19
7,Mustang,30,Void Eye,1,0,40.3,1522.0,38,43,-5
7,Mustang,30,Void Eye,1,1,40.3,1750.3,44,43,1
7,Mustang,30,Void Eye,1,2,40.3,2206.9,55,43,12
7,Mustang,30,Void Eye,2,0,49.0,1522.0,32,43,-11
7,Mustang,30,Void Eye,2,1,49.0,1750.3,36,43,-7
7,Mustang,30,Void Eye,2,2,49.0,2206.9,46,43,3
7,Mustang,31,Vortex,0,0,36.0,7425.0,207,207,0
7,Mustang,31,Vortex,0,1,36.0,8538.8,238,207,31
7,Mustang,31,Vortex,0,2,36.0,10766.2,300,207,93
7,Mustang,31,Vortex,1,0,40.3,7425.0,185,207,-22
7,Mustang,31,Vortex,1,1,40.3,8538.8,212,207,5
7,Mustang,31,Vortex,1,2,40.3,10766.2,268,207,61
7,Mustang,31,Vortex,2,0,49.0,7425.0,152,207,-55
7,Mustang,31,Vortex,2,1,49.0,8538.8,175,207,-32
7,Mustang,31,Vortex,2,2,49.0,10766.2,220,207,13
7,Mustang,2002,Mountain,0,0,36.0,136657.0,3797,3797,0
7,Mustang,2002,Mountain,0,1,36.0,157155.5,4366,3797,569
7,Mustang,2002,Mountain,0,2,36.0,198152.6,5505,3797,1708
7,Mustang,2002,Mountain,1,0,40.3,136657.0,3390,3797,-407
7,Mustang,2002,Mountain,1,1,40.3,157155.5,3898,3797,101
7,Mustang,2002,Mountain,1,2,40.3,198152.6,4915,3797,1118
7,Mustang,2002,Mountain,2,0,49.0,136657.0,2792,3797,-1005
7,Mustang,2002,Mountain,2,1,49.0,157155.5,3210,3797,-587
7,Mustang,2002,Mountain,2,2,49.0,198152.6,4048,3797,251
8,Steel Ball,1,Fortress,0,0,55.0,43938.0,799,799,0
8,Steel Ball,1,Fortress,0,1,55.0,50528.7,919,799,120
8,Steel Ball,1,Fortress,0,2,55.0,63710.1,1159,799,360
8,Steel Ball,1,Fortress,1,0,61.6,43938.0,714,799,-85
8,Steel Ball,1,Fortress,1,1,61.6,50528.7,821,799,22
8,Steel Ball,1,Fortress,1,2,61.6,63710.1,1035,799,236
8,Steel Ball,1,Fortress,2,0,74.8,43938.0,588,799,-211
8,Steel Ball,1,Fortress,2,1,74.8,50528.7,676,799,-123
8,Steel Ball,1,Fortress,2,2,74.8,63710.1,852,799,53
8,Steel Ball,2,Marksman,0,0,55.0,1622.0,30,30,0
8,Steel Ball,2,Marksman,0,1,55.0,1865.3,34,30,4
8,Steel Ball,2,Marksman,0,2,55.0,2351.9,43,30,13
8,Steel Ball,2,Marksman,1,0,61.6,1622.0,27,30,-3
8,Steel Ball,2,Marksman,1,1,61.6,1865.3,31,30,1
8,Steel Ball,2,Marksman,1,2,61.6,2351.9,39,30,9
8,Steel Ball,2,Marksman,2,0,74.8,1622.0,22,30,-8
8,Steel Ball,2,Marksman,2,1,74.8,1865.3,25,30,-5
8,Steel Ball,2,Marksman,2,2,74.8,2351.9,32,30,2
8,Steel Ball,3,Vulcan,0,0,55.0,30279.0,551,551,0
8,Steel Ball,3,Vulcan,0,1,55.0,34820.8,634,551,83
8,Steel Ball,3,Vulcan,0,2,55.0,43904.5,799,551,248
8,Steel Ball,3,Vulcan,1,0,61.6,30279.0,492,551,-59
8,Steel Ball,3,Vulcan,1,1,61.6,34820.8,566,551,15
8,Steel Ball,3,Vulcan,1,2,61.6,43904.5,713,551,162
8,Steel Ball,3,Vulcan,2,0,74.8,30279.0,405,551,-146
8,Steel Ball,3,Vulcan,2,1,74.8,34820.8,466,551,-85
8,Steel Ball,3,Vulcan,2,2,74.8,43904.5,587,551,36
8,Steel Ball,4,Melting Point,0,0,55.0,30907.0,562,562,0
8,Steel Ball,4,Melting Point,0,1,55.0,35543.0,647,562,85
8,Steel Ball,4,Melting Point,0,2,55.0,44815.2,815,562,253
8,Steel Ball,4,Melting Point,1,0,61.6,30907.0,502,562,-60
8,Steel Ball,4,Melting Point,1,1,61.6,35543.0,577,562,15
8,Steel Ball,4,Melting Point,1,2,61.6,44815.2,728,562,166
8,Steel Ball,4,Melting Point,2,0,74.8,30907.0,414,562,-148
8,Steel Ball,4,Melting Point,2,1,74.8,35543.0,476,562,-86
8,Steel Ball,4,Melting Point,2,2,74.8,44815.2,600,562,38
8,Steel Ball,5,Rhino,0,0,55.0,19297.0,351,351,0
8,Steel Ball,5,Rhino,0,1,55.0,22191.5,404,351,53
8,Steel Ball,5,Rhino,0,2,55.0,27980.6,509,351,158
8,Steel Ball,5,Rhino,1,0,61.6,19297.0,314,351,-37
8,Steel Ball,5,Rhino,1,1,61.6,22191.5,361,351,10
8,Steel Ball,5,Rhino,1,2,61.6,27980.6,455,351,104
8,Steel Ball,5,Rhino,2,0,74.8,19297.0,258,351,-93
8,Steel Ball,5,Rhino,2,1,74.8,22191.5,297,351,-54
8,Steel Ball,5,Rhino,2,2,74.8,27980.6,375,351,24
8,Steel Ball,7,Mustang,0,0,55.0,343.0,7,7,0
8,Steel Ball,7,Mustang,0,1,55.0,394.4,8,7,1
8,Steel Ball,7,Mustang,0,2,55.0,497.3,10,7,3
8,Steel Ball,7,Mustang,1,0,61.6,343.0,6,7,-1
8,Steel Ball,7,Mustang,1,1,61.6,394.4,7,7,0
8,Steel Ball,7,Mustang,1,2,61.6,497.3,9,7,2
8,Steel Ball,7,Mustang,2,0,74.8,343.0,5,7,-2
8,Steel Ball,7,Mustang,2,1,74.8,394.4,6,7,-1
8,Steel Ball,7,Mustang,2,2,74.8,497.3,7,7,0
8,Steel Ball,8,Steel Ball,0,0,55.0,4571.0,84,84,0
8,Steel Ball,8,Steel Ball,0,1,55.0,5256.6,96,84,12
8,Steel Ball,8,Steel Ball,0,2,55.0,6627.9,121,84,37
8,Steel Ball,8,Steel Ball,1,0,61.6,4571.0,75,84,-9
8,Steel Ball,8,Steel Ball,1,1,61.6,5256.6,86,84,2
8,Steel Ball,8,Steel Ball,1,2,61.6,6627.9,108,84,24
8,Steel Ball,8,Steel Ball,2,0,74.8,4571.0,62,84,-22
8,Steel Ball,8,Steel Ball,2,1,74.8,5256.6,71,84,-13
8,Steel Ball,8,Steel Ball,2,2,74.8,6627.9,89,84,5
8,Steel Ball,9,Fang,0,0,55.0,117.0,3,3,0
8,Steel Ball,9,Fang,0,1,55.0,134.5,3,3,0
8,Steel Ball,9,Fang,0,2,55.0,169.7,4,3,1
8,Steel Ball,9,Fang,1,0,61.6,117.0,2,3,-1
8,Steel Ball,9,Fang,1,1,61.6,134.5,3,3,0
8,Steel Ball,9,Fang,1,2,61.6,169.7,3,3,0
8,Steel Ball,9,Fang,2,0,74.8,117.0,2,3,-1
8,Steel Ball,9,Fang,2,1,74.8,134.5,2,3,-1
8,Steel Ball,9,Fang,2,2,74.8,169.7,3,3,0
8,Steel Ball,10,Crawler,0,0,55.0,263.0,5,5,0
8,Steel Ball,10,Crawler,0,1,55.0,302.4,6,5,1
8,Steel Ball,10,Crawler,0,2,55.0,381.3,7,5,2
8,Steel Ball,10,Crawler,1,0,61.6,263.0,5,5,0
8,Steel Ball,10,Crawler,1,1,61.6,302.4,5,5,0
8,Steel Ball,10,Crawler,1,2,61.6,381.3,7,5,2
8,Steel Ball,10,Crawler,2,0,74.8,263.0,4,5,-1
8,Steel Ball,10,Crawler,2,1,74.8,302.4,5,5,0
8,Steel Ball,10,Crawler,2,2,74.8,381.3,6,5,1
8,Steel Ball,12,Stormcaller,0,0,55.0,1149.0,21,21,0
8,Steel Ball,12,Stormcaller,0,1,55.0,1321.3,25,21,4
8,Steel Ball,12,Stormcaller,0,2,55.0,1666.0,31,21,10
8,Steel Ball,12,Stormcaller,1,0,61.6,1149.0,19,21,-2
8,Steel Ball,12,Stormcaller,1,1,61.6,1321.3,22,21,1
8,Steel Ball,12,Stormcaller,1,2,61.6,1666.0,28,21,7
8,Steel Ball,12,Stormcaller,2,0,74.8,1149.0,16,21,-5
8,Steel Ball,12,Stormcaller,2,1,74.8,1321.3,18,21,-3
8,Steel Ball,12,Stormcaller,2,2,74.8,1666.0,23,21,2
8,Steel Ball,13,Sledgehammer,0,0,55.0,3478.0,64,64,0
8,Steel Ball,13,Sledgehammer,0,1,55.0,3999.7,73,64,9
8,Steel Ball,13,Sledgehammer,0,2,55.0,5043.1,92,64,28
8,Steel Ball,13,Sledgehammer,1,0,61.6,3478.0,57,64,-7
8,Steel Ball,13,Sledgehammer,1,1,61.6,3999.7,65,64,1
8,Steel Ball,13,Sledgehammer,1,2,61.6,5043.1,82,64,18
8,Steel Ball,13,Sledgehammer,2,0,74.8,3478.0,47,64,-17
8,Steel Ball,13,Sledgehammer,2,1,74.8,3999.7,54,64,-10
8,Steel Ball,13,Sledgehammer,2,2,74.8,5043.1,68,64,4
8,Steel Ball,14,Hacker,0,0,55.0,3249.0,60,60,0
8,Steel Ball,14,Hacker,0,1,55.0,3736.3,68,60,8
8,Steel Ball,14,Hacker,0,2,55.0,4711.1,86,60,26
8,Steel Ball,14,Hacker,1,0,61.6,3249.0,53,60,-7
8,Steel Ball,14,Hacker,1,1,61.6,3736.3,61,60,1
8,Steel Ball,14,Hacker,1,2,61.6,4711.1,77,60,17
8,Steel Ball,14,Hacker,2,0,74.8,3249.0,44,60,-16
8,Steel Ball,14,Hacker,2,1,74.8,3736.3,50,60,-10
8,Steel Ball,14,Hacker,2,2,74.8,4711.1,63,60,3
8,Steel Ball,15,Arclight,0,0,55.0,4813.0,88,88,0
8,Steel Ball,15,Arclight,0,1,55.0,5534.9,101,88,13
8,Steel Ball,15,Arclight,0,2,55.0,6978.8,127,88,39
8,Steel Ball,15,Arclight,1,0,61.6,4813.0,79,88,-9
8,Steel Ball,15,Arclight,1,1,61.6,5534.9,90,88,2
8,Steel Ball,15,Arclight,1,2,61.6,6978.8,114,88,26
8,Steel Ball,15,Arclight,2,0,74.8,4813.0,65,88,-23
8,Steel Ball,15,Arclight,2,1,74.8,5534.9,74,88,-14
8,Steel Ball,15,Arclight,2,2,74.8,6978.8,94,88,6
8,Steel Ball,17,War Factory,0,0,55.0,113593.0,2066,2066,0
8,Steel Ball,17,War Factory,0,1,55.0,130631.9,2376,2066,310
8,Steel Ball,17,War Factory,0,2,55.0,164709.9,2995,2066,929
8,Steel Ball,17,War Factory,1,0,61.6,113593.0,1845,2066,-221
8,Steel Ball,17,War Factory,1,1,61.6,130631.9,2121,2066,55
8,Steel Ball,17,War Factory,1,2,61.6,164709.9,2674,2066,608
8,Steel Ball,17,War Factory,2,0,74.8,113593.0,1519,2066,-547
8,Steel Ball,17,War Factory,2,1,74.8,130631.9,1747,2066,-319
8,Steel Ball,17,War Factory,2,2,74.8,164709.9,2203,2066,137
8,Steel Ball,19,Scorpion,0,0,55.0,18632.0,339,339,0
8,Steel Ball,19,Scorpion,0,1,55.0,21426.8,390,339,51
8,Steel Ball,19,Scorpion,0,2,55.0,27016.4,492,339,153
8,Steel Ball,19,Scorpion,1,0,61.6,18632.0,303,339,-36
8,Steel Ball,19,Scorpion,1,1,61.6,21426.8,348,339,9
8,Steel Ball,19,Scorpion,1,2,61.6,27016.4,439,339,100
8,Steel Ball,19,Scorpion,2,0,74.8,18632.0,250,339,-89
8,Steel Ball,19,Scorpion,2,1,74.8,21426.8,287,339,-52
8,Steel Ball,19,Scorpion,2,2,74.8,27016.4,362,339,23
8,Steel Ball,20,Fire Badger,0,0,55.0,4222.0,77,77,0
8,Steel Ball,20,Fire Badger,0,1,55.0,4855.3,89,77,12
8,Steel Ball,20,Fire Badger,0,2,55.0,6121.9,112,77,35
8,Steel Ball,20,Fire Badger,1,0,61.6,4222.0,69,77,-8
8,Steel Ball,20,Fire Badger,1,1,61.6,4855.3,79,77,2
8,Steel Ball,20,Fire Badger,1,2,61.6,6121.9,100,77,23
8,Steel Ball,20,Fire Badger,2,0,74.8,4222.0,57,77,-20
8,Steel Ball,20,Fire Badger,2,1,74.8,4855.3,65,77,-12
8,Steel Ball,20,Fire Badger,2,2,74.8,6121.9,82,77,5
8,Steel Ball,21,Sabertooth,0,0,55.0,14886.0,271,271,0
8,Steel Ball,21,Sabertooth,0,1,55.0,17118.9,312,271,41
8,Steel Ball,21,Sabertooth,0,2,55.0,21584.7,393,271,122
8,Steel Ball,21,Sabertooth,1,0,61.6,14886.0,242,271,-29
8,Steel Ball,21,Sabertooth,1,1,61.6,17118.9,278,271,7
8,Steel Ball,21,Sabertooth,1,2,61.6,21584.7,351,271,80
8,Steel Ball,21,Sabertooth,2,0,74.8,14886.0,200,271,-71
8,Steel Ball,21,Sabertooth,2,1,74.8,17118.9,229,271,-42
8,Steel Ball,21,Sabertooth,2,2,74.8,21584.7,289,271,18
8,Steel Ball,22,Typhoon,0,0,55.0,9529.0,174,174,0
8,Steel Ball,22,Typhoon,0,1,55.0,10958.3,200,174,26
8,Steel Ball,22,Typhoon,0,2,55.0,13817.0,252,174,78
8,Steel Ball,22,Typhoon,1,0,61.6,9529.0,155,174,-19
8,Steel Ball,22,Typhoon,1,1,61.6,10958.3,178,174,4
8,Steel Ball,22,Typhoon,1,2,61.6,13817.0,225,174,51
8,Steel Ball,22,Typhoon,2,0,74.8,9529.0,128,174,-46
8,Steel Ball,22,Typhoon,2,1,74.8,10958.3,147,174,-27
8,Steel Ball,22,Typhoon,2,2,74.8,13817.0,185,174,11
8,Steel Ball,23,Sandworm,0,0,55.0,48645.0,885,885,0
8,Steel Ball,23,Sandworm,0,1,55.0,55941.7,1018,885,133
8,Steel Ball,23,Sandworm,0,2,55.0,70535.2,1283,885,398
8,Steel Ball,23,Sandworm,1,0,61.6,48645.0,790,885,-95
8,Steel Ball,23,Sandworm,1,1,61.6,55941.7,909,885,24
8,Steel Ball,23,Sandworm,1,2,61.6,70535.2,1146,885,261
8,Steel Ball,23,Sandworm,2,0,74.8,48645.0,651,885,-234
8,Steel Ball,23,Sandworm,2,1,74.8,55941.7,748,885,-137
8,Steel Ball,23,Sandworm,2,2,74.8,70535.2,943,885,58
8,Steel Ball,24,Tarantula,0,0,55.0,14773.0,269,269,0
8,Steel Ball,24,Tarantula,0,1,55.0,16988.9,309,269,40
8,Steel Ball,24,Tarantula,0,2,55.0,21420.8,390,269,121
8,Steel Ball,24,Tarantula,1,0,61.6,14773.0,240,269,-29
8,Steel Ball,24,Tarantula,1,1,61.6,16988.9,276,269,7
8,Steel Ball,24,Tarantula,1,2,61.6,21420.8,348,269,79
8,Steel Ball,24,Tarantula,2,0,74.8,14773.0,198,269,-71
8,Steel Ball,24,Tarantula,2,1,74.8,16988.9,228,269,-41
8,Steel Ball,24,Tarantula,2,2,74.8,21420.8,287,269,18
8,Steel Ball,26,Farseer,0,0,55.0,11991.0,219,219,0
8,Steel Ball,26,Farseer,0,1,55.0,13789.6,251,219,32
8,Steel Ball,26,Farseer,0,2,55.0,17387.0,317,219,98
8,Steel Ball,26,Farseer,1,0,61.6,11991.0,195,219,-24
8,Steel Ball,26,Farseer,1,1,61.6,13789.6,224,219,5
8,Steel Ball,26,Farseer,1,2,61.6,17387.0,283,219,64
8,Steel Ball,26,Farseer,2,0,74.8,11991.0,161,219,-58
8,Steel Ball,26,Farseer,2,1,74.8,13789.6,185,219,-34
8,Steel Ball,26,Farseer,2,2,74.8,17387.0,233,219,14
8,Steel Ball,28,Hound,0,0,55.0,879.0,16,16,0
8,Steel Ball,28,Hound,0,1,55.0,1010.8,19,16,3
8,Steel Ball,28,Hound,0,2,55.0,1274.5,24,16,8
8,Steel Ball,28,Hound,1,0,61.6,879.0,15,16,-1
8,Steel Ball,28,Hound,1,1,61.6,1010.8,17,16,1
8,Steel Ball,28,Hound,1,2,61.6,1274.5,21,16,5
8,Steel Ball,28,Hound,2,0,74.8,879.0,12,16,-4
8,Steel Ball,28,Hound,2,1,74.8,1010.8,14,16,-2
8,Steel Ball,28,Hound,2,2,74.8,1274.5,18,16,2
8,Steel Ball,30,Void Eye,0,0,55.0,1522.0,28,28,0
8,Steel Ball,30,Void Eye,0,1,55.0,1750.3,32,28,4
8,Steel Ball,30,Void Eye,0,2,55.0,2206.9,41,28,13
8,Steel Ball,30,Void Eye,1,0,61.6,1522.0,25,28,-3
8,Steel Ball,30,Void Eye,1,1,61.6,1750.3,29,28,1
8,Steel Ball,30,Void Eye,1,2,61.6,2206.9,36,28,8
8,Steel Ball,30,Void Eye,2,0,74.8,1522.0,21,28,-7
8,Steel Ball,30,Void Eye,2,1,74.8,1750.3,24,28,-4
8,Steel Ball,30,Void Eye,2,2,74.8,2206.9,30,28,2
8,Steel Ball,31,Vortex,0,0,55.0,7425.0,135,135,0
8,Steel Ball,31,Vortex,0,1,55.0,8538.8,156,135,21
8,Steel Ball,31,Vortex,0,2,55.0,10766.2,196,135,61
8,Steel Ball,31,Vortex,1,0,61.6,7425.0,121,135,-14
8,Steel Ball,31,Vortex,1,1,61.6,8538.8,139,135,4
8,Steel Ball,31,Vortex,1,2,61.6,10766.2,175,135,40
8,Steel Ball,31,Vortex,2,0,74.8,7425.0,100,135,-35
8,Steel Ball,31,Vortex,2,1,74.8,8538.8,115,135,-20
8,Steel Ball,31,Vortex,2,2,74.8,10766.2,144,135,9
8,Steel Ball,2002,Mountain,0,0,55.0,136657.0,2485,2485,0
8,Steel Ball,2002,Mountain,0,1,55.0,157155.5,2858,2485,373
8,Steel Ball,2002,Mountain,0,2,55.0,198152.6,3603,2485,1118
8,Steel Ball,2002,Mountain,1,0,61.6,136657.0,2219,2485,-266
8,Steel Ball,2002,Mountain,1,1,61.6,157155.5,2552,2485,67
8,Steel Ball,2002,Mountain,1,2,61.6,198152.6,3217,2485,732
8,Steel Ball,2002,Mountain,2,0,74.8,136657.0,1827,2485,-658
8,Steel Ball,2002,Mountain,2,1,74.8,157155.5,2102,2485,-383
8,Steel Ball,2002,Mountain,2,2,74.8,198152.6,2650,2485,165
9,Fang,1,Fortress,0,0,63.0,43938.0,698,698,0
9,Fang,1,Fortress,0,1,63.0,50528.7,803,698,105
9,Fang,1,Fortress,0,2,63.0,63710.1,1012,698,314
9,Fang,1,Fortress,1,0,70.6,43938.0,623,698,-75
9,Fang,1,Fortress,1,1,70.6,50528.7,717,698,19
9,Fang,1,Fortress,1,2,70.6,63710.1,903,698,205
9,Fang,1,Fortress,2,0,85.7,43938.0,513,698,-185
9,Fang,1,Fortress,2,1,85.7,50528.7,590,698,-108
9,Fang,1,Fortress,2,2,85.7,63710.1,744,698,46
9,Fang,2,Marksman,0,0,63.0,1622.0,26,26,0
9,Fang,2,Marksman,0,1,63.0,1865.3,30,26,4
9,Fang,2,Marksman,0,2,63.0,2351.9,38,26,12
9,Fang,2,Marksman,1,0,70.6,1622.0,23,26,-3
9,Fang,2,Marksman,1,1,70.6,1865.3,27,26,1
9,Fang,2,Marksman,1,2,70.6,2351.9,34,26,8
9,Fang,2,Marksman,2,0,85.7,1622.0,19,26,-7
9,Fang,2,Marksman,2,1,85.7,1865.3,22,26,-4
9,Fang,2,Marksman,2,2,85.7,2351.9,28,26,2
9,Fang,3,Vulcan,0,0,63.0,30279.0,481,481,0
9,Fang,3,Vulcan,0,1,63.0,34820.8,553,481,72
9,Fang,3,Vulcan,0,2,63.0,43904.5,697,481,216
9,Fang,3,Vulcan,1,0,70.6,30279.0,430,481,-51
9,Fang,3,Vulcan,1,1,70.6,34820.8,494,481,13
9,Fang,3,Vulcan,1,2,70.6,43904.5,623,481,142
9,Fang,3,Vulcan,2,0,85.7,30279.0,354,481,-127
9,Fang,3,Vulcan,2,1,85.7,34820.8,407,481,-74
9,Fang,3,Vulcan,2,2,85.7,43904.5,513,481,32
9,Fang,4,Melting Point,0,0,63.0,30907.0,491,491,0
9,Fang,4,Melting Point,0,1,63.0,35543.0,565,491,74
9,Fang,4,Melting Point,0,2,63.0,44815.2,712,491,221
9,Fang,4,Melting Point,1,0,70.6,30907.0,439,491,-52
9,Fang,4,Melting Point,1,1,70.6,35543.0,504,491,13
9,Fang,4,Melting Point,1,2,70.6,44815.2,636,491,145
9,Fang,4,Melting Point,2,0,85.7,30907.0,361,491,-130
9,Fang,4,Melting Point,2,1,85.7,35543.0,415,491,-76
9,Fang,4,Melting Point,2,2,85.7,44815.2,524,491,33
9,Fang,5,Rhino,0,0,63.0,19297.0,307,307,0
9,Fang,5,Rhino,0,1,63.0,22191.5,353,307,46
9,Fang,5,Rhino,0,2,63.0,27980.6,445,307,138
9,Fang,5,Rhino,1,0,70.6,19297.0,274,307,-33
9,Fang,5,Rhino,1,1,70.6,22191.5,315,307,8
9,Fang,5,Rhino,1,2,70.6,27980.6,397,307,90
9,Fang,5,Rhino,2,0,85.7,19297.0,226,307,-81
9,Fang,5,Rhino,2,1,85.7,22191.5,260,307,-47
9,Fang,5,Rhino,2,2,85.7,27980.6,327,307,20
9,Fang,6,Wasp,0,0,63.0,311.0,5,5,0
9,Fang,6,Wasp,0,1,63.0,357.6,6,5,1
9,Fang,6,Wasp,0,2,63.0,450.9,8,5,3
9,Fang,6,Wasp,1,0,70.6,311.0,5,5,0
9,Fang,6,Wasp,1,1,70.6,357.6,6,5,1
9,Fang,6,Wasp,1,2,70.6,450.9,7,5,2
9,Fang,6,Wasp,2,0,85.7,311.0,4,5,-1
9,Fang,6,Wasp,2,1,85.7,357.6,5,5,0
9,Fang,6,Wasp,2,2,85.7,450.9,6,5,1
9,Fang,7,Mustang,0,0,63.0,343.0,6,6,0
9,Fang,7,Mustang,0,1,63.0,394.4,7,6,1
9,Fang,7,Mustang,0,2,63.0,497.3,8,6,2
9,Fang,7,Mustang,1,0,70.6,343.0,5,6,-1
9,Fang,7,Mustang,1,1,70.6,394.4,6,6,0
9,Fang,7,Mustang,1,2,70.6,497.3,8,6,2
9,Fang,7,Mustang,2,0,85.7,343.0,5,6,-1
9,Fang,7,Mustang,2,1,85.7,394.4,5,6,-1
9,Fang,7,Mustang,2,2,85.7,497.3,6,6,0
9,Fang,8,Steel Ball,0,0,63.0,4571.0,73,73,0
9,Fang,8,Steel Ball,0,1,63.0,5256.6,84,73,11
9,Fang,8,Steel Ball,0,2,63.0,6627.9,106,73,33
9,Fang,8,Steel Ball,1,0,70.6,4571.0,65,73,-8
9,Fang,8,Steel Ball,1,1,70.6,5256.6,75,73,2
9,Fang,8,Steel Ball,1,2,70.6,6627.9,94,73,21
9,Fang,8,Steel Ball,2,0,85.7,4571.0,54,73,-19
9,Fang,8,Steel Ball,2,1,85.7,5256.6,62,73,-11
9,Fang,8,Steel Ball,2,2,85.7,6627.9,78,73,5
9,Fang,9,Fang,0,0,63.0,117.0,2,2,0
9,Fang,9,Fang,0,1,63.0,134.5,3,2,1
9,Fang,9,Fang,0,2,63.0,169.7,3,2,1
9,Fang,9,Fang,1,0,70.6,117.0,2,2,0
9,Fang,9,Fang,1,1,70.6,134.5,2,2,0
9,Fang,9,Fang,1,2,70.6,169.7,3,2,1
9,Fang,9,Fang,2,0,85.7,117.0,2,2,0
9,Fang,9,Fang,2,1,85.7,134.5,2,2,0
9,Fang,9,Fang,2,2,85.7,169.7,2,2,0
9,Fang,10,Crawler,0,0,63.0,263.0,5,5,0
9,Fang,10,Crawler,0,1,63.0,302.4,5,5,0
9,Fang,10,Crawler,0,2,63.0,381.3,7,5,2
9,Fang,10,Crawler,1,0,70.6,263.0,4,5,-1
9,Fang,10,Crawler,1,1,70.6,302.4,5,5,0
9,Fang,10,Crawler,1,2,70.6,381.3,6,5,1
9,Fang,10,Crawler,2,0,85.7,263.0,4,5,-1
9,Fang,10,Crawler,2,1,85.7,302.4,4,5,-1
9,Fang,10,Crawler,2,2,85.7,381.3,5,5,0
9,Fang,11,Overlord,0,0,63.0,21339.0,339,339,0
9,Fang,11,Overlord,0,1,63.0,24539.8,390,339,51
9,Fang,11,Overlord,0,2,63.0,30941.5,492,339,153
9,Fang,11,Overlord,1,0,70.6,21339.0,303,339,-36
9,Fang,11,Overlord,1,1,70.6,24539.8,348,339,9
9,Fang,11,Overlord,1,2,70.6,30941.5,439,339,100
9,Fang,11,Overlord,2,0,85.7,21339.0,250,339,-89
9,Fang,11,Overlord,2,1,85.7,24539.8,287,339,-52
9,Fang,11,Overlord,2,2,85.7,30941.5,362,339,23
9,Fang,12,Stormcaller,0,0,63.0,1149.0,19,19,0
9,Fang,12,Stormcaller,0,1,63.0,1321.3,21,19,2
9,Fang,12,Stormcaller,0,2,63.0,1666.0,27,19,8
9,Fang,12,Stormcaller,1,0,70.6,1149.0,17,19,-2
9,Fang,12,Stormcaller,1,1,70.6,1321.3,19,19,0
9,Fang,12,Stormcaller,1,2,70.6,1666.0,24,19,5
9,Fang,12,Stormcaller,2,0,85.7,1149.0,14,19,-5
9,Fang,12,Stormcaller,2,1,85.7,1321.3,16,19,-3
9,Fang,12,Stormcaller,2,2,85.7,1666.0,20,19,1
9,Fang,13,Sledgehammer,0,0,63.0,3478.0,56,56,0
9,Fang,13,Sledgehammer,0,1,63.0,3999.7,64,56,8
9,Fang,13,Sledgehammer,0,2,63.0,5043.1,81,56,25
9,Fang,13,Sledgehammer,1,0,70.6,3478.0,50,56,-6
9,Fang,13,Sledgehammer,1,1,70.6,3999.7,57,56,1
9,Fang,13,Sledgehammer,1,2,70.6,5043.1,72,56,16
9,Fang,13,Sledgehammer,2,0,85.7,3478.0,41,56,-15
9,Fang,13,Sledgehammer,2,1,85.7,3999.7,47,56,-9
9,Fang,13,Sledgehammer,2,2,85.7,5043.1,59,56,3
9,Fang,14,Hacker,0,0,63.0,3249.0,52,52,0
9,Fang,14,Hacker,0,1,63.0,3736.3,60,52,8
9,Fang,14,Hacker,0,2,63.0,4711.1,75,52,23
9,Fang,14,Hacker,1,0,70.6,3249.0,47,52,-5
9,Fang,14,Hacker,1,1,70.6,3736.3,53,52,1
9,Fang,14,Hacker,1,2,70.6,4711.1,67,52,15
9,Fang,14,Hacker,2,0,85.7,3249.0,38,52,-14
9,Fang,14,Hacker,2,1,85.7,3736.3,44,52,-8
9,Fang,14,Hacker,2,2,85.7,4711.1,55,52,3
9,Fang,15,Arclight,0,0,63.0,4813.0,77,77,0
9,Fang,15,Arclight,0,1,63.0,5534.9,88,77,11
9,Fang,15,Arclight,0,2,63.0,6978.8,111,77,34
9,Fang,15,Arclight,1,0,70.6,4813.0,69,77,-8
9,Fang,15,Arclight,1,1,70.6,5534.9,79,77,2
9,Fang,15,Arclight,1,2,70.6,6978.8,99,77,22
9,Fang,15,Arclight,2,0,85.7,4813.0,57,77,-20
9,Fang,15,Arclight,2,1,85.7,5534.9,65,77,-12
9,Fang,15,Arclight,2,2,85.7,6978.8,82,77,5
9,Fang,16,Phoenix,0,0,63.0,1491.0,24,24,0
9,Fang,16,Phoenix,0,1,63.0,1714.6,28,24,4
9,Fang,16,Phoenix,0,2,63.0,2161.9,35,24,11
9,Fang,16,Phoenix,1,0,70.6,1491.0,22,24,-2
9,Fang,16,Phoenix,1,1,70.6,1714.6,25,24,1
9,Fang,16,Phoenix,1,2,70.6,2161.9,31,24,7
9,Fang,16,Phoenix,2,0,85.7,1491.0,18,24,-6
9,Fang,16,Phoenix,2,1,85.7,1714.6,21,24,-3
9,Fang,16,Phoenix,2,2,85.7,2161.9,26,24,2
9,Fang,17,War Factory,0,0,63.0,113593.0,1804,1804,0
9,Fang,17,War Factory,0,1,63.0,130631.9,2074,1804,270
9,Fang,17,War Factory,0,2,63.0,164709.9,2615,1804,811
9,Fang,17,War Factory,1,0,70.6,113593.0,1610,1804,-194
9,Fang,17,War Factory,1,1,70.6,130631.9,1852,1804,48
9,Fang,17,War Factory,1,2,70.6,164709.9,2335,1804,531
9,Fang,17,War Factory,2,0,85.7,113593.0,1326,1804,-478
9,Fang,17,War Factory,2,1,85.7,130631.9,1525,1804,-279
9,Fang,17,War Factory,2,2,85.7,164709.9,1923,1804,119
9,Fang,18,Wraith,0,0,63.0,14115.0,225,225,0
9,Fang,18,Wraith,0,1,63.0,16232.2,258,225,33
9,Fang,18,Wraith,0,2,63.0,20466.8,325,225,100
9,Fang,18,Wraith,1,0,70.6,14115.0,201,225,-24
9,Fang,18,Wraith,1,1,70.6,16232.2,231,225,6
9,Fang,18,Wraith,1,2,70.6,20466.8,291,225,66
9,Fang,18,Wraith,2,0,85.7,14115.0,165,225,-60
9,Fang,18,Wraith,2,1,85.7,16232.2,190,225,-35
9,Fang,18,Wraith,2,2,85.7,20466.8,239,225,14
9,Fang,19,Scorpion,0,0,63.0,18632.0,296,296,0
9,Fang,19,Scorpion,0,1,63.0,21426.8,341,296,45
9,Fang,19,Scorpion,0,2,63.0,27016.4,429,296,133
9,Fang,19,Scorpion,1,0,70.6,18632.0,265,296,-31
9,Fang,19,Scorpion,1,1,70.6,21426.8,304,296,8
9,Fang,19,Scorpion,1,2,70.6,27016.4,383,296,87
9,Fang,19,Scorpion,2,0,85.7,18632.0,218,296,-78
9,Fang,19,Scorpion,2,1,85.7,21426.8,251,296,-45
9,Fang,19,Scorpion,2,2,85.7,27016.4,316,296,20
9,Fang,20,Fire Badger,0,0,63.0,4222.0,68,68,0
9,Fang,20,Fire Badger,0,1,63.0,4855.3,78,68,10
9,Fang,20,Fire Badger,0,2,63.0,6121.9,98,68,30
9,Fang,20,Fire Badger,1,0,70.6,4222.0,60,68,-8
9,Fang,20,Fire Badger,1,1,70.6,4855.3,69,68,1
9,Fang,20,Fire Badger,1,2,70.6,6121.9,87,68,19
9,Fang,20,Fire Badger,2,0,85.7,4222.0,50,68,-18
9,Fang,20,Fire Badger,2,1,85.7,4855.3,57,68,-11
9,Fang,20,Fire Badger,2,2,85.7,6121.9,72,68,4
9,Fang,21,Sabertooth,0,0,63.0,14886.0,237,237,0
9,Fang,21,Sabertooth,0,1,63.0,17118.9,272,237,35
9,Fang,21,Sabertooth,0,2,63.0,21584.7,343,237,106
9,Fang,21,Sabertooth,1,0,70.6,14886.0,211,237,-26
9,Fang,21,Sabertooth,1,1,70.6,17118.9,243,237,6
9,Fang,21,Sabertooth,1,2,70.6,21584.7,306,237,69
9,Fang,21,Sabertooth,2,0,85.7,14886.0,174,237,-63
9,Fang,21,Sabertooth,2,1,85.7,17118.9,200,237,-37
9,Fang,21,Sabertooth,2,2,85.7,21584.7,252,237,15
9,Fang,22,Typhoon,0,0,63.0,9529.0,152,152,0
9,Fang,22,Typhoon,0,1,63.0,10958.3,174,152,22
9,Fang,22,Typhoon,0,2,63.0,13817.0,220,152,68
9,Fang,22,Typhoon,1,0,70.6,9529.0,136,152,-16
9,Fang,22,Typhoon,1,1,70.6,10958.3,156,152,4
9,Fang,22,Typhoon,1,2,70.6,13817.0,196,152,44
9,Fang,22,Typhoon,2,0,85.7,9529.0,112,152,-40
9,Fang,22,Typhoon,2,1,85.7,10958.3,128,152,-24
9,Fang,22,Typhoon,2,2,85.7,13817.0,162,152,10
9,Fang,23,Sandworm,0,0,63.0,48645.0,773,773,0
9,Fang,23,Sandworm,0,1,63.0,55941.7,888,773,115
9,Fang,23,Sandworm,0,2,63.0,70535.2,1120,773,347
9,Fang,23,Sandworm,1,0,70.6,48645.0,690,773,-83
9,Fang,23,Sandworm,1,1,70.6,55941.7,793,773,20
9,Fang,23,Sandworm,1,2,70.6,70535.2,1000,773,227
9,Fang,23,Sandworm,2,0,85.7,48645.0,568,773,-205
9,Fang,23,Sandworm,2,1,85.7,55941.7,653,773,-120
9,Fang,23,Sandworm,2,2,85.7,70535.2,824,773,51
9,Fang,24,Tarantula,0,0,63.0,14773.0,235,235,0
9,Fang,24,Tarantula,0,1,63.0,16988.9,270,235,35
9,Fang,24,Tarantula,0,2,63.0,21420.8,341,235,106
9,Fang,24,Tarantula,1,0,70.6,14773.0,210,235,-25
9,Fang,24,Tarantula,1,1,70.6,16988.9,241,235,6
9,Fang,24,Tarantula,1,2,70.6,21420.8,304,235,69
9,Fang,24,Tarantula,2,0,85.7,14773.0,173,235,-62
9,Fang,24,Tarantula,2,1,85.7,16988.9,199,235,-36
9,Fang,24,Tarantula,2,2,85.7,21420.8,251,235,16
9,Fang,25,Phantom Ray,0,0,63.0,3412.0,55,55,0
9,Fang,25,Phantom Ray,0,1,63.0,3923.8,63,55,8
9,Fang,25,Phantom Ray,0,2,63.0,4947.4,79,55,24
9,Fang,25,Phantom Ray,1,0,70.6,3412.0,49,55,-6
9,Fang,25,Phantom Ray,1,1,70.6,3923.8,56,55,1
9,Fang,25,Phantom Ray,1,2,70.6,4947.4,71,55,16
9,Fang,25,Phantom Ray,2,0,85.7,3412.0,40,55,-15
9,Fang,25,Phantom Ray,2,1,85.7,3923.8,46,55,-9
9,Fang,25,Phantom Ray,2,2,85.7,4947.4,58,55,3
9,Fang,26,Farseer,0,0,63.0,11991.0,191,191,0
9,Fang,26,Farseer,0,1,63.0,13789.6,219,191,28
9,Fang,26,Farseer,0,2,63.0,17387.0,276,191,85
9,Fang,26,Farseer,1,0,70.6,11991.0,170,191,-21
9,Fang,26,Farseer,1,1,70.6,13789.6,196,191,5
9,Fang,26,Farseer,1,2,70.6,17387.0,247,191,56
9,Fang,26,Farseer,2,0,85.7,11991.0,140,191,-51
9,Fang,26,Farseer,2,1,85.7,13789.6,161,191,-30
9,Fang,26,Farseer,2,2,85.7,17387.0,203,191,12
9,Fang,27,Raiden,0,0,63.0,16065.0,255,255,0
9,Fang,27,Raiden,0,1,63.0,18474.8,294,255,39
9,Fang,27,Raiden,0,2,63.0,23294.2,370,255,115
9,Fang,27,Raiden,1,0,70.6,16065.0,228,255,-27
9,Fang,27,Raiden,1,1,70.6,18474.8,262,255,7
9,Fang,27,Raiden,1,2,70.6,23294.2,331,255,76
9,Fang,27,Raiden,2,0,85.7,16065.0,188,255,-67
9,Fang,27,Raiden,2,1,85.7,18474.8,216,255,-39
9,Fang,27,Raiden,2,2,85.7,23294.2,272,255,17
9,Fang,28,Hound,0,0,63.0,879.0,14,14,0
9,Fang,28,Hound,0,1,63.0,1010.8,17,14,3
9,Fang,28,Hound,0,2,63.0,1274.5,21,14,7
9,Fang,28,Hound,1,0,70.6,879.0,13,14,-1
9,Fang,28,Hound,1,1,70.6,1010.8,15,14,1
9,Fang,28,Hound,1,2,70.6,1274.5,19,14,5
9,Fang,28,Hound,2,0,85.7,879.0,11,14,-3
9,Fang,28,Hound,2,1,85.7,1010.8,12,14,-2
9,Fang,28,Hound,2,2,85.7,1274.5,15,14,1
9,Fang,29,Abyss,0,0,63.0,66955.0,1063,1063,0
9,Fang,29,Abyss,0,1,63.0,76998.2,1223,1063,160
9,Fang,29,Abyss,0,2,63.0,97084.8,1542,1063,479
9,Fang,29,Abyss,1,0,70.6,66955.0,949,1063,-114
9,Fang,29,Abyss,1,1,70.6,76998.2,1092,1063,29
9,Fang,29,Abyss,1,2,70.6,97084.8,1376,1063,313
9,Fang,29,Abyss,2,0,85.7,66955.0,782,1063,-281
9,Fang,29,Abyss,2,1,85.7,76998.2,899,1063,-164
9,Fang,29,Abyss,2,2,85.7,97084.8,1134,1063,71
9,Fang,30,Void Eye,0,0,63.0,1522.0,25,25,0
9,Fang,30,Void Eye,0,1,63.0,1750.3,28,25,3
9,Fang,30,Void Eye,0,2,63.0,2206.9,36,25,11
9,Fang,30,Void Eye,1,0,70.6,1522.0,22,25,-3
9,Fang,30,Void Eye,1,1,70.6,1750.3,25,25,0
9,Fang,30,Void Eye,1,2,70.6,2206.9,32,25,7
9,Fang,30,Void Eye,2,0,85.7,1522.0,18,25,-7
9,Fang,30,Void Eye,2,1,85.7,1750.3,21,25,-4
9,Fang,30,Void Eye,2,2,85.7,2206.9,26,25,1
9,Fang,31,Vortex,0,0,63.0,7425.0,118,118,0
9,Fang,31,Vortex,0,1,63.0,8538.8,136,118,18
9,Fang,31,Vortex,0,2,63.0,10766.2,171,118,53
9,Fang,31,Vortex,1,0,70.6,7425.0,106,118,-12
9,Fang,31,Vortex,1,1,70.6,8538.8,122,118,4
9,Fang,31,Vortex,1,2,70.6,10766.2,153,118,35
9,Fang,31,Vortex,2,0,85.7,7425.0,87,118,-31
9,Fang,31,Vortex,2,1,85.7,8538.8,100,118,-18
9,Fang,31,Vortex,2,2,85.7,10766.2,126,118,8
9,Fang,2002,Mountain,0,0,63.0,136657.0,2170,2170,0
9,Fang,2002,Mountain,0,1,63.0,157155.5,2495,2170,325
9,Fang,2002,Mountain,0,2,63.0,198152.6,3146,2170,976
9,Fang,2002,Mountain,1,0,70.6,136657.0,1937,2170,-233
9,Fang,2002,Mountain,1,1,70.6,157155.5,2228,2170,58
9,Fang,2002,Mountain,1,2,70.6,198152.6,2809,2170,639
9,Fang,2002,Mountain,2,0,85.7,136657.0,1595,2170,-575
9,Fang,2002,Mountain,2,1,85.7,157155.5,1835,2170,-335
9,Fang,2002,Mountain,2,2,85.7,198152.6,2313,2170,143
10,Crawler,1,Fortress,0,0,79.0,43938.0,557,557,0
10,Crawler,1,Fortress,0,1,79.0,50528.7,640,557,83
10,Crawler,1,Fortress,0,2,79.0,63710.1,807,557,250
10,Crawler,1,Fortress,1,0,88.5,43938.0,497,557,-60
10,Crawler,1,Fortress,1,1,88.5,50528.7,572,557,15
10,Crawler,1,Fortress,1,2,88.5,63710.1,721,557,164
10,Crawler,1,Fortress,2,0,107.4,43938.0,409,557,-148
10,Crawler,1,Fortress,2,1,107.4,50528.7,471,557,-86
10,Crawler,1,Fortress,2,2,107.4,63710.1,593,557,36
10,Crawler,2,Marksman,0,0,79.0,1622.0,21,21,0
10,Crawler,2,Marksman,0,1,79.0,1865.3,24,21,3
10,Crawler,2,Marksman,0,2,79.0,2351.9,30,21,9
10,Crawler,2,Marksman,1,0,88.5,1622.0,19,21,-2
10,Crawler,2,Marksman,1,1,88.5,1865.3,22,21,1
10,Crawler,2,Marksman,1,2,88.5,2351.9,27,21,6
10,Crawler,2,Marksman,2,0,107.4,1622.0,16,21,-5
10,Crawler,2,Marksman,2,1,107.4,1865.3,18,21,-3
10,Crawler,2,Marksman,2,2,107.4,2351.9,22,21,1
10,Crawler,3,Vulcan,0,0,79.0,30279.0,384,384,0
10,Crawler,3,Vulcan,0,1,79.0,34820.8,441,384,57
10,Crawler,3,Vulcan,0,2,79.0,43904.5,556,384,172
10,Crawler,3,Vulcan,1,0,88.5,30279.0,343,384,-41
10,Crawler,3,Vulcan,1,1,88.5,34820.8,394,384,10
10,Crawler,3,Vulcan,1,2,88.5,43904.5,497,384,113
10,Crawler,3,Vulcan,2,0,107.4,30279.0,282,384,-102
10,Crawler,3,Vulcan,2,1,107.4,34820.8,325,384,-59
10,Crawler,3,Vulcan,2,2,107.4,43904.5,409,384,25
10,Crawler,4,Melting Point,0,0,79.0,30907.0,392,392,0
10,Crawler,4,Melting Point,0,1,79.0,35543.0,450,392,58
10,Crawler,4,Melting Point,0,2,79.0,44815.2,568,392,176
10,Crawler,4,Melting Point,1,0,88.5,30907.0,350,392,-42
10,Crawler,4,Melting Point,1,1,88.5,35543.0,402,392,10
10,Crawler,4,Melting Point,1,2,88.5,44815.2,507,392,115
10,Crawler,4,Melting Point,2,0,107.4,30907.0,288,392,-104
10,Crawler,4,Melting Point,2,1,107.4,35543.0,331,392,-61
10,Crawler,4,Melting Point,2,2,107.4,44815.2,418,392,26
10,Crawler,5,Rhino,0,0,79.0,19297.0,245,245,0
10,Crawler,5,Rhino,0,1,79.0,22191.5,281,245,36
10,Crawler,5,Rhino,0,2,79.0,27980.6,355,245,110
10,Crawler,5,Rhino,1,0,88.5,19297.0,219,245,-26
10,Crawler,5,Rhino,1,1,88.5,22191.5,251,245,6
10,Crawler,5,Rhino,1,2,88.5,27980.6,317,245,72
10,Crawler,5,Rhino,2,0,107.4,19297.0,180,245,-65
10,Crawler,5,Rhino,2,1,107.4,22191.5,207,245,-38
10,Crawler,5,Rhino,2,2,107.4,27980.6,261,245,16
10,Crawler,7,Mustang,0,0,79.0,343.0,5,5,0
10,Crawler,7,Mustang,0,1,79.0,394.4,5,5,0
10,Crawler,7,Mustang,0,2,79.0,497.3,7,5,2
10,Crawler,7,Mustang,1,0,88.5,343.0,4,5,-1
10,Crawler,7,Mustang,1,1,88.5,394.4,5,5,0
10,Crawler,7,Mustang,1,2,88.5,497.3,6,5,1
10,Crawler,7,Mustang,2,0,107.4,343.0,4,5,-1
10,Crawler,7,Mustang,2,1,107.4,394.4,4,5,-1
10,Crawler,7,Mustang,2,2,107.4,497.3,5,5,0
10,Crawler,8,Steel Ball,0,0,79.0,4571.0,58,58,0
10,Crawler,8,Steel Ball,0,1,79.0,5256.6,67,58,9
10,Crawler,8,Steel Ball,0,2,79.0,6627.9,84,58,26
10,Crawler,8,Steel Ball,1,0,88.5,4571.0,52,58,-6
10,Crawler,8,Steel Ball,1,1,88.5,5256.6,60,58,2
10,Crawler,8,Steel Ball,1,2,88.5,6627.9,75,58,17
10,Crawler,8,Steel Ball,2,0,107.4,4571.0,43,58,-15
10,Crawler,8,Steel Ball,2,1,107.4,5256.6,49,58,-9
10,Crawler,8,Steel Ball,2,2,107.4,6627.9,62,58,4
10,Crawler,9,Fang,0,0,79.0,117.0,2,2,0
10,Crawler,9,Fang,0,1,79.0,134.5,2,2,0
10,Crawler,9,Fang,0,2,79.0,169.7,3,2,1
10,Crawler,9,Fang,1,0,88.5,117.0,2,2,0
10,Crawler,9,Fang,1,1,88.5,134.5,2,2,0
10,Crawler,9,Fang,1,2,88.5,169.7,2,2,0
10,Crawler,9,Fang,2,0,107.4,117.0,2,2,0
10,Crawler,9,Fang,2,1,107.4,134.5,2,2,0
10,Crawler,9,Fang,2,2,107.4,169.7,2,2,0
10,Crawler,10,Crawler,0,0,79.0,263.0,4,4,0
10,Crawler,10,Crawler,0,1,79.0,302.4,4,4,0
10,Crawler,10,Crawler,0,2,79.0,381.3,5,4,1
10,Crawler,10,Crawler,1,0,88.5,263.0,3,4,-1
10,Crawler,10,Crawler,1,1,88.5,302.4,4,4,0
10,Crawler,10,Crawler,1,2,88.5,381.3,5,4,1
10,Crawler,10,Crawler,2,0,107.4,263.0,3,4,-1
10,Crawler,10,Crawler,2,1,107.4,302.4,3,4,-1
10,Crawler,10,Crawler,2,2,107.4,381.3,4,4,0
10,Crawler,12,Stormcaller,0,0,79.0,1149.0,15,15,0
10,Crawler,12,Stormcaller,0,1,79.0,1321.3,17,15,2
10,Crawler,12,Stormcaller,0,2,79.0,1666.0,22,15,7
10,Crawler,12,Stormcaller,1,0,88.5,1149.0,13,15,-2
10,Crawler,12,Stormcaller,1,1,88.5,1321.3,15,15,0
10,Crawler,12,Stormcaller,1,2,88.5,1666.0,19,15,4
10,Crawler,12,Stormcaller,2,0,107.4,1149.0,11,15,-4
10,Crawler,12,Stormcaller,2,1,107.4,1321.3,13,15,-2
10,Crawler,12,Stormcaller,2,2,107.4,1666.0,16,15,1
10,Crawler,13,Sledgehammer,0,0,79.0,3478.0,45,45,0
10,Crawler,13,Sledgehammer,0,1,79.0,3999.7,51,45,6
10,Crawler,13,Sledgehammer,0,2,79.0,5043.1,64,45,19
10,Crawler,13,Sledgehammer,1,0,88.5,3478.0,40,45,-5
10,Crawler,13,Sledgehammer,1,1,88.5,3999.7,46,45,1
10,Crawler,13,Sledgehammer,1,2,88.5,5043.1,57,45,12
10,Crawler,13,Sledgehammer,2,0,107.4,3478.0,33,45,-12
10,Crawler,13,Sledgehammer,2,1,107.4,3999.7,38,45,-7
10,Crawler,13,Sledgehammer,2,2,107.4,5043.1,47,45,2
10,Crawler,14,Hacker,0,0,79.0,3249.0,42,42,0
10,Crawler,14,Hacker,0,1,79.0,3736.3,48,42,6
10,Crawler,14,Hacker,0,2,79.0,4711.1,60,42,18
10,Crawler,14,Hacker,1,0,88.5,3249.0,37,42,-5
10,Crawler,14,Hacker,1,1,88.5,3736.3,43,42,1
10,Crawler,14,Hacker,1,2,88.5,4711.1,54,42,12
10,Crawler,14,Hacker,2,0,107.4,3249.0,31,42,-11
10,Crawler,14,Hacker,2,1,107.4,3736.3,35,42,-7
10,Crawler,14,Hacker,2,2,107.4,4711.1,44,42,2
10,Crawler,15,Arclight,0,0,79.0,4813.0,61,61,0
10,Crawler,15,Arclight,0,1,79.0,5534.9,71,61,10
10,Crawler,15,Arclight,0,2,79.0,6978.8,89,61,28
10,Crawler,15,Arclight,1,0,88.5,4813.0,55,61,-6
10,Crawler,15,Arclight,1,1,88.5,5534.9,63,61,2
10,Crawler,15,Arclight,1,2,88.5,6978.8,79,61,18
10,Crawler,15,Arclight,2,0,107.4,4813.0,45,61,-16
10,Crawler,15,Arclight,2,1,107.4,5534.9,52,61,-9
10,Crawler,15,Arclight,2,2,107.4,6978.8,65,61,4
10,Crawler,17,War Factory,0,0,79.0,113593.0,1438,1438,0
10,Crawler,17,War Factory,0,1,79.0,130631.9,1654,1438,216
10,Crawler,17,War Factory,0,2,79.0,164709.9,2085,1438,647
10,Crawler,17,War Factory,1,0,88.5,113593.0,1284,1438,-154
10,Crawler,17,War Factory,1,1,88.5,130631.9,1477,1438,39
10,Crawler,17,War Factory,1,2,88.5,164709.9,1862,1438,424
10,Crawler,17,War Factory,2,0,107.4,113593.0,1058,1438,-380
10,Crawler,17,War Factory,2,1,107.4,130631.9,1216,1438,-222
10,Crawler,17,War Factory,2,2,107.4,164709.9,1534,1438,96
10,Crawler,19,Scorpion,0,0,79.0,18632.0,236,236,0
10,Crawler,19,Scorpion,0,1,79.0,21426.8,272,236,36
10,Crawler,19,Scorpion,0,2,79.0,27016.4,342,236,106
10,Crawler,19,Scorpion,1,0,88.5,18632.0,211,236,-25
10,Crawler,19,Scorpion,1,1,88.5,21426.8,243,236,7
10,Crawler,19,Scorpion,1,2,88.5,27016.4,306,236,70
10,Crawler,19,Scorpion,2,0,107.4,18632.0,174,236,-62
10,Crawler,19,Scorpion,2,1,107.4,21426.8,200,236,-36
10,Crawler,19,Scorpion,2,2,107.4,27016.4,252,236,16
10,Crawler,20,Fire Badger,0,0,79.0,4222.0,54,54,0
10,Crawler,20,Fire Badger,0,1,79.0,4855.3,62,54,8
10,Crawler,20,Fire Badger,0,2,79.0,6121.9,78,54,24
10,Crawler,20,Fire Badger,1,0,88.5,4222.0,48,54,-6
10,Crawler,20,Fire Badger,1,1,88.5,4855.3,55,54,1
10,Crawler,20,Fire Badger,1,2,88.5,6121.9,70,54,16
10,Crawler,20,Fire Badger,2,0,107.4,4222.0,40,54,-14
10,Crawler,20,Fire Badger,2,1,107.4,4855.3,46,54,-8
10,Crawler,20,Fire Badger,2,2,107.4,6121.9,57,54,3
10,Crawler,21,Sabertooth,0,0,79.0,14886.0,189,189,0
10,Crawler,21,Sabertooth,0,1,79.0,17118.9,217,189,28
10,Crawler,21,Sabertooth,0,2,79.0,21584.7,274,189,85
10,Crawler,21,Sabertooth,1,0,88.5,14886.0,169,189,-20
10,Crawler,21,Sabertooth,1,1,88.5,17118.9,194,189,5
10,Crawler,21,Sabertooth,1,2,88.5,21584.7,244,189,55
10,Crawler,21,Sabertooth,2,0,107.4,14886.0,139,189,-50
10,Crawler,21,Sabertooth,2,1,107.4,17118.9,160,189,-29
10,Crawler,21,Sabertooth,2,2,107.4,21584.7,201,189,12
10,Crawler,22,Typhoon,0,0,79.0,9529.0,121,121,0
10,Crawler,22,Typhoon,0,1,79.0,10958.3,139,121,18
10,Crawler,22,Typhoon,0,2,79.0,13817.0,175,121,54
10,Crawler,22,Typhoon,1,0,88.5,9529.0,108,121,-13
10,Crawler,22,Typhoon,1,1,88.5,10958.3,124,121,3
10,Crawler,22,Typhoon,1,2,88.5,13817.0,157,121,36
10,Crawler,22,Typhoon,2,0,107.4,9529.0,89,121,-32
10,Crawler,22,Typhoon,2,1,107.4,10958.3,102,121,-19
10,Crawler,22,Typhoon,2,2,107.4,13817.0,129,121,8
10,Crawler,23,Sandworm,0,0,79.0,48645.0,616,616,0
10,Crawler,23,Sandworm,0,1,79.0,55941.7,709,616,93
10,Crawler,23,Sandworm,0,2,79.0,70535.2,893,616,277
10,Crawler,23,Sandworm,1,0,88.5,48645.0,550,616,-66
10,Crawler,23,Sandworm,1,1,88.5,55941.7,633,616,17
10,Crawler,23,Sandworm,1,2,88.5,70535.2,798,616,182
10,Crawler,23,Sandworm,2,0,107.4,48645.0,453,616,-163
10,Crawler,23,Sandworm,2,1,107.4,55941.7,521,616,-95
10,Crawler,23,Sandworm,2,2,107.4,70535.2,657,616,41
10,Crawler,24,Tarantula,0,0,79.0,14773.0,187,187,0
10,Crawler,24,Tarantula,0,1,79.0,16988.9,216,187,29
10,Crawler,24,Tarantula,0,2,79.0,21420.8,272,187,85
10,Crawler,24,Tarantula,1,0,88.5,14773.0,167,187,-20
10,Crawler,24,Tarantula,1,1,88.5,16988.9,193,187,6
10,Crawler,24,Tarantula,1,2,88.5,21420.8,243,187,56
10,Crawler,24,Tarantula,2,0,107.4,14773.0,138,187,-49
10,Crawler,24,Tarantula,2,1,107.4,16988.9,159,187,-28
10,Crawler,24,Tarantula,2,2,107.4,21420.8,200,187,13
10,Crawler,26,Farseer,0,0,79.0,11991.0,152,152,0
10,Crawler,26,Farseer,0,1,79.0,13789.6,175,152,23
10,Crawler,26,Farseer,0,2,79.0,17387.0,221,152,69
10,Crawler,26,Farseer,1,0,88.5,11991.0,136,152,-16
10,Crawler,26,Farseer,1,1,88.5,13789.6,156,152,4
10,Crawler,26,Farseer,1,2,88.5,17387.0,197,152,45
10,Crawler,26,Farseer,2,0,107.4,11991.0,112,152,-40
10,Crawler,26,Farseer,2,1,107.4,13789.6,129,152,-23
10,Crawler,26,Farseer,2,2,107.4,17387.0,162,152,10
10,Crawler,28,Hound,0,0,79.0,879.0,12,12,0
10,Crawler,28,Hound,0,1,79.0,1010.8,13,12,1
10,Crawler,28,Hound,0,2,79.0,1274.5,17,12,5
10,Crawler,28,Hound,1,0,88.5,879.0,10,12,-2
10,Crawler,28,Hound,1,1,88.5,1010.8,12,12,0
10,Crawler,28,Hound,1,2,88.5,1274.5,15,12,3
10,Crawler,28,Hound,2,0,107.4,879.0,9,12,-3
10,Crawler,28,Hound,2,1,107.4,1010.8,10,12,-2
10,Crawler,28,Hound,2,2,107.4,1274.5,12,12,0
10,Crawler,30,Void Eye,0,0,79.0,1522.0,20,20,0
10,Crawler,30,Void Eye,0,1,79.0,1750.3,23,20,3
10,Crawler,30,Void Eye,0,2,79.0,2206.9,28,20,8
10,Crawler,30,Void Eye,1,0,88.5,1522.0,18,20,-2
10,Crawler,30,Void Eye,1,1,88.5,1750.3,20,20,0
10,Crawler,30,Void Eye,1,2,88.5,2206.9,25,20,5
10,Crawler,30,Void Eye,2,0,107.4,1522.0,15,20,-5
10,Crawler,30,Void Eye,2,1,107.4,1750.3,17,20,-3
10,Crawler,30,Void Eye,2,2,107.4,2206.9,21,20,1
10,Crawler,31,Vortex,0,0,79.0,7425.0,94,94,0
10,Crawler,31,Vortex,0,1,79.0,8538.8,109,94,15
10,Crawler,31,Vortex,0,2,79.0,10766.2,137,94,43
10,Crawler,31,Vortex,1,0,88.5,7425.0,84,94,-10
10,Crawler,31,Vortex,1,1,88.5,8538.8,97,94,3
10,Crawler,31,Vortex,1,2,88.5,10766.2,122,94,28
10,Crawler,31,Vortex,2,0,107.4,7425.0,70,94,-24
10,Crawler,31,Vortex,2,1,107.4,8538.8,80,94,-14
10,Crawler,31,Vortex,2,2,107.4,10766.2,101,94,7
10,Crawler,2002,Mountain,0,0,79.0,136657.0,1730,1730,0
10,Crawler,2002,Mountain,0,1,79.0,157155.5,1990,1730,260
10,Crawler,2002,Mountain,0,2,79.0,198152.6,2509,1730,779
10,Crawler,2002,Mountain,1,0,88.5,136657.0,1545,1730,-185
10,Crawler,2002,Mountain,1,1,88.5,157155.5,1777,1730,47
10,Crawler,2002,Mountain,1,2,88.5,198152.6,2240,1730,510
10,Crawler,2002,Mountain,2,0,107.4,136657.0,1272,1730,-458
10,Crawler,2002,Mountain,2,1,107.4,157155.5,1463,1730,-267
10,Crawler,2002,Mountain,2,2,107.4,198152.6,1845,1730,115
11,Overlord,1,Fortress,0,0,4742.0,43938.0,10,10,0
11,Overlord,1,Fortress,0,1,4742.0,50528.7,11,10,1
11,Overlord,1,Fortress,0,2,4742.0,63710.1,14,10,4
11,Overlord,1,Fortress,1,0,5311.0,43938.0,9,10,-1
11,Overlord,1,Fortress,1,1,5311.0,50528.7,10,10,0
11,Overlord,1,Fortress,1,2,5311.0,63710.1,12,10,2
11,Overlord,1,Fortress,2,0,6449.1,43938.0,7,10,-3
11,Overlord,1,Fortress,2,1,6449.1,50528.7,8,10,-2
11,Overlord,1,Fortress,2,2,6449.1,63710.1,10,10,0
11,Overlord,2,Marksman,0,0,4742.0,1622.0,1,1,0
11,Overlord,2,Marksman,0,1,4742.0,1865.3,1,1,0
11,Overlord,2,Marksman,0,2,4742.0,2351.9,1,1,0
11,Overlord,2,Marksman,1,0,5311.0,1622.0,1,1,0
11,Overlord,2,Marksman,1,1,5311.0,1865.3,1,1,0
11,Overlord,2,Marksman,1,2,5311.0,2351.9,1,1,0
11,Overlord,2,Marksman,2,0,6449.1,1622.0,1,1,0
11,Overlord,2,Marksman,2,1,6449.1,1865.3,1,1,0
11,Overlord,2,Marksman,2,2,6449.1,2351.9,1,1,0
11,Overlord,3,Vulcan,0,0,4742.0,30279.0,7,7,0
11,Overlord,3,Vulcan,0,1,4742.0,34820.8,8,7,1
11,Overlord,3,Vulcan,0,2,4742.0,43904.5,10,7,3
11,Overlord,3,Vulcan,1,0,5311.0,30279.0,6,7,-1
11,Overlord,3,Vulcan,1,1,5311.0,34820.8,7,7,0
11,Overlord,3,Vulcan,1,2,5311.0,43904.5,9,7,2
11,Overlord,3,Vulcan,2,0,6449.1,30279.0,5,7,-2
11,Overlord,3,Vulcan,2,1,6449.1,34820.8,6,7,-1
11,Overlord,3,Vulcan,2,2,6449.1,43904.5,7,7,0
11,Overlord,4,Melting Point,0,0,4742.0,30907.0,7,7,0
11,Overlord,4,Melting Point,0,1,4742.0,35543.0,8,7,1
11,Overlord,4,Melting Point,0,2,4742.0,44815.2,10,7,3
11,Overlord,4,Melting Point,1,0,5311.0,30907.0,6,7,-1
11,Overlord,4,Melting Point,1,1,5311.0,35543.0,7,7,0
11,Overlord,4,Melting Point,1,2,5311.0,44815.2,9,7,2
11,Overlord,4,Melting Point,2,0,6449.1,30907.0,5,7,-2
11,Overlord,4,Melting Point,2,1,6449.1,35543.0,6,7,-1
11,Overlord,4,Melting Point,2,2,6449.1,44815.2,7,7,0
11,Overlord,5,Rhino,0,0,4742.0,19297.0,5,5,0
11,Overlord,5,Rhino,0,1,4742.0,22191.5,5,5,0
11,Overlord,5,Rhino,0,2,4742.0,27980.6,6,5,1
11,Overlord,5,Rhino,1,0,5311.0,19297.0,4,5,-1
11,Overlord,5,Rhino,1,1,5311.0,22191.5,5,5,0
11,Overlord,5,Rhino,1,2,5311.0,27980.6,6,5,1
11,Overlord,5,Rhino,2,0,6449.1,19297.0,3,5,-2
11,Overlord,5,Rhino,2,1,6449.1,22191.5,4,5,-1
11,Overlord,5,Rhino,2,2,6449.1,27980.6,5,5,0
11,Overlord,6,Wasp,0,0,4742.0,311.0,1,1,0
11,Overlord,6,Wasp,0,1,4742.0,357.6,1,1,0
11,Overlord,6,Wasp,0,2,4742.0,450.9,1,1,0
11,Overlord,6,Wasp,1,0,5311.0,311.0,1,1,0
11,Overlord,6,Wasp,1,1,5311.0,357.6,1,1,0
11,Overlord,6,Wasp,1,2,5311.0,450.9,1,1,0
11,Overlord,6,Wasp,2,0,6449.1,311.0,1,1,0
11,Overlord,6,Wasp,2,1,6449.1,357.6,1,1,0
11,Overlord,6,Wasp,2,2,6449.1,450.9,1,1,0
11,Overlord,7,Mustang,0,0,4742.0,343.0,1,1,0
11,Overlord,7,Mustang,0,1,4742.0,394.4,1,1,0
11,Overlord,7,Mustang,0,2,4742.0,497.3,1,1,0
11,Overlord,7,Mustang,1,0,5311.0,343.0,1,1,0
11,Overlord,7,Mustang,1,1,5311.0,394.4,1,1,0
11,Overlord,7,Mustang,1,2,5311.0,497.3,1,1,0
11,Overlord,7,Mustang,2,0,6449.1,343.0,1,1,0
11,Overlord,7,Mustang,2,1,6449.1,394.4,1,1,0
11,Overlord,7,Mustang,2,2,6449.1,497.3,1,1,0
11,Overlord,8,Steel Ball,0,0,4742.0,4571.0,1,1,0
11,Overlord,8,Steel Ball,0,1,4742.0,5256.6,2,1,1
11,Overlord,8,Steel Ball,0,2,4742.0,6627.9,2,1,1
11,Overlord,8,Steel Ball,1,0,5311.0,4571.0,1,1,0
11,Overlord,8,Steel Ball,1,1,5311.0,5256.6,1,1,0
11,Overlord,8,Steel Ball,1,2,5311.0,6627.9,2,1,1
11,Overlord,8,Steel Ball,2,0,6449.1,4571.0,1,1,0
11,Overlord,8,Steel Ball,2,1,6449.1,5256.6,1,1,0
11,Overlord,8,Steel Ball,2,2,6449.1,6627.9,2,1,1
11,Overlord,9,Fang,0,0,4742.0,117.0,1,1,0
11,Overlord,9,Fang,0,1,4742.0,134.5,1,1,0
11,Overlord,9,Fang,0,2,4742.0,169.7,1,1,0
11,Overlord,9,Fang,1,0,5311.0,117.0,1,1,0
11,Overlord,9,Fang,1,1,5311.0,134.5,1,1,0
11,Overlord,9,Fang,1,2,5311.0,169.7,1,1,0
11,Overlord,9,Fang,2,0,6449.1,117.0,1,1,0
11,Overlord,9,Fang,2,1,6449.1,134.5,1,1,0
11,Overlord,9,Fang,2,2,6449.1,169.7,1,1,0
11,Overlord,10,Crawler,0,0,4742.0,263.0,1,1,0
11,Overlord,10,Crawler,0,1,4742.0,302.4,1,1,0
11,Overlord,10,Crawler,0,2,4742.0,381.3,1,1,0
11,Overlord,10,Crawler,1,0,5311.0,263.0,1,1,0
11,Overlord,10,Crawler,1,1,5311.0,302.4,1,1,0
11,Overlord,10,Crawler,1,2,5311.0,381.3,1,1,0
11,Overlord,10,Crawler,2,0,6449.1,263.0,1,1,0
11,Overlord,10,Crawler,2,1,6449.1,302.4,1,1,0
11,Overlord,10,Crawler,2,2,6449.1,381.3,1,1,0
11,Overlord,11,Overlord,0,0,4742.0,21339.0,5,5,0
11,Overlord,11,Overlord,0,1,4742.0,24539.8,6,5,1
11,Overlord,11,Overlord,0,2,4742.0,30941.5,7,5,2
11,Overlord,11,Overlord,1,0,5311.0,21339.0,5,5,0
11,Overlord,11,Overlord,1,1,5311.0,24539.8,5,5,0
11,Overlord,11,Overlord,1,2,5311.0,30941.5,6,5,1
11,Overlord,11,Overlord,2,0,6449.1,21339.0,4,5,-1
11,Overlord,11,Overlord,2,1,6449.1,24539.8,4,5,-1
11,Overlord,11,Overlord,2,2,6449.1,30941.5,5,5,0
11,Overlord,12,Stormcaller,0,0,4742.0,1149.0,1,1,0
11,Overlord,12,Stormcaller,0,1,4742.0,1321.3,1,1,0
11,Overlord,12,Stormcaller,0,2,4742.0,1666.0,1,1,0
11,Overlord,12,Stormcaller,1,0,5311.0,1149.0,1,1,0
11,Overlord,12,Stormcaller,1,1,5311.0,1321.3,1,1,0
11,Overlord,12,Stormcaller,1,2,5311.0,1666.0,1,1,0
11,Overlord,12,Stormcaller,2,0,6449.1,1149.0,1,1,0
11,Overlord,12,Stormcaller,2,1,6449.1,1321.3,1,1,0
11,Overlord,12,Stormcaller,2,2,6449.1,1666.0,1,1,0
11,Overlord,13,Sledgehammer,0,0,4742.0,3478.0,1,1,0
11,Overlord,13,Sledgehammer,0,1,4742.0,3999.7,1,1,0
11,Overlord,13,Sledgehammer,0,2,4742.0,5043.1,2,1,1
11,Overlord,13,Sledgehammer,1,0,5311.0,3478.0,1,1,0
11,Overlord,13,Sledgehammer,1,1,5311.0,3999.7,1,1,0
11,Overlord,13,Sledgehammer,1,2,5311.0,5043.1,1,1,0
11,Overlord,13,Sledgehammer,2,0,6449.1,3478.0,1,1,0
11,Overlord,13,Sledgehammer,2,1,6449.1,3999.7,1,1,0
11,Overlord,13,Sledgehammer,2,2,6449.1,5043.1,1,1,0
11,Overlord,14,Hacker,0,0,4742.0,3249.0,1,1,0
11,Overlord,14,Hacker,0,1,4742.0,3736.3,1,1,0
11,Overlord,14,Hacker,0,2,4742.0,4711.1,1,1,0
11,Overlord,14,Hacker,1,0,5311.0,3249.0,1,1,0
11,Overlord,14,Hacker,1,1,5311.0,3736.3,1,1,0
11,Overlord,14,Hacker,1,2,5311.0,4711.1,1,1,0
11,Overlord,14,Hacker,2,0,6449.1,3249.0,1,1,0
11,Overlord,14,Hacker,2,1,6449.1,3736.3,1,1,0
11,Overlord,14,Hacker,2,2,6449.1,4711.1,1,1,0
11,Overlord,15,Arclight,0,0,4742.0,4813.0,2,2,0
11,Overlord,15,Arclight,0,1,4742.0,5534.9,2,2,0
11,Overlord,15,Arclight,0,2,4742.0,6978.8,2,2,0
11,Overlord,15,Arclight,1,0,5311.0,4813.0,1,2,-1
11,Overlord,15,Arclight,1,1,5311.0,5534.9,2,2,0
11,Overlord,15,Arclight,1,2,5311.0,6978.8,2,2,0
11,Overlord,15,Arclight,2,0,6449.1,4813.0,1,2,-1
11,Overlord,15,Arclight,2,1,6449.1,5534.9,1,2,-1
11,Overlord,15,Arclight,2,2,6449.1,6978.8,2,2,0
11,Overlord,16,Phoenix,0,0,4742.0,1491.0,1,1,0
11,Overlord,16,Phoenix,0,1,4742.0,1714.6,1,1,0
11,Overlord,16,Phoenix,0,2,4742.0,2161.9,1,1,0
11,Overlord,16,Phoenix,1,0,5311.0,1491.0,1,1,0
11,Overlord,16,Phoenix,1,1,5311.0,1714.6,1,1,0
11,Overlord,16,Phoenix,1,2,5311.0,2161.9,1,1,0
11,Overlord,16,Phoenix,2,0,6449.1,1491.0,1,1,0
11,Overlord,16,Phoenix,2,1,6449.1,1714.6,1,1,0
11,Overlord,16,Phoenix,2,2,6449.1,2161.9,1,1,0
11,Overlord,17,War Factory,0,0,4742.0,113593.0,24,24,0
11,Overlord,17,War Factory,0,1,4742.0,130631.9,28,24,4
11,Overlord,17,War Factory,0,2,4742.0,164709.9,35,24,11
11,Overlord,17,War Factory,1,0,5311.0,113593.0,22,24,-2
11,Overlord,17,War Factory,1,1,5311.0,130631.9,25,24,1
11,Overlord,17,War Factory,1,2,5311.0,164709.9,32,24,8
11,Overlord,17,War Factory,2,0,6449.1,113593.0,18,24,-6
11,Overlord,17,War Factory,2,1,6449.1,130631.9,21,24,-3
11,Overlord,17,War Factory,2,2,6449.1,164709.9,26,24,2
11,Overlord,18,Wraith,0,0,4742.0,14115.0,3,3,0
11,Overlord,18,Wraith,0,1,4742.0,16232.2,4,3,1
11,Overlord,18,Wraith,0,2,4742.0,20466.8,5,3,2
11,Overlord,18,Wraith,1,0,5311.0,14115.0,3,3,0
11,Overlord,18,Wraith,1,1,5311.0,16232.2,4,3,1
11,Overlord,18,Wraith,1,2,5311.0,20466.8,4,3,1
11,Overlord,18,Wraith,2,0,6449.1,14115.0,3,3,0
11,Overlord,18,Wraith,2,1,6449.1,16232.2,3,3,0
11,Overlord,18,Wraith,2,2,6449.1,20466.8,4,3,1
11,Overlord,19,Scorpion,0,0,4742.0,18632.0,4,4,0
11,Overlord,19,Scorpion,0,1,4742.0,21426.8,5,4,1
11,Overlord,19,Scorpion,0,2,4742.0,27016.4,6,4,2
11,Overlord,19,Scorpion,1,0,5311.0,18632.0,4,4,0
11,Overlord,19,Scorpion,1,1,5311.0,21426.8,5,4,1
11,Overlord,19,Scorpion,1,2,5311.0,27016.4,6,4,2
11,Overlord,19,Scorpion,2,0,6449.1,18632.0,3,4,-1
11,Overlord,19,Scorpion,2,1,6449.1,21426.8,4,4,0
11,Overlord,19,Scorpion,2,2,6449.1,27016.4,5,4,1
11,Overlord,20,Fire Badger,0,0,4742.0,4222.0,1,1,0
11,Overlord,20,Fire Badger,0,1,4742.0,4855.3,2,1,1
11,Overlord,20,Fire Badger,0,2,4742.0,6121.9,2,1,1
11,Overlord,20,Fire Badger,1,0,5311.0,4222.0,1,1,0
11,Overlord,20,Fire Badger,1,1,5311.0,4855.3,1,1,0
11,Overlord,20,Fire Badger,1,2,5311.0,6121.9,2,1,1
11,Overlord,20,Fire Badger,2,0,6449.1,4222.0,1,1,0
11,Overlord,20,Fire Badger,2,1,6449.1,4855.3,1,1,0
11,Overlord,20,Fire Badger,2,2,6449.1,6121.9,1,1,0
11,Overlord,21,Sabertooth,0,0,4742.0,14886.0,4,4,0
11,Overlord,21,Sabertooth,0,1,4742.0,17118.9,4,4,0
11,Overlord,21,Sabertooth,0,2,4742.0,21584.7,5,4,1
11,Overlord,21,Sabertooth,1,0,5311.0,14886.0,3,4,-1
11,Overlord,21,Sabertooth,1,1,5311.0,17118.9,4,4,0
11,Overlord,21,Sabertooth,1,2,5311.0,21584.7,5,4,1
11,Overlord,21,Sabertooth,2,0,6449.1,14886.0,3,4,-1
11,Overlord,21,Sabertooth,2,1,6449.1,17118.9,3,4,-1
11,Overlord,21,Sabertooth,2,2,6449.1,21584.7,4,4,0
11,Overlord,22,Typhoon,0,0,4742.0,9529.0,3,3,0
11,Overlord,22,Typhoon,0,1,4742.0,10958.3,3,3,0
11,Overlord,22,Typhoon,0,2,4742.0,13817.0,3,3,0
11,Overlord,22,Typhoon,1,0,5311.0,9529.0,2,3,-1
11,Overlord,22,Typhoon,1,1,5311.0,10958.3,3,3,0
11,Overlord,22,Typhoon,1,2,5311.0,13817.0,3,3,0
11,Overlord,22,Typhoon,2,0,6449.1,9529.0,2,3,-1
11,Overlord,22,Typhoon,2,1,6449.1,10958.3,2,3,-1
11,Overlord,22,Typhoon,2,2,6449.1,13817.0,3,3,0
11,Overlord,23,Sandworm,0,0,4742.0,48645.0,11,11,0
11,Overlord,23,Sandworm,0,1,4742.0,55941.7,12,11,1
11,Overlord,23,Sandworm,0,2,4742.0,70535.2,15,11,4
11,Overlord,23,Sandworm,1,0,5311.0,48645.0,10,11,-1
11,Overlord,23,Sandworm,1,1,5311.0,55941.7,11,11,0
11,Overlord,23,Sandworm,1,2,5311.0,70535.2,14,11,3
11,Overlord,23,Sandworm,2,0,6449.1,48645.0,8,11,-3
11,Overlord,23,Sandworm,2,1,6449.1,55941.7,9,11,-2
11,Overlord,23,Sandworm,2,2,6449.1,70535.2,11,11,0
11,Overlord,24,Tarantula,0,0,4742.0,14773.0,4,4,0
11,Overlord,24,Tarantula,0,1,4742.0,16988.9,4,4,0
11,Overlord,24,Tarantula,0,2,4742.0,21420.8,5,4,1
11,Overlord,24,Tarantula,1,0,5311.0,14773.0,3,4,-1
11,Overlord,24,Tarantula,1,1,5311.0,16988.9,4,4,0
11,Overlord,24,Tarantula,1,2,5311.0,21420.8,5,4,1
11,Overlord,24,Tarantula,2,0,6449.1,14773.0,3,4,-1
11,Overlord,24,Tarantula,2,1,6449.1,16988.9,3,4,-1
11,Overlord,24,Tarantula,2,2,6449.1,21420.8,4,4,0
11,Overlord,25,Phantom Ray,0,0,4742.0,3412.0,1,1,0
11,Overlord,25,Phantom Ray,0,1,4742.0,3923.8,1,1,0
11,Overlord,25,Phantom Ray,0,2,4742.0,4947.4,2,1,1
11,Overlord,25,Phantom Ray,1,0,5311.0,3412.0,1,1,0
11,Overlord,25,Phantom Ray,1,1,5311.0,3923.8,1,1,0
11,Overlord,25,Phantom Ray,1,2,5311.0,4947.4,1,1,0
11,Overlord,25,Phantom Ray,2,0,6449.1,3412.0,1,1,0
11,Overlord,25,Phantom Ray,2,1,6449.1,3923.8,1,1,0
11,Overlord,25,Phantom Ray,2,2,6449.1,4947.4,1,1,0
11,Overlord,26,Farseer,0,0,4742.0,11991.0,3,3,0
11,Overlord,26,Farseer,0,1,4742.0,13789.6,3,3,0
11,Overlord,26,Farseer,0,2,4742.0,17387.0,4,3,1
11,Overlord,26,Farseer,1,0,5311.0,11991.0,3,3,0
11,Overlord,26,Farseer,1,1,5311.0,13789.6,3,3,0
11,Overlord,26,Farseer,1,2,5311.0,17387.0,4,3,1
11,Overlord,26,Farseer,2,0,6449.1,11991.0,2,3,-1
11,Overlord,26,Farseer,2,1,6449.1,13789.6,3,3,0
11,Overlord,26,Farseer,2,2,6449.1,17387.0,3,3,0
11,Overlord,27,Raiden,0,0,4742.0,16065.0,4,4,0
11,Overlord,27,Raiden,0,1,4742.0,18474.8,4,4,0
11,Overlord,27,Raiden,0,2,4742.0,23294.2,5,4,1
11,Overlord,27,Raiden,1,0,5311.0,16065.0,4,4,0
11,Overlord,27,Raiden,1,1,5311.0,18474.8,4,4,0
11,Overlord,27,Raiden,1,2,5311.0,23294.2,5,4,1
11,Overlord,27,Raiden,2,0,6449.1,16065.0,3,4,-1
11,Overlord,27,Raiden,2,1,6449.1,18474.8,3,4,-1
11,Overlord,27,Raiden,2,2,6449.1,23294.2,4,4,0
11,Overlord,28,Hound,0,0,4742.0,879.0,1,1,0
11,Overlord,28,Hound,0,1,4742.0,1010.8,1,1,0
11,Overlord,28,Hound,0,2,4742.0,1274.5,1,1,0
11,Overlord,28,Hound,1,0,5311.0,879.0,1,1,0
11,Overlord,28,Hound,1,1,5311.0,1010.8,1,1,0
11,Overlord,28,Hound,1,2,5311.0,1274.5,1,1,0
11,Overlord,28,Hound,2,0,6449.1,879.0,1,1,0
11,Overlord,28,Hound,2,1,6449.1,1010.8,1,1,0
11,Overlord,28,Hound,2,2,6449.1,1274.5,1,1,0
11,Overlord,29,Abyss,0,0,4742.0,66955.0,15,15,0
11,Overlord,29,Abyss,0,1,4742.0,76998.2,17,15,2
11,Overlord,29,Abyss,0,2,4742.0,97084.8,21,15,6
11,Overlord,29,Abyss,1,0,5311.0,66955.0,13,15,-2
11,Overlord,29,Abyss,1,1,5311.0,76998.2,15,15,0
11,Overlord,29,Abyss,1,2,5311.0,97084.8,19,15,4
11,Overlord,29,Abyss,2,0,6449.1,66955.0,11,15,-4
11,Overlord,29,Abyss,2,1,6449.1,76998.2,12,15,-3
11,Overlord,29,Abyss,2,2,6449.1,97084.8,16,15,1
11,Overlord,30,Void Eye,0,0,4742.0,1522.0,1,1,0
11,Overlord,30,Void Eye,0,1,4742.0,1750.3,1,1,0
11,Overlord,30,Void Eye,0,2,4742.0,2206.9,1,1,0
11,Overlord,30,Void Eye,1,0,5311.0,1522.0,1,1,0
11,Overlord,30,Void Eye,1,1,5311.0,1750.3,1,1,0
11,Overlord,30,Void Eye,1,2,5311.0,2206.9,1,1,0
11,Overlord,30,Void Eye,2,0,6449.1,1522.0,1,1,0
11,Overlord,30,Void Eye,2,1,6449.1,1750.3,1,1,0
11,Overlord,30,Void Eye,2,2,6449.1,2206.9,1,1,0
11,Overlord,31,Vortex,0,0,4742.0,7425.0,2,2,0
11,Overlord,31,Vortex,0,1,4742.0,8538.8,2,2,0
11,Overlord,31,Vortex,0,2,4742.0,10766.2,3,2,1
11,Overlord,31,Vortex,1,0,5311.0,7425.0,2,2,0
11,Overlord,31,Vortex,1,1,5311.0,8538.8,2,2,0
11,Overlord,31,Vortex,1,2,5311.0,10766.2,3,2,1
11,Overlord,31,Vortex,2,0,6449.1,7425.0,2,2,0
11,Overlord,31,Vortex,2,1,6449.1,8538.8,2,2,0
11,Overlord,31,Vortex,2,2,6449.1,10766.2,2,2,0
11,Overlord,2002,Mountain,0,0,4742.0,136657.0,29,29,0
11,Overlord,2002,Mountain,0,1,4742.0,157155.5,34,29,5
11,Overlord,2002,Mountain,0,2,4742.0,198152.6,42,29,13
11,Overlord,2002,Mountain,1,0,5311.0,136657.0,26,29,-3
11,Overlord,2002,Mountain,1,1,5311.0,157155.5,30,29,1
11,Overlord,2002,Mountain,1,2,5311.0,198152.6,38,29,9
11,Overlord,2002,Mountain,2,0,6449.1,136657.0,22,29,-7
11,Overlord,2002,Mountain,2,1,6449.1,157155.5,25,29,-4
11,Overlord,2002,Mountain,2,2,6449.1,198152.6,31,29,2
12,Stormcaller,1,Fortress,0,0,772.0,43938.0,57,57,0
12,Stormcaller,1,Fortress,0,1,772.0,50528.7,66,57,9
12,Stormcaller,1,Fortress,0,2,772.0,63710.1,83,57,26
12,Stormcaller,1,Fortress,1,0,864.6,43938.0,51,57,-6
12,Stormcaller,1,Fortress,1,1,864.6,50528.7,59,57,2
12,Stormcaller,1,Fortress,1,2,864.6,63710.1,74,57,17
12,Stormcaller,1,Fortress,2,0,1049.9,43938.0,42,57,-15
12,Stormcaller,1,Fortress,2,1,1049.9,50528.7,49,57,-8
12,Stormcaller,1,Fortress,2,2,1049.9,63710.1,61,57,4
12,Stormcaller,2,Marksman,0,0,772.0,1622.0,3,3,0
12,Stormcaller,2,Marksman,0,1,772.0,1865.3,3,3,0
12,Stormcaller,2,Marksman,0,2,772.0,2351.9,4,3,1
12,Stormcaller,2,Marksman,1,0,864.6,1622.0,2,3,-1
12,Stormcaller,2,Marksman,1,1,864.6,1865.3,3,3,0
12,Stormcaller,2,Marksman,1,2,864.6,2351.9,3,3,0
12,Stormcaller,2,Marksman,2,0,1049.9,1622.0,2,3,-1
12,Stormcaller,2,Marksman,2,1,1049.9,1865.3,2,3,-1
12,Stormcaller,2,Marksman,2,2,1049.9,2351.9,3,3,0
12,Stormcaller,3,Vulcan,0,0,772.0,30279.0,40,40,0
12,Stormcaller,3,Vulcan,0,1,772.0,34820.8,46,40,6
12,Stormcaller,3,Vulcan,0,2,772.0,43904.5,57,40,17
12,Stormcaller,3,Vulcan,1,0,864.6,30279.0,36,40,-4
12,Stormcaller,3,Vulcan,1,1,864.6,34820.8,41,40,1
12,Stormcaller,3,Vulcan,1,2,864.6,43904.5,51,40,11
12,Stormcaller,3,Vulcan,2,0,1049.9,30279.0,29,40,-11
12,Stormcaller,3,Vulcan,2,1,1049.9,34820.8,34,40,-6
12,Stormcaller,3,Vulcan,2,2,1049.9,43904.5,42,40,2
12,Stormcaller,4,Melting Point,0,0,772.0,30907.0,41,41,0
12,Stormcaller,4,Melting Point,0,1,772.0,35543.0,47,41,6
12,Stormcaller,4,Melting Point,0,2,772.0,44815.2,59,41,18
12,Stormcaller,4,Melting Point,1,0,864.6,30907.0,36,41,-5
12,Stormcaller,4,Melting Point,1,1,864.6,35543.0,42,41,1
12,Stormcaller,4,Melting Point,1,2,864.6,44815.2,52,41,11
12,Stormcaller,4,Melting Point,2,0,1049.9,30907.0,30,41,-11
12,Stormcaller,4,Melting Point,2,1,1049.9,35543.0,34,41,-7
12,Stormcaller,4,Melting Point,2,2,1049.9,44815.2,43,41,2
12,Stormcaller,5,Rhino,0,0,772.0,19297.0,25,25,0
12,Stormcaller,5,Rhino,0,1,772.0,22191.5,29,25,4
12,Stormcaller,5,Rhino,0,2,772.0,27980.6,37,25,12
12,Stormcaller,5,Rhino,1,0,864.6,19297.0,23,25,-2
12,Stormcaller,5,Rhino,1,1,864.6,22191.5,26,25,1
12,Stormcaller,5,Rhino,1,2,864.6,27980.6,33,25,8
12,Stormcaller,5,Rhino,2,0,1049.9,19297.0,19,25,-6
12,Stormcaller,5,Rhino,2,1,1049.9,22191.5,22,25,-3
12,Stormcaller,5,Rhino,2,2,1049.9,27980.6,27,25,2
12,Stormcaller,7,Mustang,0,0,772.0,343.0,1,1,0
12,Stormcaller,7,Mustang,0,1,772.0,394.4,1,1,0
12,Stormcaller,7,Mustang,0,2,772.0,497.3,1,1,0
12,Stormcaller,7,Mustang,1,0,864.6,343.0,1,1,0
12,Stormcaller,7,Mustang,1,1,864.6,394.4,1,1,0
12,Stormcaller,7,Mustang,1,2,864.6,497.3,1,1,0
12,Stormcaller,7,Mustang,2,0,1049.9,343.0,1,1,0
12,Stormcaller,7,Mustang,2,1,1049.9,394.4,1,1,0
12,Stormcaller,7,Mustang,2,2,1049.9,497.3,1,1,0
12,Stormcaller,8,Steel Ball,0,0,772.0,4571.0,6,6,0
12,Stormcaller,8,Steel Ball,0,1,772.0,5256.6,7,6,1
12,Stormcaller,8,Steel Ball,0,2,772.0,6627.9,9,6,3
12,Stormcaller,8,Steel Ball,1,0,864.6,4571.0,6,6,0
12,Stormcaller,8,Steel Ball,1,1,864.6,5256.6,7,6,1
12,Stormcaller,8,Steel Ball,1,2,864.6,6627.9,8,6,2
12,Stormcaller,8,Steel Ball,2,0,1049.9,4571.0,5,6,-1
12,Stormcaller,8,Steel Ball,2,1,1049.9,5256.6,6,6,0
12,Stormcaller,8,Steel Ball,2,2,1049.9,6627.9,7,6,1
12,Stormcaller,9,Fang,0,0,772.0,117.0,1,1,0
12,Stormcaller,9,Fang,0,1,772.0,134.5,1,1,0
12,Stormcaller,9,Fang,0,2,772.0,169.7,1,1,0
12,Stormcaller,9,Fang,1,0,864.6,117.0,1,1,0
12,Stormcaller,9,Fang,1,1,864.6,134.5,1,1,0
12,Stormcaller,9,Fang,1,2,864.6,169.7,1,1,0
12,Stormcaller,9,Fang,2,0,1049.9,117.0,1,1,0
12,Stormcaller,9,Fang,2,1,1049.9,134.5,1,1,0
12,Stormcaller,9,Fang,2,2,1049.9,169.7,1,1,0
12,Stormcaller,10,Crawler,0,0,772.0,263.0,1,1,0
12,Stormcaller,10,Crawler,0,1,772.0,302.4,1,1,0
12,Stormcaller,10,Crawler,0,2,772.0,381.3,1,1,0
12,Stormcaller,10,Crawler,1,0,864.6,263.0,1,1,0
12,Stormcaller,10,Crawler,1,1,864.6,302.4,1,1,0
12,Stormcaller,10,Crawler,1,2,864.6,381.3,1,1,0
12,Stormcaller,10,Crawler,2,0,1049.9,263.0,1,1,0
12,Stormcaller,10,Crawler,2,1,1049.9,302.4,1,1,0
12,Stormcaller,10,Crawler,2,2,1049.9,381.3,1,1,0
12,Stormcaller,12,Stormcaller,0,0,772.0,1149.0,2,2,0
12,Stormcaller,12,Stormcaller,0,1,772.0,1321.3,2,2,0
12,Stormcaller,12,Stormcaller,0,2,772.0,1666.0,3,2,1
12,Stormcaller,12,Stormcaller,1,0,864.6,1149.0,2,2,0
12,Stormcaller,12,Stormcaller,1,1,864.6,1321.3,2,2,0
12,Stormcaller,12,Stormcaller,1,2,864.6,1666.0,2,2,0
12,Stormcaller,12,Stormcaller,2,0,1049.9,1149.0,2,2,0
12,Stormcaller,12,Stormcaller,2,1,1049.9,1321.3,2,2,0
12,Stormcaller,12,Stormcaller,2,2,1049.9,1666.0,2,2,0
12,Stormcaller,13,Sledgehammer,0,0,772.0,3478.0,5,5,0
12,Stormcaller,13,Sledgehammer,0,1,772.0,3999.7,6,5,1
12,Stormcaller,13,Sledgehammer,0,2,772.0,5043.1,7,5,2
12,Stormcaller,13,Sledgehammer,1,0,864.6,3478.0,5,5,0
12,Stormcaller,13,Sledgehammer,1,1,864.6,3999.7,5,5,0
12,Stormcaller,13,Sledgehammer,1,2,864.6,5043.1,6,5,1
12,Stormcaller,13,Sledgehammer,2,0,1049.9,3478.0,4,5,-1
12,Stormcaller,13,Sledgehammer,2,1,1049.9,3999.7,4,5,-1
12,Stormcaller,13,Sledgehammer,2,2,1049.9,5043.1,5,5,0
12,Stormcaller,14,Hacker,0,0,772.0,3249.0,5,5,0
12,Stormcaller,14,Hacker,0,1,772.0,3736.3,5,5,0
12,Stormcaller,14,Hacker,0,2,772.0,4711.1,7,5,2
12,Stormcaller,14,Hacker,1,0,864.6,3249.0,4,5,-1
12,Stormcaller,14,Hacker,1,1,864.6,3736.3,5,5,0
12,Stormcaller,14,Hacker,1,2,864.6,4711.1,6,5,1
12,Stormcaller,14,Hacker,2,0,1049.9,3249.0,4,5,-1
12,Stormcaller,14,Hacker,2,1,1049.9,3736.3,4,5,-1
12,Stormcaller,14,Hacker,2,2,1049.9,4711.1,5,5,0
12,Stormcaller,15,Arclight,0,0,772.0,4813.0,7,7,0
12,Stormcaller,15,Arclight,0,1,772.0,5534.9,8,7,1
12,Stormcaller,15,Arclight,0,2,772.0,6978.8,10,7,3
12,Stormcaller,15,Arclight,1,0,864.6,4813.0,6,7,-1
12,Stormcaller,15,Arclight,1,1,864.6,5534.9,7,7,0
12,Stormcaller,15,Arclight,1,2,864.6,6978.8,9,7,2
12,Stormcaller,15,Arclight,2,0,1049.9,4813.0,5,7,-2
12,Stormcaller,15,Arclight,2,1,1049.9,5534.9,6,7,-1
12,Stormcaller,15,Arclight,2,2,1049.9,6978.8,7,7,0
12,Stormcaller,17,War Factory,0,0,772.0,113593.0,148,148,0
12,Stormcaller,17,War Factory,0,1,772.0,130631.9,170,148,22
12,Stormcaller,17,War Factory,0,2,772.0,164709.9,214,148,66
12,Stormcaller,17,War Factory,1,0,864.6,113593.0,132,148,-16
12,Stormcaller,17,War Factory,1,1,864.6,130631.9,152,148,4
12,Stormcaller,17,War Factory,1,2,864.6,164709.9,191,148,43
12,Stormcaller,17,War Factory,2,0,1049.9,113593.0,109,148,-39
12,Stormcaller,17,War Factory,2,1,1049.9,130631.9,125,148,-23
12,Stormcaller,17,War Factory,2,2,1049.9,164709.9,157,148,9
12,Stormcaller,19,Scorpion,0,0,772.0,18632.0,25,25,0
12,Stormcaller,19,Scorpion,0,1,772.0,21426.8,28,25,3
12,Stormcaller,19,Scorpion,0,2,772.0,27016.4,35,25,10
12,Stormcaller,19,Scorpion,1,0,864.6,18632.0,22,25,-3
12,Stormcaller,19,Scorpion,1,1,864.6,21426.8,25,25,0
12,Stormcaller,19,Scorpion,1,2,864.6,27016.4,32,25,7
12,Stormcaller,19,Scorpion,2,0,1049.9,18632.0,18,25,-7
12,Stormcaller,19,Scorpion,2,1,1049.9,21426.8,21,25,-4
12,Stormcaller,19,Scorpion,2,2,1049.9,27016.4,26,25,1
12,Stormcaller,20,Fire Badger,0,0,772.0,4222.0,6,6,0
12,Stormcaller,20,Fire Badger,0,1,772.0,4855.3,7,6,1
12,Stormcaller,20,Fire Badger,0,2,772.0,6121.9,8,6,2
12,Stormcaller,20,Fire Badger,1,0,864.6,4222.0,5,6,-1
12,Stormcaller,20,Fire Badger,1,1,864.6,4855.3,6,6,0
12,Stormcaller,20,Fire Badger,1,2,864.6,6121.9,8,6,2
12,Stormcaller,20,Fire Badger,2,0,1049.9,4222.0,5,6,-1
12,Stormcaller,20,Fire Badger,2,1,1049.9,4855.3,5,6,-1
12,Stormcaller,20,Fire Badger,2,2,1049.9,6121.9,6,6,0
12,Stormcaller,21,Sabertooth,0,0,772.0,14886.0,20,20,0
12,Stormcaller,21,Sabertooth,0,1,772.0,17118.9,23,20,3
12,Stormcaller,21,Sabertooth,0,2,772.0,21584.7,28,20,8
12,Stormcaller,21,Sabertooth,1,0,864.6,14886.0,18,20,-2
12,Stormcaller,21,Sabertooth,1,1,864.6,17118.9,20,20,0
12,Stormcaller,21,Sabertooth,1,2,864.6,21584.7,25,20,5
12,Stormcaller,21,Sabertooth,2,0,1049.9,14886.0,15,20,-5
12,Stormcaller,21,Sabertooth,2,1,1049.9,17118.9,17,20,-3
12,Stormcaller,21,Sabertooth,2,2,1049.9,21584.7,21,20,1
12,Stormcaller,22,Typhoon,0,0,772.0,9529.0,13,13,0
12,Stormcaller,22,Typhoon,0,1,772.0,10958.3,15,13,2
12,Stormcaller,22,Typhoon,0,2,772.0,13817.0,18,13,5
12,Stormcaller,22,Typhoon,1,0,864.6,9529.0,12,13,-1
12,Stormcaller,22,Typhoon,1,1,864.6,10958.3,13,13,0
12,Stormcaller,22,Typhoon,1,2,864.6,13817.0,16,13,3
12,Stormcaller,22,Typhoon,2,0,1049.9,9529.0,10,13,-3
12,Stormcaller,22,Typhoon,2,1,1049.9,10958.3,11,13,-2
12,Stormcaller,22,Typhoon,2,2,1049.9,13817.0,14,13,1
12,Stormcaller,23,Sandworm,0,0,772.0,48645.0,64,64,0
12,Stormcaller,23,Sandworm,0,1,772.0,55941.7,73,64,9
12,Stormcaller,23,Sandworm,0,2,772.0,70535.2,92,64,28
12,Stormcaller,23,Sandworm,1,0,864.6,48645.0,57,64,-7
12,Stormcaller,23,Sandworm,1,1,864.6,55941.7,65,64,1
12,Stormcaller,23,Sandworm,1,2,864.6,70535.2,82,64,18
12,Stormcaller,23,Sandworm,2,0,1049.9,48645.0,47,64,-17
12,Stormcaller,23,Sandworm,2,1,1049.9,55941.7,54,64,-10
12,Stormcaller,23,Sandworm,2,2,1049.9,70535.2,68,64,4
12,Stormcaller,24,Tarantula,0,0,772.0,14773.0,20,20,0
12,Stormcaller,24,Tarantula,0,1,772.0,16988.9,23,20,3
12,Stormcaller,24,Tarantula,0,2,772.0,21420.8,28,20,8
12,Stormcaller,24,Tarantula,1,0,864.6,14773.0,18,20,-2
12,Stormcaller,24,Tarantula,1,1,864.6,16988.9,20,20,0
12,Stormcaller,24,Tarantula,1,2,864.6,21420.8,25,20,5
12,Stormcaller,24,Tarantula,2,0,1049.9,14773.0,15,20,-5
12,Stormcaller,24,Tarantula,2,1,1049.9,16988.9,17,20,-3
12,Stormcaller,24,Tarantula,2,2,1049.9,21420.8,21,20,1
12,Stormcaller,26,Farseer,0,0,772.0,11991.0,16,16,0
12,Stormcaller,26,Farseer,0,1,772.0,13789.6,18,16,2
12,Stormcaller,26,Farseer,0,2,772.0,17387.0,23,16,7
12,Stormcaller,26,Farseer,1,0,864.6,11991.0,14,16,-2
12,Stormcaller,26,Farseer,1,1,864.6,13789.6,16,16,0
12,Stormcaller,26,Farseer,1,2,864.6,17387.0,21,16,5
12,Stormcaller,26,Farseer,2,0,1049.9,11991.0,12,16,-4
12,Stormcaller,26,Farseer,2,1,1049.9,13789.6,14,16,-2
12,Stormcaller,26,Farseer,2,2,1049.9,17387.0,17,16,1
12,Stormcaller,28,Hound,0,0,772.0,879.0,2,2,0
12,Stormcaller,28,Hound,0,1,772.0,1010.8,2,2,0
12,Stormcaller,28,Hound,0,2,772.0,1274.5,2,2,0
12,Stormcaller,28,Hound,1,0,864.6,879.0,2,2,0
12,Stormcaller,28,Hound,1,1,864.6,1010.8,2,2,0
12,Stormcaller,28,Hound,1,2,864.6,1274.5,2,2,0
12,Stormcaller,28,Hound,2,0,1049.9,879.0,1,2,-1
12,Stormcaller,28,Hound,2,1,1049.9,1010.8,1,2,-1
12,Stormcaller,28,Hound,2,2,1049.9,1274.5,2,2,0
12,Stormcaller,30,Void Eye,0,0,772.0,1522.0,2,2,0
12,Stormcaller,30,Void Eye,0,1,772.0,1750.3,3,2,1
12,Stormcaller,30,Void Eye,0,2,772.0,2206.9,3,2,1
12,Stormcaller,30,Void Eye,1,0,864.6,1522.0,2,2,0
12,Stormcaller,30,Void Eye,1,1,864.6,1750.3,3,2,1
12,Stormcaller,30,Void Eye,1,2,864.6,2206.9,3,2,1
12,Stormcaller,30,Void Eye,2,0,1049.9,1522.0,2,2,0
12,Stormcaller,30,Void Eye,2,1,1049.9,1750.3,2,2,0
12,Stormcaller,30,Void Eye,2,2,1049.9,2206.9,3,2,1
12,Stormcaller,31,Vortex,0,0,772.0,7425.0,10,10,0
12,Stormcaller,31,Vortex,0,1,772.0,8538.8,12,10,2
12,Stormcaller,31,Vortex,0,2,772.0,10766.2,14,10,4
12,Stormcaller,31,Vortex,1,0,864.6,7425.0,9,10,-1
12,Stormcaller,31,Vortex,1,1,864.6,8538.8,10,10,0
12,Stormcaller,31,Vortex,1,2,864.6,10766.2,13,10,3
12,Stormcaller,31,Vortex,2,0,1049.9,7425.0,8,10,-2
12,Stormcaller,31,Vortex,2,1,1049.9,8538.8,9,10,-1
12,Stormcaller,31,Vortex,2,2,1049.9,10766.2,11,10,1
12,Stormcaller,2002,Mountain,0,0,772.0,136657.0,178,178,0
12,Stormcaller,2002,Mountain,0,1,772.0,157155.5,204,178,26
12,Stormcaller,2002,Mountain,0,2,772.0,198152.6,257,178,79
12,Stormcaller,2002,Mountain,1,0,864.6,136657.0,159,178,-19
12,Stormcaller,2002,Mountain,1,1,864.6,157155.5,182,178,4
12,Stormcaller,2002,Mountain,1,2,864.6,198152.6,230,178,52
12,Stormcaller,2002,Mountain,2,0,1049.9,136657.0,131,178,-47
12,Stormcaller,2002,Mountain,2,1,1049.9,157155.5,150,178,-28
12,Stormcaller,2002,Mountain,2,2,1049.9,198152.6,189,178,11
13,Sledgehammer,1,Fortress,0,0,608.0,43938.0,73,73,0
13,Sledgehammer,1,Fortress,0,1,608.0,50528.7,84,73,11
13,Sledgehammer,1,Fortress,0,2,608.0,63710.1,105,73,32
13,Sledgehammer,1,Fortress,1,0,681.0,43938.0,65,73,-8
13,Sledgehammer,1,Fortress,1,1,681.0,50528.7,75,73,2
13,Sledgehammer,1,Fortress,1,2,681.0,63710.1,94,73,21
13,Sledgehammer,1,Fortress,2,0,826.9,43938.0,54,73,-19
13,Sledgehammer,1,Fortress,2,1,826.9,50528.7,62,73,-11
13,Sledgehammer,1,Fortress,2,2,826.9,63710.1,78,73,5
13,Sledgehammer,2,Marksman,0,0,608.0,1622.0,3,3,0
13,Sledgehammer,2,Marksman,0,1,608.0,1865.3,4,3,1
13,Sledgehammer,2,Marksman,0,2,608.0,2351.9,4,3,1
13,Sledgehammer,2,Marksman,1,0,681.0,1622.0,3,3,0
13,Sledgehammer,2,Marksman,1,1,681.0,1865.3,3,3,0
13,Sledgehammer,2,Marksman,1,2,681.0,2351.9,4,3,1
13,Sledgehammer,2,Marksman,2,0,826.9,1622.0,2,3,-1
13,Sledgehammer,2,Marksman,2,1,826.9,1865.3,3,3,0
13,Sledgehammer,2,Marksman,2,2,826.9,2351.9,3,3,0
13,Sledgehammer,3,Vulcan,0,0,608.0,30279.0,50,50,0
13,Sledgehammer,3,Vulcan,0,1,608.0,34820.8,58,50,8
13,Sledgehammer,3,Vulcan,0,2,608.0,43904.5,73,50,23
13,Sledgehammer,3,Vulcan,1,0,681.0,30279.0,45,50,-5
13,Sledgehammer,3,Vulcan,1,1,681.0,34820.8,52,50,2
13,Sledgehammer,3,Vulcan,1,2,681.0,43904.5,65,50,15
13,Sledgehammer,3,Vulcan,2,0,826.9,30279.0,37,50,-13
13,Sledgehammer,3,Vulcan,2,1,826.9,34820.8,43,50,-7
13,Sledgehammer,3,Vulcan,2,2,826.9,43904.5,54,50,4
13,Sledgehammer,4,Melting Point,0,0,608.0,30907.0,51,51,0
13,Sledgehammer,4,Melting Point,0,1,608.0,35543.0,59,51,8
13,Sledgehammer,4,Melting Point,0,2,608.0,44815.2,74,51,23
13,Sledgehammer,4,Melting Point,1,0,681.0,30907.0,46,51,-5
13,Sledgehammer,4,Melting Point,1,1,681.0,35543.0,53,51,2
13,Sledgehammer,4,Melting Point,1,2,681.0,44815.2,66,51,15
13,Sledgehammer,4,Melting Point,2,0,826.9,30907.0,38,51,-13
13,Sledgehammer,4,Melting Point,2,1,826.9,35543.0,43,51,-8
13,Sledgehammer,4,Melting Point,2,2,826.9,44815.2,55,51,4
13,Sledgehammer,5,Rhino,0,0,608.0,19297.0,32,32,0
13,Sledgehammer,5,Rhino,0,1,608.0,22191.5,37,32,5
13,Sledgehammer,5,Rhino,0,2,608.0,27980.6,47,32,15
13,Sledgehammer,5,Rhino,1,0,681.0,19297.0,29,32,-3
13,Sledgehammer,5,Rhino,1,1,681.0,22191.5,33,32,1
13,Sledgehammer,5,Rhino,1,2,681.0,27980.6,42,32,10
13,Sledgehammer,5,Rhino,2,0,826.9,19297.0,24,32,-8
13,Sledgehammer,5,Rhino,2,1,826.9,22191.5,27,32,-5
13,Sledgehammer,5,Rhino,2,2,826.9,27980.6,34,32,2
13,Sledgehammer,7,Mustang,0,0,608.0,343.0,1,1,0
13,Sledgehammer,7,Mustang,0,1,608.0,394.4,1,1,0
13,Sledgehammer,7,Mustang,0,2,608.0,497.3,1,1,0
13,Sledgehammer,7,Mustang,1,0,681.0,343.0,1,1,0
13,Sledgehammer,7,Mustang,1,1,681.0,394.4,1,1,0
13,Sledgehammer,7,Mustang,1,2,681.0,497.3,1,1,0
13,Sledgehammer,7,Mustang,2,0,826.9,343.0,1,1,0
13,Sledgehammer,7,Mustang,2,1,826.9,394.4,1,1,0
13,Sledgehammer,7,Mustang,2,2,826.9,497.3,1,1,0
13,Sledgehammer,8,Steel Ball,0,0,608.0,4571.0,8,8,0
13,Sledgehammer,8,Steel Ball,0,1,608.0,5256.6,9,8,1
13,Sledgehammer,8,Steel Ball,0,2,608.0,6627.9,11,8,3
13,Sledgehammer,8,Steel Ball,1,0,681.0,4571.0,7,8,-1
13,Sledgehammer,8,Steel Ball,1,1,681.0,5256.6,8,8,0
13,Sledgehammer,8,Steel Ball,1,2,681.0,6627.9,10,8,2
13,Sledgehammer,8,Steel Ball,2,0,826.9,4571.0,6,8,-2
13,Sledgehammer,8,Steel Ball,2,1,826.9,5256.6,7,8,-1
13,Sledgehammer,8,Steel Ball,2,2,826.9,6627.9,9,8,1
13,Sledgehammer,9,Fang,0,0,608.0,117.0,1,1,0
13,Sledgehammer,9,Fang,0,1,608.0,134.5,1,1,0
13,Sledgehammer,9,Fang,0,2,608.0,169.7,1,1,0
13,Sledgehammer,9,Fang,1,0,681.0,117.0,1,1,0
13,Sledgehammer,9,Fang,1,1,681.0,134.5,1,1,0
13,Sledgehammer,9,Fang,1,2,681.0,169.7,1,1,0
13,Sledgehammer,9,Fang,2,0,826.9,117.0,1,1,0
13,Sledgehammer,9,Fang,2,1,826.9,134.5,1,1,0
13,Sledgehammer,9,Fang,2,2,826.9,169.7,1,1,0
13,Sledgehammer,10,Crawler,0,0,608.0,263.0,1,1,0
13,Sledgehammer,10,Crawler,0,1,608.0,302.4,1,1,0
13,Sledgehammer,10,Crawler,0,2,608.0,381.3,1,1,0
13,Sledgehammer,10,Crawler,1,0,681.0,263.0,1,1,0
13,Sledgehammer,10,Crawler,1,1,681.0,302.4,1,1,0
13,Sledgehammer,10,Crawler,1,2,681.0,381.3,1,1,0
13,Sledgehammer,10,Crawler,2,0,826.9,263.0,1,1,0
13,Sledgehammer,10,Crawler,2,1,826.9,302.4,1,1,0
13,Sledgehammer,10,Crawler,2,2,826.9,381.3,1,1,0
13,Sledgehammer,12,Stormcaller,0,0,608.0,1149.0,2,2,0
13,Sledgehammer,12,Stormcaller,0,1,608.0,1321.3,3,2,1
13,Sledgehammer,12,Stormcaller,0,2,608.0,1666.0,3,2,1
13,Sledgehammer,12,Stormcaller,1,0,681.0,1149.0,2,2,0
13,Sledgehammer,12,Stormcaller,1,1,681.0,1321.3,2,2,0
13,Sledgehammer,12,Stormcaller,1,2,681.0,1666.0,3,2,1
13,Sledgehammer,12,Stormcaller,2,0,826.9,1149.0,2,2,0
13,Sledgehammer,12,Stormcaller,2,1,826.9,1321.3,2,2,0
13,Sledgehammer,12,Stormcaller,2,2,826.9,1666.0,3,2,1
13,Sledgehammer,13,Sledgehammer,0,0,608.0,3478.0,6,6,0
13,Sledgehammer,13,Sledgehammer,0,1,608.0,3999.7,7,6,1
13,Sledgehammer,13,Sledgehammer,0,2,608.0,5043.1,9,6,3
13,Sledgehammer,13,Sledgehammer,1,0,681.0,3478.0,6,6,0
13,Sledgehammer,13,Sledgehammer,1,1,681.0,3999.7,6,6,0
13,Sledgehammer,13,Sledgehammer,1,2,681.0,5043.1,8,6,2
13,Sledgehammer,13,Sledgehammer,2,0,826.9,3478.0,5,6,-1
13,Sledgehammer,13,Sledgehammer,2,1,826.9,3999.7,5,6,-1
13,Sledgehammer,13,Sledgehammer,2,2,826.9,5043.1,7,6,1
13,Sledgehammer,14,Hacker,0,0,608.0,3249.0,6,6,0
13,Sledgehammer,14,Hacker,0,1,608.0,3736.3,7,6,1
13,Sledgehammer,14,Hacker,0,2,608.0,4711.1,8,6,2
13,Sledgehammer,14,Hacker,1,0,681.0,3249.0,5,6,-1
13,Sledgehammer,14,Hacker,1,1,681.0,3736.3,6,6,0
13,Sledgehammer,14,Hacker,1,2,681.0,4711.1,7,6,1
13,Sledgehammer,14,Hacker,2,0,826.9,3249.0,4,6,-2
13,Sledgehammer,14,Hacker,2,1,826.9,3736.3,5,6,-1
13,Sledgehammer,14,Hacker,2,2,826.9,4711.1,6,6,0
13,Sledgehammer,15,Arclight,0,0,608.0,4813.0,8,8,0
13,Sledgehammer,15,Arclight,0,1,608.0,5534.9,10,8,2
13,Sledgehammer,15,Arclight,0,2,608.0,6978.8,12,8,4
13,Sledgehammer,15,Arclight,1,0,681.0,4813.0,8,8,0
13,Sledgehammer,15,Arclight,1,1,681.0,5534.9,9,8,1
13,Sledgehammer,15,Arclight,1,2,681.0,6978.8,11,8,3
13,Sledgehammer,15,Arclight,2,0,826.9,4813.0,6,8,-2
13,Sledgehammer,15,Arclight,2,1,826.9,5534.9,7,8,-1
13,Sledgehammer,15,Arclight,2,2,826.9,6978.8,9,8,1
13,Sledgehammer,17,War Factory,0,0,608.0,113593.0,187,187,0
13,Sledgehammer,17,War Factory,0,1,608.0,130631.9,215,187,28
13,Sledgehammer,17,War Factory,0,2,608.0,164709.9,271,187,84
13,Sledgehammer,17,War Factory,1,0,681.0,113593.0,167,187,-20
13,Sledgehammer,17,War Factory,1,1,681.0,130631.9,192,187,5
13,Sledgehammer,17,War Factory,1,2,681.0,164709.9,242,187,55
13,Sledgehammer,17,War Factory,2,0,826.9,113593.0,138,187,-49
13,Sledgehammer,17,War Factory,2,1,826.9,130631.9,158,187,-29
13,Sledgehammer,17,War Factory,2,2,826.9,164709.9,200,187,13
13,Sledgehammer,19,Scorpion,0,0,608.0,18632.0,31,31,0
13,Sledgehammer,19,Scorpion,0,1,608.0,21426.8,36,31,5
13,Sledgehammer,19,Scorpion,0,2,608.0,27016.4,45,31,14
13,Sledgehammer,19,Scorpion,1,0,681.0,18632.0,28,31,-3
13,Sledgehammer,19,Scorpion,1,1,681.0,21426.8,32,31,1
13,Sledgehammer,19,Scorpion,1,2,681.0,27016.4,40,31,9
13,Sledgehammer,19,Scorpion,2,0,826.9,18632.0,23,31,-8
13,Sledgehammer,19,Scorpion,2,1,826.9,21426.8,26,31,-5
13,Sledgehammer,19,Scorpion,2,2,826.9,27016.4,33,31,2
13,Sledgehammer,20,Fire Badger,0,0,608.0,4222.0,7,7,0
13,Sledgehammer,20,Fire Badger,0,1,608.0,4855.3,8,7,1
13,Sledgehammer,20,Fire Badger,0,2,608.0,6121.9,11,7,4
13,Sledgehammer,20,Fire Badger,1,0,681.0,4222.0,7,7,0
13,Sledgehammer,20,Fire Badger,1,1,681.0,4855.3,8,7,1
13,Sledgehammer,20,Fire Badger,1,2,681.0,6121.9,9,7,2
13,Sledgehammer,20,Fire Badger,2,0,826.9,4222.0,6,7,-1
13,Sledgehammer,20,Fire Badger,2,1,826.9,4855.3,6,7,-1
13,Sledgehammer,20,Fire Badger,2,2,826.9,6121.9,8,7,1
13,Sledgehammer,21,Sabertooth,0,0,608.0,14886.0,25,25,0
13,Sledgehammer,21,Sabertooth,0,1,608.0,17118.9,29,25,4
13,Sledgehammer,21,Sabertooth,0,2,608.0,21584.7,36,25,11
13,Sledgehammer,21,Sabertooth,1,0,681.0,14886.0,22,25,-3
13,Sledgehammer,21,Sabertooth,1,1,681.0,17118.9,26,25,1
13,Sledgehammer,21,Sabertooth,1,2,681.0,21584.7,32,25,7
13,Sledgehammer,21,Sabertooth,2,0,826.9,14886.0,19,25,-6
13,Sledgehammer,21,Sabertooth,2,1,826.9,17118.9,21,25,-4
13,Sledgehammer,21,Sabertooth,2,2,826.9,21584.7,27,25,2
13,Sledgehammer,22,Typhoon,0,0,608.0,9529.0,16,16,0
13,Sledgehammer,22,Typhoon,0,1,608.0,10958.3,19,16,3
13,Sledgehammer,22,Typhoon,0,2,608.0,13817.0,23,16,7
13,Sledgehammer,22,Typhoon,1,0,681.0,9529.0,14,16,-2
13,Sledgehammer,22,Typhoon,1,1,681.0,10958.3,17,16,1
13,Sledgehammer,22,Typhoon,1,2,681.0,13817.0,21,16,5
13,Sledgehammer,22,Typhoon,2,0,826.9,9529.0,12,16,-4
13,Sledgehammer,22,Typhoon,2,1,826.9,10958.3,14,16,-2
13,Sledgehammer,22,Typhoon,2,2,826.9,13817.0,17,16,1
13,Sledgehammer,23,Sandworm,0,0,608.0,48645.0,81,81,0
13,Sledgehammer,23,Sandworm,0,1,608.0,55941.7,93,81,12
13,Sledgehammer,23,Sandworm,0,2,608.0,70535.2,117,81,36
13,Sledgehammer,23,Sandworm,1,0,681.0,48645.0,72,81,-9
13,Sledgehammer,23,Sandworm,1,1,681.0,55941.7,83,81,2
13,Sledgehammer,23,Sandworm,1,2,681.0,70535.2,104,81,23
13,Sledgehammer,23,Sandworm,2,0,826.9,48645.0,59,81,-22
13,Sledgehammer,23,Sandworm,2,1,826.9,55941.7,68,81,-13
13,Sledgehammer,23,Sandworm,2,2,826.9,70535.2,86,81,5
13,Sledgehammer,24,Tarantula,0,0,608.0,14773.0,25,25,0
13,Sledgehammer,24,Tarantula,0,1,608.0,16988.9,28,25,3
13,Sledgehammer,24,Tarantula,0,2,608.0,21420.8,36,25,11
13,Sledgehammer,24,Tarantula,1,0,681.0,14773.0,22,25,-3
13,Sledgehammer,24,Tarantula,1,1,681.0,16988.9,25,25,0
13,Sledgehammer,24,Tarantula,1,2,681.0,21420.8,32,25,7
13,Sledgehammer,24,Tarantula,2,0,826.9,14773.0,18,25,-7
13,Sledgehammer,24,Tarantula,2,1,826.9,16988.9,21,25,-4
13,Sledgehammer,24,Tarantula,2,2,826.9,21420.8,26,25,1
13,Sledgehammer,26,Farseer,0,0,608.0,11991.0,20,20,0
13,Sledgehammer,26,Farseer,0,1,608.0,13789.6,23,20,3
13,Sledgehammer,26,Farseer,0,2,608.0,17387.0,29,20,9
13,Sledgehammer,26,Farseer,1,0,681.0,11991.0,18,20,-2
13,Sledgehammer,26,Farseer,1,1,681.0,13789.6,21,20,1
13,Sledgehammer,26,Farseer,1,2,681.0,17387.0,26,20,6
13,Sledgehammer,26,Farseer,2,0,826.9,11991.0,15,20,-5
13,Sledgehammer,26,Farseer,2,1,826.9,13789.6,17,20,-3
13,Sledgehammer,26,Farseer,2,2,826.9,17387.0,22,20,2
13,Sledgehammer,28,Hound,0,0,608.0,879.0,2,2,0
13,Sledgehammer,28,Hound,0,1,608.0,1010.8,2,2,0
13,Sledgehammer,28,Hound,0,2,608.0,1274.5,3,2,1
13,Sledgehammer,28,Hound,1,0,681.0,879.0,2,2,0
13,Sledgehammer,28,Hound,1,1,681.0,1010.8,2,2,0
13,Sledgehammer,28,Hound,1,2,681.0,1274.5,2,2,0
13,Sledgehammer,28,Hound,2,0,826.9,879.0,2,2,0
13,Sledgehammer,28,Hound,2,1,826.9,1010.8,2,2,0
13,Sledgehammer,28,Hound,2,2,826.9,1274.5,2,2,0
13,Sledgehammer,30,Void Eye,0,0,608.0,1522.0,3,3,0
13,Sledgehammer,30,Void Eye,0,1,608.0,1750.3,3,3,0
13,Sledgehammer,30,Void Eye,0,2,608.0,2206.9,4,3,1
13,Sledgehammer,30,Void Eye,1,0,681.0,1522.0,3,3,0
13,Sledgehammer,30,Void Eye,1,1,681.0,1750.3,3,3,0
13,Sledgehammer,30,Void Eye,1,2,681.0,2206.9,4,3,1
13,Sledgehammer,30,Void Eye,2,0,826.9,1522.0,2,3,-1
13,Sledgehammer,30,Void Eye,2,1,826.9,1750.3,3,3,0
13,Sledgehammer,30,Void Eye,2,2,826.9,2206.9,3,3,0
13,Sledgehammer,31,Vortex,0,0,608.0,7425.0,13,13,0
13,Sledgehammer,31,Vortex,0,1,608.0,8538.8,15,13,2
13,Sledgehammer,31,Vortex,0,2,608.0,10766.2,18,13,5
13,Sledgehammer,31,Vortex,1,0,681.0,7425.0,11,13,-2
13,Sledgehammer,31,Vortex,1,1,681.0,8538.8,13,13,0
13,Sledgehammer,31,Vortex,1,2,681.0,10766.2,16,13,3
13,Sledgehammer,31,Vortex,2,0,826.9,7425.0,9,13,-4
13,Sledgehammer,31,Vortex,2,1,826.9,8538.8,11,13,-2
13,Sledgehammer,31,Vortex,2,2,826.9,10766.2,14,13,1
13,Sledgehammer,2002,Mountain,0,0,608.0,136657.0,225,225,0
13,Sledgehammer,2002,Mountain,0,1,608.0,157155.5,259,225,34
13,Sledgehammer,2002,Mountain,0,2,608.0,198152.6,326,225,101
13,Sledgehammer,2002,Mountain,1,0,681.0,136657.0,201,225,-24
13,Sledgehammer,2002,Mountain,1,1,681.0,157155.5,231,225,6
13,Sledgehammer,2002,Mountain,1,2,681.0,198152.6,291,225,66
13,Sledgehammer,2002,Mountain,2,0,826.9,136657.0,166,225,-59
13,Sledgehammer,2002,Mountain,2,1,826.9,157155.5,191,225,-34
13,Sledgehammer,2002,Mountain,2,2,826.9,198152.6,240,225,15
14,Hacker,1,Fortress,0,0,600.0,43938.0,74,74,0
14,Hacker,1,Fortress,0,1,600.0,50528.7,85,74,11
14,Hacker,1,Fortress,0,2,600.0,63710.1,107,74,33
14,Hacker,1,Fortress,1,0,672.0,43938.0,66,74,-8
14,Hacker,1,Fortress,1,1,672.0,50528.7,76,74,2
14,Hacker,1,Fortress,1,2,672.0,63710.1,95,74,21
14,Hacker,1,Fortress,2,0,816.0,43938.0,54,74,-20
14,Hacker,1,Fortress,2,1,816.0,50528.7,62,74,-12
14,Hacker,1,Fortress,2,2,816.0,63710.1,79,74,5
14,Hacker,2,Marksman,0,0,600.0,1622.0,3,3,0
14,Hacker,2,Marksman,0,1,600.0,1865.3,4,3,1
14,Hacker,2,Marksman,0,2,600.0,2351.9,4,3,1
14,Hacker,2,Marksman,1,0,672.0,1622.0,3,3,0
14,Hacker,2,Marksman,1,1,672.0,1865.3,3,3,0
14,Hacker,2,Marksman,1,2,672.0,2351.9,4,3,1
14,Hacker,2,Marksman,2,0,816.0,1622.0,2,3,-1
14,Hacker,2,Marksman,2,1,816.0,1865.3,3,3,0
14,Hacker,2,Marksman,2,2,816.0,2351.9,3,3,0
14,Hacker,3,Vulcan,0,0,600.0,30279.0,51,51,0
14,Hacker,3,Vulcan,0,1,600.0,34820.8,59,51,8
14,Hacker,3,Vulcan,0,2,600.0,43904.5,74,51,23
14,Hacker,3,Vulcan,1,0,672.0,30279.0,46,51,-5
14,Hacker,3,Vulcan,1,1,672.0,34820.8,52,51,1
14,Hacker,3,Vulcan,1,2,672.0,43904.5,66,51,15
14,Hacker,3,Vulcan,2,0,816.0,30279.0,38,51,-13
14,Hacker,3,Vulcan,2,1,816.0,34820.8,43,51,-8
14,Hacker,3,Vulcan,2,2,816.0,43904.5,54,51,3
14,Hacker,4,Melting Point,0,0,600.0,30907.0,52,52,0
14,Hacker,4,Melting Point,0,1,600.0,35543.0,60,52,8
14,Hacker,4,Melting Point,0,2,600.0,44815.2,75,52,23
14,Hacker,4,Melting Point,1,0,672.0,30907.0,46,52,-6
14,Hacker,4,Melting Point,1,1,672.0,35543.0,53,52,1
14,Hacker,4,Melting Point,1,2,672.0,44815.2,67,52,15
14,Hacker,4,Melting Point,2,0,816.0,30907.0,38,52,-14
14,Hacker,4,Melting Point,2,1,816.0,35543.0,44,52,-8
14,Hacker,4,Melting Point,2,2,816.0,44815.2,55,52,3
14,Hacker,5,Rhino,0,0,600.0,19297.0,33,33,0
14,Hacker,5,Rhino,0,1,600.0,22191.5,37,33,4
14,Hacker,5,Rhino,0,2,600.0,27980.6,47,33,14
14,Hacker,5,Rhino,1,0,672.0,19297.0,29,33,-4
14,Hacker,5,Rhino,1,1,672.0,22191.5,34,33,1
14,Hacker,5,Rhino,1,2,672.0,27980.6,42,33,9
14,Hacker,5,Rhino,2,0,816.0,19297.0,24,33,-9
14,Hacker,5,Rhino,2,1,816.0,22191.5,28,33,-5
14,Hacker,5,Rhino,2,2,816.0,27980.6,35,33,2
14,Hacker,7,Mustang,0,0,600.0,343.0,1,1,0
14,Hacker,7,Mustang,0,1,600.0,394.4,1,1,0
14,Hacker,7,Mustang,0,2,600.0,497.3,1,1,0
14,Hacker,7,Mustang,1,0,672.0,343.0,1,1,0
14,Hacker,7,Mustang,1,1,672.0,394.4,1,1,0
14,Hacker,7,Mustang,1,2,672.0,497.3,1,1,0
14,Hacker,7,Mustang,2,0,816.0,343.0,1,1,0
14,Hacker,7,Mustang,2,1,816.0,394.4,1,1,0
14,Hacker,7,Mustang,2,2,816.0,497.3,1,1,0
14,Hacker,8,Steel Ball,0,0,600.0,4571.0,8,8,0
14,Hacker,8,Steel Ball,0,1,600.0,5256.6,9,8,1
14,Hacker,8,Steel Ball,0,2,600.0,6627.9,12,8,4
14,Hacker,8,Steel Ball,1,0,672.0,4571.0,7,8,-1
14,Hacker,8,Steel Ball,1,1,672.0,5256.6,8,8,0
14,Hacker,8,Steel Ball,1,2,672.0,6627.9,10,8,2
14,Hacker,8,Steel Ball,2,0,816.0,4571.0,6,8,-2
14,Hacker,8,Steel Ball,2,1,816.0,5256.6,7,8,-1
14,Hacker,8,Steel Ball,2,2,816.0,6627.9,9,8,1
14,Hacker,9,Fang,0,0,600.0,117.0,1,1,0
14,Hacker,9,Fang,0,1,600.0,134.5,1,1,0
14,Hacker,9,Fang,0,2,600.0,169.7,1,1,0
14,Hacker,9,Fang,1,0,672.0,117.0,1,1,0
14,Hacker,9,Fang,1,1,672.0,134.5,1,1,0
14,Hacker,9,Fang,1,2,672.0,169.7,1,1,0
14,Hacker,9,Fang,2,0,816.0,117.0,1,1,0
14,Hacker,9,Fang,2,1,816.0,134.5,1,1,0
14,Hacker,9,Fang,2,2,816.0,169.7,1,1,0
14,Hacker,10,Crawler,0,0,600.0,263.0,1,1,0
14,Hacker,10,Crawler,0,1,600.0,302.4,1,1,0
14,Hacker,10,Crawler,0,2,600.0,381.3,1,1,0
14,Hacker,10,Crawler,1,0,672.0,263.0,1,1,0
14,Hacker,10,Crawler,1,1,672.0,302.4,1,1,0
14,Hacker,10,Crawler,1,2,672.0,381.3,1,1,0
14,Hacker,10,Crawler,2,0,816.0,263.0,1,1,0
14,Hacker,10,Crawler,2,1,816.0,302.4,1,1,0
14,Hacker,10,Crawler,2,2,816.0,381.3,1,1,0
14,Hacker,12,Stormcaller,0,0,600.0,1149.0,2,2,0
14,Hacker,12,Stormcaller,0,1,600.0,1321.3,3,2,1
14,Hacker,12,Stormcaller,0,2,600.0,1666.0,3,2,1
14,Hacker,12,Stormcaller,1,0,672.0,1149.0,2,2,0
14,Hacker,12,Stormcaller,1,1,672.0,1321.3,2,2,0
14,Hacker,12,Stormcaller,1,2,672.0,1666.0,3,2,1
14,Hacker,12,Stormcaller,2,0,816.0,1149.0,2,2,0
14,Hacker,12,Stormcaller,2,1,816.0,1321.3,2,2,0
14,Hacker,12,Stormcaller,2,2,816.0,1666.0,3,2,1
14,Hacker,13,Sledgehammer,0,0,600.0,3478.0,6,6,0
14,Hacker,13,Sledgehammer,0,1,600.0,3999.7,7,6,1
14,Hacker,13,Sledgehammer,0,2,600.0,5043.1,9,6,3
14,Hacker,13,Sledgehammer,1,0,672.0,3478.0,6,6,0
14,Hacker,13,Sledgehammer,1,1,672.0,3999.7,6,6,0
14,Hacker,13,Sledgehammer,1,2,672.0,5043.1,8,6,2
14,Hacker,13,Sledgehammer,2,0,816.0,3478.0,5,6,-1
14,Hacker,13,Sledgehammer,2,1,816.0,3999.7,5,6,-1
14,Hacker,13,Sledgehammer,2,2,816.0,5043.1,7,6,1
14,Hacker,14,Hacker,0,0,600.0,3249.0,6,6,0
14,Hacker,14,Hacker,0,1,600.0,3736.3,7,6,1
14,Hacker,14,Hacker,0,2,600.0,4711.1,8,6,2
14,Hacker,14,Hacker,1,0,672.0,3249.0,5,6,-1
14,Hacker,14,Hacker,1,1,672.0,3736.3,6,6,0
14,Hacker,14,Hacker,1,2,672.0,4711.1,8,6,2
14,Hacker,14,Hacker,2,0,816.0,3249.0,4,6,-2
14,Hacker,14,Hacker,2,1,816.0,3736.3,5,6,-1
14,Hacker,14,Hacker,2,2,816.0,4711.1,6,6,0
14,Hacker,15,Arclight,0,0,600.0,4813.0,9,9,0
14,Hacker,15,Arclight,0,1,600.0,5534.9,10,9,1
14,Hacker,15,Arclight,0,2,600.0,6978.8,12,9,3
14,Hacker,15,Arclight,1,0,672.0,4813.0,8,9,-1
14,Hacker,15,Arclight,1,1,672.0,5534.9,9,9,0
14,Hacker,15,Arclight,1,2,672.0,6978.8,11,9,2
14,Hacker,15,Arclight,2,0,816.0,4813.0,6,9,-3
14,Hacker,15,Arclight,2,1,816.0,5534.9,7,9,-2
14,Hacker,15,Arclight,2,2,816.0,6978.8,9,9,0
14,Hacker,17,War Factory,0,0,600.0,113593.0,190,190,0
14,Hacker,17,War Factory,0,1,600.0,130631.9,218,190,28
14,Hacker,17,War Factory,0,2,600.0,164709.9,275,190,85
14,Hacker,17,War Factory,1,0,672.0,113593.0,170,190,-20
14,Hacker,17,War Factory,1,1,672.0,130631.9,195,190,5
14,Hacker,17,War Factory,1,2,672.0,164709.9,246,190,56
14,Hacker,17,War Factory,2,0,816.0,113593.0,140,190,-50
14,Hacker,17,War Factory,2,1,816.0,130631.9,161,190,-29
14,Hacker,17,War Factory,2,2,816.0,164709.9,202,190,12
14,Hacker,19,Scorpion,0,0,600.0,18632.0,32,32,0
14,Hacker,19,Scorpion,0,1,600.0,21426.8,36,32,4
14,Hacker,19,Scorpion,0,2,600.0,27016.4,46,32,14
14,Hacker,19,Scorpion,1,0,672.0,18632.0,28,32,-4
14,Hacker,19,Scorpion,1,1,672.0,21426.8,32,32,0
14,Hacker,19,Scorpion,1,2,672.0,27016.4,41,32,9
14,Hacker,19,Scorpion,2,0,816.0,18632.0,23,32,-9
14,Hacker,19,Scorpion,2,1,816.0,21426.8,27,32,-5
14,Hacker,19,Scorpion,2,2,816.0,27016.4,34,32,2
14,Hacker,20,Fire Badger,0,0,600.0,4222.0,8,8,0
14,Hacker,20,Fire Badger,0,1,600.0,4855.3,9,8,1
14,Hacker,20,Fire Badger,0,2,600.0,6121.9,11,8,3
14,Hacker,20,Fire Badger,1,0,672.0,4222.0,7,8,-1
14,Hacker,20,Fire Badger,1,1,672.0,4855.3,8,8,0
14,Hacker,20,Fire Badger,1,2,672.0,6121.9,10,8,2
14,Hacker,20,Fire Badger,2,0,816.0,4222.0,6,8,-2
14,Hacker,20,Fire Badger,2,1,816.0,4855.3,6,8,-2
14,Hacker,20,Fire Badger,2,2,816.0,6121.9,8,8,0
14,Hacker,21,Sabertooth,0,0,600.0,14886.0,25,25,0
14,Hacker,21,Sabertooth,0,1,600.0,17118.9,29,25,4
14,Hacker,21,Sabertooth,0,2,600.0,21584.7,36,25,11
14,Hacker,21,Sabertooth,1,0,672.0,14886.0,23,25,-2
14,Hacker,21,Sabertooth,1,1,672.0,17118.9,26,25,1
14,Hacker,21,Sabertooth,1,2,672.0,21584.7,33,25,8
14,Hacker,21,Sabertooth,2,0,816.0,14886.0,19,25,-6
14,Hacker,21,Sabertooth,2,1,816.0,17118.9,21,25,-4
14,Hacker,21,Sabertooth,2,2,816.0,21584.7,27,25,2
14,Hacker,22,Typhoon,0,0,600.0,9529.0,16,16,0
14,Hacker,22,Typhoon,0,1,600.0,10958.3,19,16,3
14,Hacker,22,Typhoon,0,2,600.0,13817.0,24,16,8
14,Hacker,22,Typhoon,1,0,672.0,9529.0,15,16,-1
14,Hacker,22,Typhoon,1,1,672.0,10958.3,17,16,1
14,Hacker,22,Typhoon,1,2,672.0,13817.0,21,16,5
14,Hacker,22,Typhoon,2,0,816.0,9529.0,12,16,-4
14,Hacker,22,Typhoon,2,1,816.0,10958.3,14,16,-2
14,Hacker,22,Typhoon,2,2,816.0,13817.0,17,16,1
14,Hacker,23,Sandworm,0,0,600.0,48645.0,82,82,0
14,Hacker,23,Sandworm,0,1,600.0,55941.7,94,82,12
14,Hacker,23,Sandworm,0,2,600.0,70535.2,118,82,36
14,Hacker,23,Sandworm,1,0,672.0,48645.0,73,82,-9
14,Hacker,23,Sandworm,1,1,672.0,55941.7,84,82,2
14,Hacker,23,Sandworm,1,2,672.0,70535.2,105,82,23
14,Hacker,23,Sandworm,2,0,816.0,48645.0,60,82,-22
14,Hacker,23,Sandworm,2,1,816.0,55941.7,69,82,-13
14,Hacker,23,Sandworm,2,2,816.0,70535.2,87,82,5
14,Hacker,24,Tarantula,0,0,600.0,14773.0,25,25,0
14,Hacker,24,Tarantula,0,1,600.0,16988.9,29,25,4
14,Hacker,24,Tarantula,0,2,600.0,21420.8,36,25,11
14,Hacker,24,Tarantula,1,0,672.0,14773.0,22,25,-3
14,Hacker,24,Tarantula,1,1,672.0,16988.9,26,25,1
14,Hacker,24,Tarantula,1,2,672.0,21420.8,32,25,7
14,Hacker,24,Tarantula,2,0,816.0,14773.0,19,25,-6
14,Hacker,24,Tarantula,2,1,816.0,16988.9,21,25,-4
14,Hacker,24,Tarantula,2,2,816.0,21420.8,27,25,2
14,Hacker,26,Farseer,0,0,600.0,11991.0,20,20,0
14,Hacker,26,Farseer,0,1,600.0,13789.6,23,20,3
14,Hacker,26,Farseer,0,2,600.0,17387.0,29,20,9
14,Hacker,26,Farseer,1,0,672.0,11991.0,18,20,-2
14,Hacker,26,Farseer,1,1,672.0,13789.6,21,20,1
14,Hacker,26,Farseer,1,2,672.0,17387.0,26,20,6
14,Hacker,26,Farseer,2,0,816.0,11991.0,15,20,-5
14,Hacker,26,Farseer,2,1,816.0,13789.6,17,20,-3
14,Hacker,26,Farseer,2,2,816.0,17387.0,22,20,2
14,Hacker,28,Hound,0,0,600.0,879.0,2,2,0
14,Hacker,28,Hound,0,1,600.0,1010.8,2,2,0
14,Hacker,28,Hound,0,2,600.0,1274.5,3,2,1
14,Hacker,28,Hound,1,0,672.0,879.0,2,2,0
14,Hacker,28,Hound,1,1,672.0,1010.8,2,2,0
14,Hacker,28,Hound,1,2,672.0,1274.5,2,2,0
14,Hacker,28,Hound,2,0,816.0,879.0,2,2,0
14,Hacker,28,Hound,2,1,816.0,1010.8,2,2,0
14,Hacker,28,Hound,2,2,816.0,1274.5,2,2,0
14,Hacker,30,Void Eye,0,0,600.0,1522.0,3,3,0
14,Hacker,30,Void Eye,0,1,600.0,1750.3,3,3,0
14,Hacker,30,Void Eye,0,2,600.0,2206.9,4,3,1
14,Hacker,30,Void Eye,1,0,672.0,1522.0,3,3,0
14,Hacker,30,Void Eye,1,1,672.0,1750.3,3,3,0
14,Hacker,30,Void Eye,1,2,672.0,2206.9,4,3,1
14,Hacker,30,Void Eye,2,0,816.0,1522.0,2,3,-1
14,Hacker,30,Void Eye,2,1,816.0,1750.3,3,3,0
14,Hacker,30,Void Eye,2,2,816.0,2206.9,3,3,0
14,Hacker,31,Vortex,0,0,600.0,7425.0,13,13,0
14,Hacker,31,Vortex,0,1,600.0,8538.8,15,13,2
14,Hacker,31,Vortex,0,2,600.0,10766.2,18,13,5
14,Hacker,31,Vortex,1,0,672.0,7425.0,12,13,-1
14,Hacker,31,Vortex,1,1,672.0,8538.8,13,13,0
14,Hacker,31,Vortex,1,2,672.0,10766.2,17,13,4
14,Hacker,31,Vortex,2,0,816.0,7425.0,10,13,-3
14,Hacker,31,Vortex,2,1,816.0,8538.8,11,13,-2
14,Hacker,31,Vortex,2,2,816.0,10766.2,14,13,1
14,Hacker,2002,Mountain,0,0,600.0,136657.0,228,228,0
14,Hacker,2002,Mountain,0,1,600.0,157155.5,262,228,34
14,Hacker,2002,Mountain,0,2,600.0,198152.6,331,228,103
14,Hacker,2002,Mountain,1,0,672.0,136657.0,204,228,-24
14,Hacker,2002,Mountain,1,1,672.0,157155.5,234,228,6
14,Hacker,2002,Mountain,1,2,672.0,198152.6,295,228,67
14,Hacker,2002,Mountain,2,0,816.0,136657.0,168,228,-60
14,Hacker,2002,Mountain,2,1,816.0,157155.5,193,228,-35
14,Hacker,2002,Mountain,2,2,816.0,198152.6,243,228,15
15,Arclight,1,Fortress,0,0,365.0,43938.0,121,121,0
15,Arclight,1,Fortress,0,1,365.0,50528.7,139,121,18
15,Arclight,1,Fortress,0,2,365.0,63710.1,175,121,54
15,Arclight,1,Fortress,1,0,408.8,43938.0,108,121,-13
15,Arclight,1,Fortress,1,1,408.8,50528.7,124,121,3
15,Arclight,1,Fortress,1,2,408.8,63710.1,156,121,35
15,Arclight,1,Fortress,2,0,496.4,43938.0,89,121,-32
15,Arclight,1,Fortress,2,1,496.4,50528.7,102,121,-19
15,Arclight,1,Fortress,2,2,496.4,63710.1,129,121,8
15,Arclight,2,Marksman,0,0,365.0,1622.0,5,5,0
15,Arclight,2,Marksman,0,1,365.0,1865.3,6,5,1
15,Arclight,2,Marksman,0,2,365.0,2351.9,7,5,2
15,Arclight,2,Marksman,1,0,408.8,1622.0,4,5,-1
15,Arclight,2,Marksman,1,1,408.8,1865.3,5,5,0
15,Arclight,2,Marksman,1,2,408.8,2351.9,6,5,1
15,Arclight,2,Marksman,2,0,496.4,1622.0,4,5,-1
15,Arclight,2,Marksman,2,1,496.4,1865.3,4,5,-1
15,Arclight,2,Marksman,2,2,496.4,2351.9,5,5,0
15,Arclight,3,Vulcan,0,0,365.0,30279.0,83,83,0
15,Arclight,3,Vulcan,0,1,365.0,34820.8,96,83,13
15,Arclight,3,Vulcan,0,2,365.0,43904.5,121,83,38
15,Arclight,3,Vulcan,1,0,408.8,30279.0,75,83,-8
15,Arclight,3,Vulcan,1,1,408.8,34820.8,86,83,3
15,Arclight,3,Vulcan,1,2,408.8,43904.5,108,83,25
15,Arclight,3,Vulcan,2,0,496.4,30279.0,61,83,-22
15,Arclight,3,Vulcan,2,1,496.4,34820.8,71,83,-12
15,Arclight,3,Vulcan,2,2,496.4,43904.5,89,83,6
15,Arclight,4,Melting Point,0,0,365.0,30907.0,85,85,0
15,Arclight,4,Melting Point,0,1,365.0,35543.0,98,85,13
15,Arclight,4,Melting Point,0,2,365.0,44815.2,123,85,38
15,Arclight,4,Melting Point,1,0,408.8,30907.0,76,85,-9
15,Arclight,4,Melting Point,1,1,408.8,35543.0,87,85,2
15,Arclight,4,Melting Point,1,2,408.8,44815.2,110,85,25
15,Arclight,4,Melting Point,2,0,496.4,30907.0,63,85,-22
15,Arclight,4,Melting Point,2,1,496.4,35543.0,72,85,-13
15,Arclight,4,Melting Point,2,2,496.4,44815.2,91,85,6
15,Arclight,5,Rhino,0,0,365.0,19297.0,53,53,0
15,Arclight,5,Rhino,0,1,365.0,22191.5,61,53,8
15,Arclight,5,Rhino,0,2,365.0,27980.6,77,53,24
15,Arclight,5,Rhino,1,0,408.8,19297.0,48,53,-5
15,Arclight,5,Rhino,1,1,408.8,22191.5,55,53,2
15,Arclight,5,Rhino,1,2,408.8,27980.6,69,53,16
15,Arclight,5,Rhino,2,0,496.4,19297.0,39,53,-14
15,Arclight,5,Rhino,2,1,496.4,22191.5,45,53,-8
15,Arclight,5,Rhino,2,2,496.4,27980.6,57,53,4
15,Arclight,7,Mustang,0,0,365.0,343.0,1,1,0
15,Arclight,7,Mustang,0,1,365.0,394.4,2,1,1
15,Arclight,7,Mustang,0,2,365.0,497.3,2,1,1
15,Arclight,7,Mustang,1,0,408.8,343.0,1,1,0
15,Arclight,7,Mustang,1,1,408.8,394.4,1,1,0
15,Arclight,7,Mustang,1,2,408.8,497.3,2,1,1
15,Arclight,7,Mustang,2,0,496.4,343.0,1,1,0
15,Arclight,7,Mustang,2,1,496.4,394.4,1,1,0
15,Arclight,7,Mustang,2,2,496.4,497.3,2,1,1
15,Arclight,8,Steel Ball,0,0,365.0,4571.0,13,13,0
15,Arclight,8,Steel Ball,0,1,365.0,5256.6,15,13,2
15,Arclight,8,Steel Ball,0,2,365.0,6627.9,19,13,6
15,Arclight,8,Steel Ball,1,0,408.8,4571.0,12,13,-1
15,Arclight,8,Steel Ball,1,1,408.8,5256.6,13,13,0
15,Arclight,8,Steel Ball,1,2,408.8,6627.9,17,13,4
15,Arclight,8,Steel Ball,2,0,496.4,4571.0,10,13,-3
15,Arclight,8,Steel Ball,2,1,496.4,5256.6,11,13,-2
15,Arclight,8,Steel Ball,2,2,496.4,6627.9,14,13,1
15,Arclight,9,Fang,0,0,365.0,117.0,1,1,0
15,Arclight,9,Fang,0,1,365.0,134.5,1,1,0
15,Arclight,9,Fang,0,2,365.0,169.7,1,1,0
15,Arclight,9,Fang,1,0,408.8,117.0,1,1,0
15,Arclight,9,Fang,1,1,408.8,134.5,1,1,0
15,Arclight,9,Fang,1,2,408.8,169.7,1,1,0
15,Arclight,9,Fang,2,0,496.4,117.0,1,1,0
15,Arclight,9,Fang,2,1,496.4,134.5,1,1,0
15,Arclight,9,Fang,2,2,496.4,169.7,1,1,0
15,Arclight,10,Crawler,0,0,365.0,263.0,1,1,0
15,Arclight,10,Crawler,0,1,365.0,302.4,1,1,0
15,Arclight,10,Crawler,0,2,365.0,381.3,2,1,1
15,Arclight,10,Crawler,1,0,408.8,263.0,1,1,0
15,Arclight,10,Crawler,1,1,408.8,302.4,1,1,0
15,Arclight,10,Crawler,1,2,408.8,381.3,1,1,0
15,Arclight,10,Crawler,2,0,496.4,263.0,1,1,0
15,Arclight,10,Crawler,2,1,496.4,302.4,1,1,0
15,Arclight,10,Crawler,2,2,496.4,381.3,1,1,0
15,Arclight,12,Stormcaller,0,0,365.0,1149.0,4,4,0
15,Arclight,12,Stormcaller,0,1,365.0,1321.3,4,4,0
15,Arclight,12,Stormcaller,0,2,365.0,1666.0,5,4,1
15,Arclight,12,Stormcaller,1,0,408.8,1149.0,3,4,-1
15,Arclight,12,Stormcaller,1,1,408.8,1321.3,4,4,0
15,Arclight,12,Stormcaller,1,2,408.8,1666.0,5,4,1
15,Arclight,12,Stormcaller,2,0,496.4,1149.0,3,4,-1
15,Arclight,12,Stormcaller,2,1,496.4,1321.3,3,4,-1
15,Arclight,12,Stormcaller,2,2,496.4,1666.0,4,4,0
15,Arclight,13,Sledgehammer,0,0,365.0,3478.0,10,10,0
15,Arclight,13,Sledgehammer,0,1,365.0,3999.7,11,10,1
15,Arclight,13,Sledgehammer,0,2,365.0,5043.1,14,10,4
15,Arclight,13,Sledgehammer,1,0,408.8,3478.0,9,10,-1
15,Arclight,13,Sledgehammer,1,1,408.8,3999.7,10,10,0
15,Arclight,13,Sledgehammer,1,2,408.8,5043.1,13,10,3
15,Arclight,13,Sledgehammer,2,0,496.4,3478.0,8,10,-2
15,Arclight,13,Sledgehammer,2,1,496.4,3999.7,9,10,-1
15,Arclight,13,Sledgehammer,2,2,496.4,5043.1,11,10,1
15,Arclight,14,Hacker,0,0,365.0,3249.0,9,9,0
15,Arclight,14,Hacker,0,1,365.0,3736.3,11,9,2
15,Arclight,14,Hacker,0,2,365.0,4711.1,13,9,4
15,Arclight,14,Hacker,1,0,408.8,3249.0,8,9,-1
15,Arclight,14,Hacker,1,1,408.8,3736.3,10,9,1
15,Arclight,14,Hacker,1,2,408.8,4711.1,12,9,3
15,Arclight,14,Hacker,2,0,496.4,3249.0,7,9,-2
15,Arclight,14,Hacker,2,1,496.4,3736.3,8,9,-1
15,Arclight,14,Hacker,2,2,496.4,4711.1,10,9,1
15,Arclight,15,Arclight,0,0,365.0,4813.0,14,14,0
15,Arclight,15,Arclight,0,1,365.0,5534.9,16,14,2
15,Arclight,15,Arclight,0,2,365.0,6978.8,20,14,6
15,Arclight,15,Arclight,1,0,408.8,4813.0,12,14,-2
15,Arclight,15,Arclight,1,1,408.8,5534.9,14,14,0
15,Arclight,15,Arclight,1,2,408.8,6978.8,18,14,4
15,Arclight,15,Arclight,2,0,496.4,4813.0,10,14,-4
15,Arclight,15,Arclight,2,1,496.4,5534.9,12,14,-2
15,Arclight,15,Arclight,2,2,496.4,6978.8,15,14,1
15,Arclight,17,War Factory,0,0,365.0,113593.0,312,312,0
15,Arclight,17,War Factory,0,1,365.0,130631.9,358,312,46
15,Arclight,17,War Factory,0,2,365.0,164709.9,452,312,140
15,Arclight,17,War Factory,1,0,408.8,113593.0,278,312,-34
15,Arclight,17,War Factory,1,1,408.8,130631.9,320,312,8
15,Arclight,17,War Factory,1,2,408.8,164709.9,403,312,91
15,Arclight,17,War Factory,2,0,496.4,113593.0,229,312,-83
15,Arclight,17,War Factory,2,1,496.4,130631.9,264,312,-48
15,Arclight,17,War Factory,2,2,496.4,164709.9,332,312,20
15,Arclight,19,Scorpion,0,0,365.0,18632.0,52,52,0
15,Arclight,19,Scorpion,0,1,365.0,21426.8,59,52,7
15,Arclight,19,Scorpion,0,2,365.0,27016.4,75,52,23
15,Arclight,19,Scorpion,1,0,408.8,18632.0,46,52,-6
15,Arclight,19,Scorpion,1,1,408.8,21426.8,53,52,1
15,Arclight,19,Scorpion,1,2,408.8,27016.4,67,52,15
15,Arclight,19,Scorpion,2,0,496.4,18632.0,38,52,-14
15,Arclight,19,Scorpion,2,1,496.4,21426.8,44,52,-8
15,Arclight,19,Scorpion,2,2,496.4,27016.4,55,52,3
15,Arclight,20,Fire Badger,0,0,365.0,4222.0,12,12,0
15,Arclight,20,Fire Badger,0,1,365.0,4855.3,14,12,2
15,Arclight,20,Fire Badger,0,2,365.0,6121.9,17,12,5
15,Arclight,20,Fire Badger,1,0,408.8,4222.0,11,12,-1
15,Arclight,20,Fire Badger,1,1,408.8,4855.3,12,12,0
15,Arclight,20,Fire Badger,1,2,408.8,6121.9,15,12,3
15,Arclight,20,Fire Badger,2,0,496.4,4222.0,9,12,-3
15,Arclight,20,Fire Badger,2,1,496.4,4855.3,10,12,-2
15,Arclight,20,Fire Badger,2,2,496.4,6121.9,13,12,1
15,Arclight,21,Sabertooth,0,0,365.0,14886.0,41,41,0
15,Arclight,21,Sabertooth,0,1,365.0,17118.9,47,41,6
15,Arclight,21,Sabertooth,0,2,365.0,21584.7,60,41,19
15,Arclight,21,Sabertooth,1,0,408.8,14886.0,37,41,-4
15,Arclight,21,Sabertooth,1,1,408.8,17118.9,42,41,1
15,Arclight,21,Sabertooth,1,2,408.8,21584.7,53,41,12
15,Arclight,21,Sabertooth,2,0,496.4,14886.0,30,41,-11
15,Arclight,21,Sabertooth,2,1,496.4,17118.9,35,41,-6
15,Arclight,21,Sabertooth,2,2,496.4,21584.7,44,41,3
15,Arclight,22,Typhoon,0,0,365.0,9529.0,27,27,0
15,Arclight,22,Typhoon,0,1,365.0,10958.3,31,27,4
15,Arclight,22,Typhoon,0,2,365.0,13817.0,38,27,11
15,Arclight,22,Typhoon,1,0,408.8,9529.0,24,27,-3
15,Arclight,22,Typhoon,1,1,408.8,10958.3,27,27,0
15,Arclight,22,Typhoon,1,2,408.8,13817.0,34,27,7
15,Arclight,22,Typhoon,2,0,496.4,9529.0,20,27,-7
15,Arclight,22,Typhoon,2,1,496.4,10958.3,23,27,-4
15,Arclight,22,Typhoon,2,2,496.4,13817.0,28,27,1
15,Arclight,23,Sandworm,0,0,365.0,48645.0,134,134,0
15,Arclight,23,Sandworm,0,1,365.0,55941.7,154,134,20
15,Arclight,23,Sandworm,0,2,365.0,70535.2,194,134,60
15,Arclight,23,Sandworm,1,0,408.8,48645.0,119,134,-15
15,Arclight,23,Sandworm,1,1,408.8,55941.7,137,134,3
15,Arclight,23,Sandworm,1,2,408.8,70535.2,173,134,39
15,Arclight,23,Sandworm,2,0,496.4,48645.0,98,134,-36
15,Arclight,23,Sandworm,2,1,496.4,55941.7,113,134,-21
15,Arclight,23,Sandworm,2,2,496.4,70535.2,143,134,9
15,Arclight,24,Tarantula,0,0,365.0,14773.0,41,41,0
15,Arclight,24,Tarantula,0,1,365.0,16988.9,47,41,6
15,Arclight,24,Tarantula,0,2,365.0,21420.8,59,41,18
15,Arclight,24,Tarantula,1,0,408.8,14773.0,37,41,-4
15,Arclight,24,Tarantula,1,1,408.8,16988.9,42,41,1
15,Arclight,24,Tarantula,1,2,408.8,21420.8,53,41,12
15,Arclight,24,Tarantula,2,0,496.4,14773.0,30,41,-11
15,Arclight,24,Tarantula,2,1,496.4,16988.9,35,41,-6
15,Arclight,24,Tarantula,2,2,496.4,21420.8,44,41,3
15,Arclight,26,Farseer,0,0,365.0,11991.0,33,33,0
15,Arclight,26,Farseer,0,1,365.0,13789.6,38,33,5
15,Arclight,26,Farseer,0,2,365.0,17387.0,48,33,15
15,Arclight,26,Farseer,1,0,408.8,11991.0,30,33,-3
15,Arclight,26,Farseer,1,1,408.8,13789.6,34,33,1
15,Arclight,26,Farseer,1,2,408.8,17387.0,43,33,10
15,Arclight,26,Farseer,2,0,496.4,11991.0,25,33,-8
15,Arclight,26,Farseer,2,1,496.4,13789.6,28,33,-5
15,Arclight,26,Farseer,2,2,496.4,17387.0,36,33,3
15,Arclight,28,Hound,0,0,365.0,879.0,3,3,0
15,Arclight,28,Hound,0,1,365.0,1010.8,3,3,0
15,Arclight,28,Hound,0,2,365.0,1274.5,4,3,1
15,Arclight,28,Hound,1,0,408.8,879.0,3,3,0
15,Arclight,28,Hound,1,1,408.8,1010.8,3,3,0
15,Arclight,28,Hound,1,2,408.8,1274.5,4,3,1
15,Arclight,28,Hound,2,0,496.4,879.0,2,3,-1
15,Arclight,28,Hound,2,1,496.4,1010.8,3,3,0
15,Arclight,28,Hound,2,2,496.4,1274.5,3,3,0
15,Arclight,30,Void Eye,0,0,365.0,1522.0,5,5,0
15,Arclight,30,Void Eye,0,1,365.0,1750.3,5,5,0
15,Arclight,30,Void Eye,0,2,365.0,2206.9,7,5,2
15,Arclight,30,Void Eye,1,0,408.8,1522.0,4,5,-1
15,Arclight,30,Void Eye,1,1,408.8,1750.3,5,5,0
15,Arclight,30,Void Eye,1,2,408.8,2206.9,6,5,1
15,Arclight,30,Void Eye,2,0,496.4,1522.0,4,5,-1
15,Arclight,30,Void Eye,2,1,496.4,1750.3,4,5,-1
15,Arclight,30,Void Eye,2,2,496.4,2206.9,5,5,0
15,Arclight,31,Vortex,0,0,365.0,7425.0,21,21,0
15,Arclight,31,Vortex,0,1,365.0,8538.8,24,21,3
15,Arclight,31,Vortex,0,2,365.0,10766.2,30,21,9
15,Arclight,31,Vortex,1,0,408.8,7425.0,19,21,-2
15,Arclight,31,Vortex,1,1,408.8,8538.8,21,21,0
15,Arclight,31,Vortex,1,2,408.8,10766.2,27,21,6
15,Arclight,31,Vortex,2,0,496.4,7425.0,15,21,-6
15,Arclight,31,Vortex,2,1,496.4,8538.8,18,21,-3
15,Arclight,31,Vortex,2,2,496.4,10766.2,22,21,1
15,Arclight,2002,Mountain,0,0,365.0,136657.0,375,375,0
15,Arclight,2002,Mountain,0,1,365.0,157155.5,431,375,56
15,Arclight,2002,Mountain,0,2,365.0,198152.6,543,375,168
15,Arclight,2002,Mountain,1,0,408.8,136657.0,335,375,-40
15,Arclight,2002,Mountain,1,1,408.8,157155.5,385,375,10
15,Arclight,2002,Mountain,1,2,408.8,198152.6,485,375,110
15,Arclight,2002,Mountain,2,0,496.4,136657.0,276,375,-99
15,Arclight,2002,Mountain,2,1,496.4,157155.5,317,375,-58
15,Arclight,2002,Mountain,2,2,496.4,198152.6,400,375,25
16,Phoenix,1,Fortress,0,0,2814.0,43938.0,16,16,0
16,Phoenix,1,Fortress,0,1,2814.0,50528.7,18,16,2
16,Phoenix,1,Fortress,0,2,2814.0,63710.1,23,16,7
16,Phoenix,1,Fortress,1,0,3151.7,43938.0,14,16,-2
16,Phoenix,1,Fortress,1,1,3151.7,50528.7,17,16,1
16,Phoenix,1,Fortress,1,2,3151.7,63710.1,21,16,5
16,Phoenix,1,Fortress,2,0,3827.0,43938.0,12,16,-4
16,Phoenix,1,Fortress,2,1,3827.0,50528.7,14,16,-2
16,Phoenix,1,Fortress,2,2,3827.0,63710.1,17,16,1
16,Phoenix,2,Marksman,0,0,2814.0,1622.0,1,1,0
16,Phoenix,2,Marksman,0,1,2814.0,1865.3,1,1,0
16,Phoenix,2,Marksman,0,2,2814.0,2351.9,1,1,0
16,Phoenix,2,Marksman,1,0,3151.7,1622.0,1,1,0
16,Phoenix,2,Marksman,1,1,3151.7,1865.3,1,1,0
16,Phoenix,2,Marksman,1,2,3151.7,2351.9,1,1,0
16,Phoenix,2,Marksman,2,0,3827.0,1622.0,1,1,0
16,Phoenix,2,Marksman,2,1,3827.0,1865.3,1,1,0
16,Phoenix,2,Marksman,2,2,3827.0,2351.9,1,1,0
16,Phoenix,3,Vulcan,0,0,2814.0,30279.0,11,11,0
16,Phoenix,3,Vulcan,0,1,2814.0,34820.8,13,11,2
16,Phoenix,3,Vulcan,0,2,2814.0,43904.5,16,11,5
16,Phoenix,3,Vulcan,1,0,3151.7,30279.0,10,11,-1
16,Phoenix,3,Vulcan,1,1,3151.7,34820.8,12,11,1
16,Phoenix,3,Vulcan,1,2,3151.7,43904.5,14,11,3
16,Phoenix,3,Vulcan,2,0,3827.0,30279.0,8,11,-3
16,Phoenix,3,Vulcan,2,1,3827.0,34820.8,10,11,-1
16,Phoenix,3,Vulcan,2,2,3827.0,43904.5,12,11,1
16,Phoenix,4,Melting Point,0,0,2814.0,30907.0,11,11,0
16,Phoenix,4,Melting Point,0,1,2814.0,35543.0,13,11,2
16,Phoenix,4,Melting Point,0,2,2814.0,44815.2,16,11,5
16,Phoenix,4,Melting Point,1,0,3151.7,30907.0,10,11,-1
16,Phoenix,4,Melting Point,1,1,3151.7,35543.0,12,11,1
16,Phoenix,4,Melting Point,1,2,3151.7,44815.2,15,11,4
16,Phoenix,4,Melting Point,2,0,3827.0,30907.0,9,11,-2
16,Phoenix,4,Melting Point,2,1,3827.0,35543.0,10,11,-1
16,Phoenix,4,Melting Point,2,2,3827.0,44815.2,12,11,1
16,Phoenix,5,Rhino,0,0,2814.0,19297.0,7,7,0
16,Phoenix,5,Rhino,0,1,2814.0,22191.5,8,7,1
16,Phoenix,5,Rhino,0,2,2814.0,27980.6,10,7,3
16,Phoenix,5,Rhino,1,0,3151.7,19297.0,7,7,0
16,Phoenix,5,Rhino,1,1,3151.7,22191.5,8,7,1
16,Phoenix,5,Rhino,1,2,3151.7,27980.6,9,7,2
16,Phoenix,5,Rhino,2,0,3827.0,19297.0,6,7,-1
16,Phoenix,5,Rhino,2,1,3827.0,22191.5,6,7,-1
16,Phoenix,5,Rhino,2,2,3827.0,27980.6,8,7,1
16,Phoenix,6,Wasp,0,0,2814.0,311.0,1,1,0
16,Phoenix,6,Wasp,0,1,2814.0,357.6,1,1,0
16,Phoenix,6,Wasp,0,2,2814.0,450.9,1,1,0
16,Phoenix,6,Wasp,1,0,3151.7,311.0,1,1,0
16,Phoenix,6,Wasp,1,1,3151.7,357.6,1,1,0
16,Phoenix,6,Wasp,1,2,3151.7,450.9,1,1,0
16,Phoenix,6,Wasp,2,0,3827.0,311.0,1,1,0
16,Phoenix,6,Wasp,2,1,3827.0,357.6,1,1,0
16,Phoenix,6,Wasp,2,2,3827.0,450.9,1,1,0
16,Phoenix,7,Mustang,0,0,2814.0,343.0,1,1,0
16,Phoenix,7,Mustang,0,1,2814.0,394.4,1,1,0
16,Phoenix,7,Mustang,0,2,2814.0,497.3,1,1,0
16,Phoenix,7,Mustang,1,0,3151.7,343.0,1,1,0
16,Phoenix,7,Mustang,1,1,3151.7,394.4,1,1,0
16,Phoenix,7,Mustang,1,2,3151.7,497.3,1,1,0
16,Phoenix,7,Mustang,2,0,3827.0,343.0,1,1,0
16,Phoenix,7,Mustang,2,1,3827.0,394.4,1,1,0
16,Phoenix,7,Mustang,2,2,3827.0,497.3,1,1,0
16,Phoenix,8,Steel Ball,0,0,2814.0,4571.0,2,2,0
16,Phoenix,8,Steel Ball,0,1,2814.0,5256.6,2,2,0
16,Phoenix,8,Steel Ball,0,2,2814.0,6627.9,3,2,1
16,Phoenix,8,Steel Ball,1,0,3151.7,4571.0,2,2,0
16,Phoenix,8,Steel Ball,1,1,3151.7,5256.6,2,2,0
16,Phoenix,8,Steel Ball,1,2,3151.7,6627.9,3,2,1
16,Phoenix,8,Steel Ball,2,0,3827.0,4571.0,2,2,0
16,Phoenix,8,Steel Ball,2,1,3827.0,5256.6,2,2,0
16,Phoenix,8,Steel Ball,2,2,3827.0,6627.9,2,2,0
16,Phoenix,9,Fang,0,0,2814.0,117.0,1,1,0
16,Phoenix,9,Fang,0,1,2814.0,134.5,1,1,0
16,Phoenix,9,Fang,0,2,2814.0,169.7,1,1,0
16,Phoenix,9,Fang,1,0,3151.7,117.0,1,1,0
16,Phoenix,9,Fang,1,1,3151.7,134.5,1,1,0
16,Phoenix,9,Fang,1,2,3151.7,169.7,1,1,0
16,Phoenix,9,Fang,2,0,3827.0,117.0,1,1,0
16,Phoenix,9,Fang,2,1,3827.0,134.5,1,1,0
16,Phoenix,9,Fang,2,2,3827.0,169.7,1,1,0
16,Phoenix,10,Crawler,0,0,2814.0,263.0,1,1,0
16,Phoenix,10,Crawler,0,1,2814.0,302.4,1,1,0
16,Phoenix,10,Crawler,0,2,2814.0,381.3,1,1,0
16,Phoenix,10,Crawler,1,0,3151.7,263.0,1,1,0
16,Phoenix,10,Crawler,1,1,3151.7,302.4,1,1,0
16,Phoenix,10,Crawler,1,2,3151.7,381.3,1,1,0
16,Phoenix,10,Crawler,2,0,3827.0,263.0,1,1,0
16,Phoenix,10,Crawler,2,1,3827.0,302.4,1,1,0
16,Phoenix,10,Crawler,2,2,3827.0,381.3,1,1,0
16,Phoenix,11,Overlord,0,0,2814.0,21339.0,8,8,0
16,Phoenix,11,Overlord,0,1,2814.0,24539.8,9,8,1
16,Phoenix,11,Overlord,0,2,2814.0,30941.5,11,8,3
16,Phoenix,11,Overlord,1,0,3151.7,21339.0,7,8,-1
16,Phoenix,11,Overlord,1,1,3151.7,24539.8,8,8,0
16,Phoenix,11,Overlord,1,2,3151.7,30941.5,10,8,2
16,Phoenix,11,Overlord,2,0,3827.0,21339.0,6,8,-2
16,Phoenix,11,Overlord,2,1,3827.0,24539.8,7,8,-1
16,Phoenix,11,Overlord,2,2,3827.0,30941.5,9,8,1
16,Phoenix,12,Stormcaller,0,0,2814.0,1149.0,1,1,0
16,Phoenix,12,Stormcaller,0,1,2814.0,1321.3,1,1,0
16,Phoenix,12,Stormcaller,0,2,2814.0,1666.0,1,1,0
16,Phoenix,12,Stormcaller,1,0,3151.7,1149.0,1,1,0
16,Phoenix,12,Stormcaller,1,1,3151.7,1321.3,1,1,0
16,Phoenix,12,Stormcaller,1,2,3151.7,1666.0,1,1,0
16,Phoenix,12,Stormcaller,2,0,3827.0,1149.0,1,1,0
16,Phoenix,12,Stormcaller,2,1,3827.0,1321.3,1,1,0
16,Phoenix,12,Stormcaller,2,2,3827.0,1666.0,1,1,0
16,Phoenix,13,Sledgehammer,0,0,2814.0,3478.0,2,2,0
16,Phoenix,13,Sledgehammer,0,1,2814.0,3999.7,2,2,0
16,Phoenix,13,Sledgehammer,0,2,2814.0,5043.1,2,2,0
16,Phoenix,13,Sledgehammer,1,0,3151.7,3478.0,2,2,0
16,Phoenix,13,Sledgehammer,1,1,3151.7,3999.7,2,2,0
16,Phoenix,13,Sledgehammer,1,2,3151.7,5043.1,2,2,0
16,Phoenix,13,Sledgehammer,2,0,3827.0,3478.0,1,2,-1
16,Phoenix,13,Sledgehammer,2,1,3827.0,3999.7,2,2,0
16,Phoenix,13,Sledgehammer,2,2,3827.0,5043.1,2,2,0
16,Phoenix,14,Hacker,0,0,2814.0,3249.0,2,2,0
16,Phoenix,14,Hacker,0,1,2814.0,3736.3,2,2,0
16,Phoenix,14,Hacker,0,2,2814.0,4711.1,2,2,0
16,Phoenix,14,Hacker,1,0,3151.7,3249.0,2,2,0
16,Phoenix,14,Hacker,1,1,3151.7,3736.3,2,2,0
16,Phoenix,14,Hacker,1,2,3151.7,4711.1,2,2,0
16,Phoenix,14,Hacker,2,0,3827.0,3249.0,1,2,-1
16,Phoenix,14,Hacker,2,1,3827.0,3736.3,1,2,-1
16,Phoenix,14,Hacker,2,2,3827.0,4711.1,2,2,0
16,Phoenix,15,Arclight,0,0,2814.0,4813.0,2,2,0
16,Phoenix,15,Arclight,0,1,2814.0,5534.9,2,2,0
16,Phoenix,15,Arclight,0,2,2814.0,6978.8,3,2,1
16,Phoenix,15,Arclight,1,0,3151.7,4813.0,2,2,0
16,Phoenix,15,Arclight,1,1,3151.7,5534.9,2,2,0
16,Phoenix,15,Arclight,1,2,3151.7,6978.8,3,2,1
16,Phoenix,15,Arclight,2,0,3827.0,4813.0,2,2,0
16,Phoenix,15,Arclight,2,1,3827.0,5534.9,2,2,0
16,Phoenix,15,Arclight,2,2,3827.0,6978.8,2,2,0
16,Phoenix,16,Phoenix,0,0,2814.0,1491.0,1,1,0
16,Phoenix,16,Phoenix,0,1,2814.0,1714.6,1,1,0
16,Phoenix,16,Phoenix,0,2,2814.0,2161.9,1,1,0
16,Phoenix,16,Phoenix,1,0,3151.7,1491.0,1,1,0
16,Phoenix,16,Phoenix,1,1,3151.7,1714.6,1,1,0
16,Phoenix,16,Phoenix,1,2,3151.7,2161.9,1,1,0
16,Phoenix,16,Phoenix,2,0,3827.0,1491.0,1,1,0
16,Phoenix,16,Phoenix,2,1,3827.0,1714.6,1,1,0
16,Phoenix,16,Phoenix,2,2,3827.0,2161.9,1,1,0
16,Phoenix,17,War Factory,0,0,2814.0,113593.0,41,41,0
16,Phoenix,17,War Factory,0,1,2814.0,130631.9,47,41,6
16,Phoenix,17,War Factory,0,2,2814.0,164709.9,59,41,18
16,Phoenix,17,War Factory,1,0,3151.7,113593.0,37,41,-4
16,Phoenix,17,War Factory,1,1,3151.7,130631.9,42,41,1
16,Phoenix,17,War Factory,1,2,3151.7,164709.9,53,41,12
16,Phoenix,17,War Factory,2,0,3827.0,113593.0,30,41,-11
16,Phoenix,17,War Factory,2,1,3827.0,130631.9,35,41,-6
16,Phoenix,17,War Factory,2,2,3827.0,164709.9,44,41,3
16,Phoenix,18,Wraith,0,0,2814.0,14115.0,6,6,0
16,Phoenix,18,Wraith,0,1,2814.0,16232.2,6,6,0
16,Phoenix,18,Wraith,0,2,2814.0,20466.8,8,6,2
16,Phoenix,18,Wraith,1,0,3151.7,14115.0,5,6,-1
16,Phoenix,18,Wraith,1,1,3151.7,16232.2,6,6,0
16,Phoenix,18,Wraith,1,2,3151.7,20466.8,7,6,1
16,Phoenix,18,Wraith,2,0,3827.0,14115.0,4,6,-2
16,Phoenix,18,Wraith,2,1,3827.0,16232.2,5,6,-1
16,Phoenix,18,Wraith,2,2,3827.0,20466.8,6,6,0
16,Phoenix,19,Scorpion,0,0,2814.0,18632.0,7,7,0
16,Phoenix,19,Scorpion,0,1,2814.0,21426.8,8,7,1
16,Phoenix,19,Scorpion,0,2,2814.0,27016.4,10,7,3
16,Phoenix,19,Scorpion,1,0,3151.7,18632.0,6,7,-1
16,Phoenix,19,Scorpion,1,1,3151.7,21426.8,7,7,0
16,Phoenix,19,Scorpion,1,2,3151.7,27016.4,9,7,2
16,Phoenix,19,Scorpion,2,0,3827.0,18632.0,5,7,-2
16,Phoenix,19,Scorpion,2,1,3827.0,21426.8,6,7,-1
16,Phoenix,19,Scorpion,2,2,3827.0,27016.4,8,7,1
16,Phoenix,20,Fire Badger,0,0,2814.0,4222.0,2,2,0
16,Phoenix,20,Fire Badger,0,1,2814.0,4855.3,2,2,0
16,Phoenix,20,Fire Badger,0,2,2814.0,6121.9,3,2,1
16,Phoenix,20,Fire Badger,1,0,3151.7,4222.0,2,2,0
16,Phoenix,20,Fire Badger,1,1,3151.7,4855.3,2,2,0
16,Phoenix,20,Fire Badger,1,2,3151.7,6121.9,2,2,0
16,Phoenix,20,Fire Badger,2,0,3827.0,4222.0,2,2,0
16,Phoenix,20,Fire Badger,2,1,3827.0,4855.3,2,2,0
16,Phoenix,20,Fire Badger,2,2,3827.0,6121.9,2,2,0
16,Phoenix,21,Sabertooth,0,0,2814.0,14886.0,6,6,0
16,Phoenix,21,Sabertooth,0,1,2814.0,17118.9,7,6,1
16,Phoenix,21,Sabertooth,0,2,2814.0,21584.7,8,6,2
16,Phoenix,21,Sabertooth,1,0,3151.7,14886.0,5,6,-1
16,Phoenix,21,Sabertooth,1,1,3151.7,17118.9,6,6,0
16,Phoenix,21,Sabertooth,1,2,3151.7,21584.7,7,6,1
16,Phoenix,21,Sabertooth,2,0,3827.0,14886.0,4,6,-2
16,Phoenix,21,Sabertooth,2,1,3827.0,17118.9,5,6,-1
16,Phoenix,21,Sabertooth,2,2,3827.0,21584.7,6,6,0
16,Phoenix,22,Typhoon,0,0,2814.0,9529.0,4,4,0
16,Phoenix,22,Typhoon,0,1,2814.0,10958.3,4,4,0
16,Phoenix,22,Typhoon,0,2,2814.0,13817.0,5,4,1
16,Phoenix,22,Typhoon,1,0,3151.7,9529.0,4,4,0
16,Phoenix,22,Typhoon,1,1,3151.7,10958.3,4,4,0
16,Phoenix,22,Typhoon,1,2,3151.7,13817.0,5,4,1
16,Phoenix,22,Typhoon,2,0,3827.0,9529.0,3,4,-1
16,Phoenix,22,Typhoon,2,1,3827.0,10958.3,3,4,-1
16,Phoenix,22,Typhoon,2,2,3827.0,13817.0,4,4,0
16,Phoenix,23,Sandworm,0,0,2814.0,48645.0,18,18,0
16,Phoenix,23,Sandworm,0,1,2814.0,55941.7,20,18,2
16,Phoenix,23,Sandworm,0,2,2814.0,70535.2,26,18,8
16,Phoenix,23,Sandworm,1,0,3151.7,48645.0,16,18,-2
16,Phoenix,23,Sandworm,1,1,3151.7,55941.7,18,18,0
16,Phoenix,23,Sandworm,1,2,3151.7,70535.2,23,18,5
16,Phoenix,23,Sandworm,2,0,3827.0,48645.0,13,18,-5
16,Phoenix,23,Sandworm,2,1,3827.0,55941.7,15,18,-3
16,Phoenix,23,Sandworm,2,2,3827.0,70535.2,19,18,1
16,Phoenix,24,Tarantula,0,0,2814.0,14773.0,6,6,0
16,Phoenix,24,Tarantula,0,1,2814.0,16988.9,7,6,1
16,Phoenix,24,Tarantula,0,2,2814.0,21420.8,8,6,2
16,Phoenix,24,Tarantula,1,0,3151.7,14773.0,5,6,-1
16,Phoenix,24,Tarantula,1,1,3151.7,16988.9,6,6,0
16,Phoenix,24,Tarantula,1,2,3151.7,21420.8,7,6,1
16,Phoenix,24,Tarantula,2,0,3827.0,14773.0,4,6,-2
16,Phoenix,24,Tarantula,2,1,3827.0,16988.9,5,6,-1
16,Phoenix,24,Tarantula,2,2,3827.0,21420.8,6,6,0
16,Phoenix,25,Phantom Ray,0,0,2814.0,3412.0,2,2,0
16,Phoenix,25,Phantom Ray,0,1,2814.0,3923.8,2,2,0
16,Phoenix,25,Phantom Ray,0,2,2814.0,4947.4,2,2,0
16,Phoenix,25,Phantom Ray,1,0,3151.7,3412.0,2,2,0
16,Phoenix,25,Phantom Ray,1,1,3151.7,3923.8,2,2,0
16,Phoenix,25,Phantom Ray,1,2,3151.7,4947.4,2,2,0
16,Phoenix,25,Phantom Ray,2,0,3827.0,3412.0,1,2,-1
16,Phoenix,25,Phantom Ray,2,1,3827.0,3923.8,2,2,0
16,Phoenix,25,Phantom Ray,2,2,3827.0,4947.4,2,2,0
16,Phoenix,26,Farseer,0,0,2814.0,11991.0,5,5,0
16,Phoenix,26,Farseer,0,1,2814.0,13789.6,5,5,0
16,Phoenix,26,Farseer,0,2,2814.0,17387.0,7,5,2
16,Phoenix,26,Farseer,1,0,3151.7,11991.0,4,5,-1
16,Phoenix,26,Farseer,1,1,3151.7,13789.6,5,5,0
16,Phoenix,26,Farseer,1,2,3151.7,17387.0,6,5,1
16,Phoenix,26,Farseer,2,0,3827.0,11991.0,4,5,-1
16,Phoenix,26,Farseer,2,1,3827.0,13789.6,4,5,-1
16,Phoenix,26,Farseer,2,2,3827.0,17387.0,5,5,0
16,Phoenix,27,Raiden,0,0,2814.0,16065.0,6,6,0
16,Phoenix,27,Raiden,0,1,2814.0,18474.8,7,6,1
16,Phoenix,27,Raiden,0,2,2814.0,23294.2,9,6,3
16,Phoenix,27,Raiden,1,0,3151.7,16065.0,6,6,0
16,Phoenix,27,Raiden,1,1,3151.7,18474.8,6,6,0
16,Phoenix,27,Raiden,1,2,3151.7,23294.2,8,6,2
16,Phoenix,27,Raiden,2,0,3827.0,16065.0,5,6,-1
16,Phoenix,27,Raiden,2,1,3827.0,18474.8,5,6,-1
16,Phoenix,27,Raiden,2,2,3827.0,23294.2,7,6,1
16,Phoenix,28,Hound,0,0,2814.0,879.0,1,1,0
16,Phoenix,28,Hound,0,1,2814.0,1010.8,1,1,0
16,Phoenix,28,Hound,0,2,2814.0,1274.5,1,1,0
16,Phoenix,28,Hound,1,0,3151.7,879.0,1,1,0
16,Phoenix,28,Hound,1,1,3151.7,1010.8,1,1,0
16,Phoenix,28,Hound,1,2,3151.7,1274.5,1,1,0
16,Phoenix,28,Hound,2,0,3827.0,879.0,1,1,0
16,Phoenix,28,Hound,2,1,3827.0,1010.8,1,1,0
16,Phoenix,28,Hound,2,2,3827.0,1274.5,1,1,0
16,Phoenix,29,Abyss,0,0,2814.0,66955.0,24,24,0
16,Phoenix,29,Abyss,0,1,2814.0,76998.2,28,24,4
16,Phoenix,29,Abyss,0,2,2814.0,97084.8,35,24,11
16,Phoenix,29,Abyss,1,0,3151.7,66955.0,22,24,-2
16,Phoenix,29,Abyss,1,1,3151.7,76998.2,25,24,1
16,Phoenix,29,Abyss,1,2,3151.7,97084.8,31,24,7
16,Phoenix,29,Abyss,2,0,3827.0,66955.0,18,24,-6
16,Phoenix,29,Abyss,2,1,3827.0,76998.2,21,24,-3
16,Phoenix,29,Abyss,2,2,3827.0,97084.8,26,24,2
16,Phoenix,30,Void Eye,0,0,2814.0,1522.0,1,1,0
16,Phoenix,30,Void Eye,0,1,2814.0,1750.3,1,1,0
16,Phoenix,30,Void Eye,0,2,2814.0,2206.9,1,1,0
16,Phoenix,30,Void Eye,1,0,3151.7,1522.0,1,1,0
16,Phoenix,30,Void Eye,1,1,3151.7,1750.3,1,1,0
16,Phoenix,30,Void Eye,1,2,3151.7,2206.9,1,1,0
16,Phoenix,30,Void Eye,2,0,3827.0,1522.0,1,1,0
16,Phoenix,30,Void Eye,2,1,3827.0,1750.3,1,1,0
16,Phoenix,30,Void Eye,2,2,3827.0,2206.9,1,1,0
16,Phoenix,31,Vortex,0,0,2814.0,7425.0,3,3,0
16,Phoenix,31,Vortex,0,1,2814.0,8538.8,4,3,1
16,Phoenix,31,Vortex,0,2,2814.0,10766.2,4,3,1
16,Phoenix,31,Vortex,1,0,3151.7,7425.0,3,3,0
16,Phoenix,31,Vortex,1,1,3151.7,8538.8,3,3,0
16,Phoenix,31,Vortex,1,2,3151.7,10766.2,4,3,1
16,Phoenix,31,Vortex,2,0,3827.0,7425.0,2,3,-1
16,Phoenix,31,Vortex,2,1,3827.0,8538.8,3,3,0
16,Phoenix,31,Vortex,2,2,3827.0,10766.2,3,3,0
16,Phoenix,2002,Mountain,0,0,2814.0,136657.0,49,49,0
16,Phoenix,2002,Mountain,0,1,2814.0,157155.5,56,49,7
16,Phoenix,2002,Mountain,0,2,2814.0,198152.6,71,49,22
16,Phoenix,2002,Mountain,1,0,3151.7,136657.0,44,49,-5
16,Phoenix,2002,Mountain,1,1,3151.7,157155.5,50,49,1
16,Phoenix,2002,Mountain,1,2,3151.7,198152.6,63,49,14
16,Phoenix,2002,Mountain,2,0,3827.0,136657.0,36,49,-13
16,Phoenix,2002,Mountain,2,1,3827.0,157155.5,42,49,-7
16,Phoenix,2002,Mountain,2,2,3827.0,198152.6,52,49,3
17,War Factory,1,Fortress,0,0,7520.0,43938.0,6,6,0
17,War Factory,1,Fortress,0,1,7520.0,50528.7,7,6,1
17,War Factory,1,Fortress,0,2,7520.0,63710.1,9,6,3
17,War Factory,1,Fortress,1,0,8422.4,43938.0,6,6,0
17,War Factory,1,Fortress,1,1,8422.4,50528.7,6,6,0
17,War Factory,1,Fortress,1,2,8422.4,63710.1,8,6,2
17,War Factory,1,Fortress,2,0,10227.2,43938.0,5,6,-1
17,War Factory,1,Fortress,2,1,10227.2,50528.7,5,6,-1
17,War Factory,1,Fortress,2,2,10227.2,63710.1,7,6,1
17,War Factory,2,Marksman,0,0,7520.0,1622.0,1,1,0
17,War Factory,2,Marksman,0,1,7520.0,1865.3,1,1,0
17,War Factory,2,Marksman,0,2,7520.0,2351.9,1,1,0
17,War Factory,2,Marksman,1,0,8422.4,1622.0,1,1,0
17,War Factory,2,Marksman,1,1,8422.4,1865.3,1,1,0
17,War Factory,2,Marksman,1,2,8422.4,2351.9,1,1,0
17,War Factory,2,Marksman,2,0,10227.2,1622.0,1,1,0
17,War Factory,2,Marksman,2,1,10227.2,1865.3,1,1,0
17,War Factory,2,Marksman,2,2,10227.2,2351.9,1,1,0
17,War Factory,3,Vulcan,0,0,7520.0,30279.0,5,5,0
17,War Factory,3,Vulcan,0,1,7520.0,34820.8,5,5,0
17,War Factory,3,Vulcan,0,2,7520.0,43904.5,6,5,1
17,War Factory,3,Vulcan,1,0,8422.4,30279.0,4,5,-1
17,War Factory,3,Vulcan,1,1,8422.4,34820.8,5,5,0
17,War Factory,3,Vulcan,1,2,8422.4,43904.5,6,5,1
17,War Factory,3,Vulcan,2,0,10227.2,30279.0,3,5,-2
17,War Factory,3,Vulcan,2,1,10227.2,34820.8,4,5,-1
17,War Factory,3,Vulcan,2,2,10227.2,43904.5,5,5,0
17,War Factory,4,Melting Point,0,0,7520.0,30907.0,5,5,0
17,War Factory,4,Melting Point,0,1,7520.0,35543.0,5,5,0
17,War Factory,4,Melting Point,0,2,7520.0,44815.2,6,5,1
17,War Factory,4,Melting Point,1,0,8422.4,30907.0,4,5,-1
17,War Factory,4,Melting Point,1,1,8422.4,35543.0,5,5,0
17,War Factory,4,Melting Point,1,2,8422.4,44815.2,6,5,1
17,War Factory,4,Melting Point,2,0,10227.2,30907.0,4,5,-1
17,War Factory,4,Melting Point,2,1,10227.2,35543.0,4,5,-1
17,War Factory,4,Melting Point,2,2,10227.2,44815.2,5,5,0
17,War Factory,5,Rhino,0,0,7520.0,19297.0,3,3,0
17,War Factory,5,Rhino,0,1,7520.0,22191.5,3,3,0
17,War Factory,5,Rhino,0,2,7520.0,27980.6,4,3,1
17,War Factory,5,Rhino,1,0,8422.4,19297.0,3,3,0
17,War Factory,5,Rhino,1,1,8422.4,22191.5,3,3,0
17,War Factory,5,Rhino,1,2,8422.4,27980.6,4,3,1
17,War Factory,5,Rhino,2,0,10227.2,19297.0,2,3,-1
17,War Factory,5,Rhino,2,1,10227.2,22191.5,3,3,0
17,War Factory,5,Rhino,2,2,10227.2,27980.6,3,3,0
17,War Factory,7,Mustang,0,0,7520.0,343.0,1,1,0
17,War Factory,7,Mustang,0,1,7520.0,394.4,1,1,0
17,War Factory,7,Mustang,0,2,7520.0,497.3,1,1,0
17,War Factory,7,Mustang,1,0,8422.4,343.0,1,1,0
17,War Factory,7,Mustang,1,1,8422.4,394.4,1,1,0
17,War Factory,7,Mustang,1,2,8422.4,497.3,1,1,0
17,War Factory,7,Mustang,2,0,10227.2,343.0,1,1,0
17,War Factory,7,Mustang,2,1,10227.2,394.4,1,1,0
17,War Factory,7,Mustang,2,2,10227.2,497.3,1,1,0
17,War Factory,8,Steel Ball,0,0,7520.0,4571.0,1,1,0
17,War Factory,8,Steel Ball,0,1,7520.0,5256.6,1,1,0
17,War Factory,8,Steel Ball,0,2,7520.0,6627.9,1,1,0
17,War Factory,8,Steel Ball,1,0,8422.4,4571.0,1,1,0
17,War Factory,8,Steel Ball,1,1,8422.4,5256.6,1,1,0
17,War Factory,8,Steel Ball,1,2,8422.4,6627.9,1,1,0
17,War Factory,8,Steel Ball,2,0,10227.2,4571.0,1,1,0
17,War Factory,8,Steel Ball,2,1,10227.2,5256.6,1,1,0
17,War Factory,8,Steel Ball,2,2,10227.2,6627.9,1,1,0
17,War Factory,9,Fang,0,0,7520.0,117.0,1,1,0
17,War Factory,9,Fang,0,1,7520.0,134.5,1,1,0
17,War Factory,9,Fang,0,2,7520.0,169.7,1,1,0
17,War Factory,9,Fang,1,0,8422.4,117.0,1,1,0
17,War Factory,9,Fang,1,1,8422.4,134.5,1,1,0
17,War Factory,9,Fang,1,2,8422.4,169.7,1,1,0
17,War Factory,9,Fang,2,0,10227.2,117.0,1,1,0
17,War Factory,9,Fang,2,1,10227.2,134.5,1,1,0
17,War Factory,9,Fang,2,2,10227.2,169.7,1,1,0
17,War Factory,10,Crawler,0,0,7520.0,263.0,1,1,0
17,War Factory,10,Crawler,0,1,7520.0,302.4,1,1,0
17,War Factory,10,Crawler,0,2,7520.0,381.3,1,1,0
17,War Factory,10,Crawler,1,0,8422.4,263.0,1,1,0
17,War Factory,10,Crawler,1,1,8422.4,302.4,1,1,0
17,War Factory,10,Crawler,1,2,8422.4,381.3,1,1,0
17,War Factory,10,Crawler,2,0,10227.2,263.0,1,1,0
17,War Factory,10,Crawler,2,1,10227.2,302.4,1,1,0
17,War Factory,10,Crawler,2,2,10227.2,381.3,1,1,0
17,War Factory,12,Stormcaller,0,0,7520.0,1149.0,1,1,0
17,War Factory,12,Stormcaller,0,1,7520.0,1321.3,1,1,0
17,War Factory,12,Stormcaller,0,2,7520.0,1666.0,1,1,0
17,War Factory,12,Stormcaller,1,0,8422.4,1149.0,1,1,0
17,War Factory,12,Stormcaller,1,1,8422.4,1321.3,1,1,0
17,War Factory,12,Stormcaller,1,2,8422.4,1666.0,1,1,0
17,War Factory,12,Stormcaller,2,0,10227.2,1149.0,1,1,0
17,War Factory,12,Stormcaller,2,1,10227.2,1321.3,1,1,0
17,War Factory,12,Stormcaller,2,2,10227.2,1666.0,1,1,0
17,War Factory,13,Sledgehammer,0,0,7520.0,3478.0,1,1,0
17,War Factory,13,Sledgehammer,0,1,7520.0,3999.7,1,1,0
17,War Factory,13,Sledgehammer,0,2,7520.0,5043.1,1,1,0
17,War Factory,13,Sledgehammer,1,0,8422.4,3478.0,1,1,0
17,War Factory,13,Sledgehammer,1,1,8422.4,3999.7,1,1,0
17,War Factory,13,Sledgehammer,1,2,8422.4,5043.1,1,1,0
17,War Factory,13,Sledgehammer,2,0,10227.2,3478.0,1,1,0
17,War Factory,13,Sledgehammer,2,1,10227.2,3999.7,1,1,0
17,War Factory,13,Sledgehammer,2,2,10227.2,5043.1,1,1,0
17,War Factory,14,Hacker,0,0,7520.0,3249.0,1,1,0
17,War Factory,14,Hacker,0,1,7520.0,3736.3,1,1,0
17,War Factory,14,Hacker,0,2,7520.0,4711.1,1,1,0
17,War Factory,14,Hacker,1,0,8422.4,3249.0,1,1,0
17,War Factory,14,Hacker,1,1,8422.4,3736.3,1,1,0
17,War Factory,14,Hacker,1,2,8422.4,4711.1,1,1,0
17,War Factory,14,Hacker,2,0,10227.2,3249.0,1,1,0
17,War Factory,14,Hacker,2,1,10227.2,3736.3,1,1,0
17,War Factory,14,Hacker,2,2,10227.2,4711.1,1,1,0
17,War Factory,15,Arclight,0,0,7520.0,4813.0,1,1,0
17,War Factory,15,Arclight,0,1,7520.0,5534.9,1,1,0
17,War Factory,15,Arclight,0,2,7520.0,6978.8,1,1,0
17,War Factory,15,Arclight,1,0,8422.4,4813.0,1,1,0
17,War Factory,15,Arclight,1,1,8422.4,5534.9,1,1,0
17,War Factory,15,Arclight,1,2,8422.4,6978.8,1,1,0
17,War Factory,15,Arclight,2,0,10227.2,4813.0,1,1,0
17,War Factory,15,Arclight,2,1,10227.2,5534.9,1,1,0
17,War Factory,15,Arclight,2,2,10227.2,6978.8,1,1,0
17,War Factory,17,War Factory,0,0,7520.0,113593.0,16,16,0
17,War Factory,17,War Factory,0,1,7520.0,130631.9,18,16,2
17,War Factory,17,War Factory,0,2,7520.0,164709.9,22,16,6
17,War Factory,17,War Factory,1,0,8422.4,113593.0,14,16,-2
17,War Factory,17,War Factory,1,1,8422.4,130631.9,16,16,0
17,War Factory,17,War Factory,1,2,8422.4,164709.9,20,16,4
17,War Factory,17,War Factory,2,0,10227.2,113593.0,12,16,-4
17,War Factory,17,War Factory,2,1,10227.2,130631.9,13,16,-3
17,War Factory,17,War Factory,2,2,10227.2,164709.9,17,16,1
17,War Factory,19,Scorpion,0,0,7520.0,18632.0,3,3,0
17,War Factory,19,Scorpion,0,1,7520.0,21426.8,3,3,0
17,War Factory,19,Scorpion,0,2,7520.0,27016.4,4,3,1
17,War Factory,19,Scorpion,1,0,8422.4,18632.0,3,3,0
17,War Factory,19,Scorpion,1,1,8422.4,21426.8,3,3,0
17,War Factory,19,Scorpion,1,2,8422.4,27016.4,4,3,1
17,War Factory,19,Scorpion,2,0,10227.2,18632.0,2,3,-1
17,War Factory,19,Scorpion,2,1,10227.2,21426.8,3,3,0
17,War Factory,19,Scorpion,2,2,10227.2,27016.4,3,3,0
17,War Factory,20,Fire Badger,0,0,7520.0,4222.0,1,1,0
17,War Factory,20,Fire Badger,0,1,7520.0,4855.3,1,1,0
17,War Factory,20,Fire Badger,0,2,7520.0,6121.9,1,1,0
17,War Factory,20,Fire Badger,1,0,8422.4,4222.0,1,1,0
17,War Factory,20,Fire Badger,1,1,8422.4,4855.3,1,1,0
17,War Factory,20,Fire Badger,1,2,8422.4,6121.9,1,1,0
17,War Factory,20,Fire Badger,2,0,10227.2,4222.0,1,1,0
17,War Factory,20,Fire Badger,2,1,10227.2,4855.3,1,1,0
17,War Factory,20,Fire Badger,2,2,10227.2,6121.9,1,1,0
17,War Factory,21,Sabertooth,0,0,7520.0,14886.0,2,2,0
17,War Factory,21,Sabertooth,0,1,7520.0,17118.9,3,2,1
17,War Factory,21,Sabertooth,0,2,7520.0,21584.7,3,2,1
17,War Factory,21,Sabertooth,1,0,8422.4,14886.0,2,2,0
17,War Factory,21,Sabertooth,1,1,8422.4,17118.9,3,2,1
17,War Factory,21,Sabertooth,1,2,8422.4,21584.7,3,2,1
17,War Factory,21,Sabertooth,2,0,10227.2,14886.0,2,2,0
17,War Factory,21,Sabertooth,2,1,10227.2,17118.9,2,2,0
17,War Factory,21,Sabertooth,2,2,10227.2,21584.7,3,2,1
17,War Factory,22,Typhoon,0,0,7520.0,9529.0,2,2,0
17,War Factory,22,Typhoon,0,1,7520.0,10958.3,2,2,0
17,War Factory,22,Typhoon,0,2,7520.0,13817.0,2,2,0
17,War Factory,22,Typhoon,1,0,8422.4,9529.0,2,2,0
17,War Factory,22,Typhoon,1,1,8422.4,10958.3,2,2,0
17,War Factory,22,Typhoon,1,2,8422.4,13817.0,2,2,0
17,War Factory,22,Typhoon,2,0,10227.2,9529.0,1,2,-1
17,War Factory,22,Typhoon,2,1,10227.2,10958.3,2,2,0
17,War Factory,22,Typhoon,2,2,10227.2,13817.0,2,2,0
17,War Factory,23,Sandworm,0,0,7520.0,48645.0,7,7,0
17,War Factory,23,Sandworm,0,1,7520.0,55941.7,8,7,1
17,War Factory,23,Sandworm,0,2,7520.0,70535.2,10,7,3
17,War Factory,23,Sandworm,1,0,8422.4,48645.0,6,7,-1
17,War Factory,23,Sandworm,1,1,8422.4,55941.7,7,7,0
17,War Factory,23,Sandworm,1,2,8422.4,70535.2,9,7,2
17,War Factory,23,Sandworm,2,0,10227.2,48645.0,5,7,-2
17,War Factory,23,Sandworm,2,1,10227.2,55941.7,6,7,-1
17,War Factory,23,Sandworm,2,2,10227.2,70535.2,7,7,0
17,War Factory,24,Tarantula,0,0,7520.0,14773.0,2,2,0
17,War Factory,24,Tarantula,0,1,7520.0,16988.9,3,2,1
17,War Factory,24,Tarantula,0,2,7520.0,21420.8,3,2,1
17,War Factory,24,Tarantula,1,0,8422.4,14773.0,2,2,0
17,War Factory,24,Tarantula,1,1,8422.4,16988.9,3,2,1
17,War Factory,24,Tarantula,1,2,8422.4,21420.8,3,2,1
17,War Factory,24,Tarantula,2,0,10227.2,14773.0,2,2,0
17,War Factory,24,Tarantula,2,1,10227.2,16988.9,2,2,0
17,War Factory,24,Tarantula,2,2,10227.2,21420.8,3,2,1
17,War Factory,26,Farseer,0,0,7520.0,11991.0,2,2,0
17,War Factory,26,Farseer,0,1,7520.0,13789.6,2,2,0
17,War Factory,26,Farseer,0,2,7520.0,17387.0,3,2,1
17,War Factory,26,Farseer,1,0,8422.4,11991.0,2,2,0
17,War Factory,26,Farseer,1,1,8422.4,13789.6,2,2,0
17,War Factory,26,Farseer,1,2,8422.4,17387.0,3,2,1
17,War Factory,26,Farseer,2,0,10227.2,11991.0,2,2,0
17,War Factory,26,Farseer,2,1,10227.2,13789.6,2,2,0
17,War Factory,26,Farseer,2,2,10227.2,17387.0,2,2,0
17,War Factory,28,Hound,0,0,7520.0,879.0,1,1,0
17,War Factory,28,Hound,0,1,7520.0,1010.8,1,1,0
17,War Factory,28,Hound,0,2,7520.0,1274.5,1,1,0
17,War Factory,28,Hound,1,0,8422.4,879.0,1,1,0
17,War Factory,28,Hound,1,1,8422.4,1010.8,1,1,0
17,War Factory,28,Hound,1,2,8422.4,1274.5,1,1,0
17,War Factory,28,Hound,2,0,10227.2,879.0,1,1,0
17,War Factory,28,Hound,2,1,10227.2,1010.8,1,1,0
17,War Factory,28,Hound,2,2,10227.2,1274.5,1,1,0
17,War Factory,30,Void Eye,0,0,7520.0,1522.0,1,1,0
17,War Factory,30,Void Eye,0,1,7520.0,1750.3,1,1,0
17,War Factory,30,Void Eye,0,2,7520.0,2206.9,1,1,0
17,War Factory,30,Void Eye,1,0,8422.4,1522.0,1,1,0
17,War Factory,30,Void Eye,1,1,8422.4,1750.3,1,1,0
17,War Factory,30,Void Eye,1,2,8422.4,2206.9,1,1,0
17,War Factory,30,Void Eye,2,0,10227.2,1522.0,1,1,0
17,War Factory,30,Void Eye,2,1,10227.2,1750.3,1,1,0
17,War Factory,30,Void Eye,2,2,10227.2,2206.9,1,1,0
17,War Factory,31,Vortex,0,0,7520.0,7425.0,1,1,0
17,War Factory,31,Vortex,0,1,7520.0,8538.8,2,1,1
17,War Factory,31,Vortex,0,2,7520.0,10766.2,2,1,1
17,War Factory,31,Vortex,1,0,8422.4,7425.0,1,1,0
17,War Factory,31,Vortex,1,1,8422.4,8538.8,2,1,1
17,War Factory,31,Vortex,1,2,8422.4,10766.2,2,1,1
17,War Factory,31,Vortex,2,0,10227.2,7425.0,1,1,0
17,War Factory,31,Vortex,2,1,10227.2,8538.8,1,1,0
17,War Factory,31,Vortex,2,2,10227.2,10766.2,2,1,1
17,War Factory,2002,Mountain,0,0,7520.0,136657.0,19,19,0
17,War Factory,2002,Mountain,0,1,7520.0,157155.5,21,19,2
17,War Factory,2002,Mountain,0,2,7520.0,198152.6,27,19,8
17,War Factory,2002,Mountain,1,0,8422.4,136657.0,17,19,-2
17,War Factory,2002,Mountain,1,1,8422.4,157155.5,19,19,0
17,War Factory,2002,Mountain,1,2,8422.4,198152.6,24,19,5
17,War Factory,2002,Mountain,2,0,10227.2,136657.0,14,19,-5
17,War Factory,2002,Mountain,2,1,10227.2,157155.5,16,19,-3
17,War Factory,2002,Mountain,2,2,10227.2,198152.6,20,19,1
18,Wraith,1,Fortress,0,0,381.0,43938.0,116,116,0
18,Wraith,1,Fortress,0,1,381.0,50528.7,133,116,17
18,Wraith,1,Fortress,0,2,381.0,63710.1,168,116,52
18,Wraith,1,Fortress,1,0,426.7,43938.0,103,116,-13
18,Wraith,1,Fortress,1,1,426.7,50528.7,119,116,3
18,Wraith,1,Fortress,1,2,426.7,63710.1,150,116,34
18,Wraith,1,Fortress,2,0,518.2,43938.0,85,116,-31
18,Wraith,1,Fortress,2,1,518.2,50528.7,98,116,-18
18,Wraith,1,Fortress,2,2,518.2,63710.1,123,116,7
18,Wraith,2,Marksman,0,0,381.0,1622.0,5,5,0
18,Wraith,2,Marksman,0,1,381.0,1865.3,5,5,0
18,Wraith,2,Marksman,0,2,381.0,2351.9,7,5,2
18,Wraith,2,Marksman,1,0,426.7,1622.0,4,5,-1
18,Wraith,2,Marksman,1,1,426.7,1865.3,5,5,0
18,Wraith,2,Marksman,1,2,426.7,2351.9,6,5,1
18,Wraith,2,Marksman,2,0,518.2,1622.0,4,5,-1
18,Wraith,2,Marksman,2,1,518.2,1865.3,4,5,-1
18,Wraith,2,Marksman,2,2,518.2,2351.9,5,5,0
18,Wraith,3,Vulcan,0,0,381.0,30279.0,80,80,0
18,Wraith,3,Vulcan,0,1,381.0,34820.8,92,80,12
18,Wraith,3,Vulcan,0,2,381.0,43904.5,116,80,36
18,Wraith,3,Vulcan,1,0,426.7,30279.0,71,80,-9
18,Wraith,3,Vulcan,1,1,426.7,34820.8,82,80,2
18,Wraith,3,Vulcan,1,2,426.7,43904.5,103,80,23
18,Wraith,3,Vulcan,2,0,518.2,30279.0,59,80,-21
18,Wraith,3,Vulcan,2,1,518.2,34820.8,68,80,-12
18,Wraith,3,Vulcan,2,2,518.2,43904.5,85,80,5
18,Wraith,4,Melting Point,0,0,381.0,30907.0,82,82,0
18,Wraith,4,Melting Point,0,1,381.0,35543.0,94,82,12
18,Wraith,4,Melting Point,0,2,381.0,44815.2,118,82,36
18,Wraith,4,Melting Point,1,0,426.7,30907.0,73,82,-9
18,Wraith,4,Melting Point,1,1,426.7,35543.0,84,82,2
18,Wraith,4,Melting Point,1,2,426.7,44815.2,106,82,24
18,Wraith,4,Melting Point,2,0,518.2,30907.0,60,82,-22
18,Wraith,4,Melting Point,2,1,518.2,35543.0,69,82,-13
18,Wraith,4,Melting Point,2,2,518.2,44815.2,87,82,5
18,Wraith,5,Rhino,0,0,381.0,19297.0,51,51,0
18,Wraith,5,Rhino,0,1,381.0,22191.5,59,51,8
18,Wraith,5,Rhino,0,2,381.0,27980.6,74,51,23
18,Wraith,5,Rhino,1,0,426.7,19297.0,46,51,-5
18,Wraith,5,Rhino,1,1,426.7,22191.5,53,51,2
18,Wraith,5,Rhino,1,2,426.7,27980.6,66,51,15
18,Wraith,5,Rhino,2,0,518.2,19297.0,38,51,-13
18,Wraith,5,Rhino,2,1,518.2,22191.5,43,51,-8
18,Wraith,5,Rhino,2,2,518.2,27980.6,55,51,4
18,Wraith,6,Wasp,0,0,381.0,311.0,1,1,0
18,Wraith,6,Wasp,0,1,381.0,357.6,1,1,0
18,Wraith,6,Wasp,0,2,381.0,450.9,2,1,1
18,Wraith,6,Wasp,1,0,426.7,311.0,1,1,0
18,Wraith,6,Wasp,1,1,426.7,357.6,1,1,0
18,Wraith,6,Wasp,1,2,426.7,450.9,2,1,1
18,Wraith,6,Wasp,2,0,518.2,311.0,1,1,0
18,Wraith,6,Wasp,2,1,518.2,357.6,1,1,0
18,Wraith,6,Wasp,2,2,518.2,450.9,1,1,0
18,Wraith,7,Mustang,0,0,381.0,343.0,1,1,0
18,Wraith,7,Mustang,0,1,381.0,394.4,2,1,1
18,Wraith,7,Mustang,0,2,381.0,497.3,2,1,1
18,Wraith,7,Mustang,1,0,426.7,343.0,1,1,0
18,Wraith,7,Mustang,1,1,426.7,394.4,1,1,0
18,Wraith,7,Mustang,1,2,426.7,497.3,2,1,1
18,Wraith,7,Mustang,2,0,518.2,343.0,1,1,0
18,Wraith,7,Mustang,2,1,518.2,394.4,1,1,0
18,Wraith,7,Mustang,2,2,518.2,497.3,1,1,0
18,Wraith,8,Steel Ball,0,0,381.0,4571.0,12,12,0
18,Wraith,8,Steel Ball,0,1,381.0,5256.6,14,12,2
18,Wraith,8,Steel Ball,0,2,381.0,6627.9,18,12,6
18,Wraith,8,Steel Ball,1,0,426.7,4571.0,11,12,-1
18,Wraith,8,Steel Ball,1,1,426.7,5256.6,13,12,1
18,Wraith,8,Steel Ball,1,2,426.7,6627.9,16,12,4
18,Wraith,8,Steel Ball,2,0,518.2,4571.0,9,12,-3
18,Wraith,8,Steel Ball,2,1,518.2,5256.6,11,12,-1
18,Wraith,8,Steel Ball,2,2,518.2,6627.9,13,12,1
18,Wraith,9,Fang,0,0,381.0,117.0,1,1,0
18,Wraith,9,Fang,0,1,381.0,134.5,1,1,0
18,Wraith,9,Fang,0,2,381.0,169.7,1,1,0
18,Wraith,9,Fang,1,0,426.7,117.0,1,1,0
18,Wraith,9,Fang,1,1,426.7,134.5,1,1,0
18,Wraith,9,Fang,1,2,426.7,169.7,1,1,0
18,Wraith,9,Fang,2,0,518.2,117.0,1,1,0
18,Wraith,9,Fang,2,1,518.2,134.5,1,1,0
18,Wraith,9,Fang,2,2,518.2,169.7,1,1,0
18,Wraith,10,Crawler,0,0,381.0,263.0,1,1,0
18,Wraith,10,Crawler,0,1,381.0,302.4,1,1,0
18,Wraith,10,Crawler,0,2,381.0,381.3,2,1,1
18,Wraith,10,Crawler,1,0,426.7,263.0,1,1,0
18,Wraith,10,Crawler,1,1,426.7,302.4,1,1,0
18,Wraith,10,Crawler,1,2,426.7,381.3,1,1,0
18,Wraith,10,Crawler,2,0,518.2,263.0,1,1,0
18,Wraith,10,Crawler,2,1,518.2,302.4,1,1,0
18,Wraith,10,Crawler,2,2,518.2,381.3,1,1,0
18,Wraith,11,Overlord,0,0,381.0,21339.0,57,57,0
18,Wraith,11,Overlord,0,1,381.0,24539.8,65,57,8
18,Wraith,11,Overlord,0,2,381.0,30941.5,82,57,25
18,Wraith,11,Overlord,1,0,426.7,21339.0,51,57,-6
18,Wraith,11,Overlord,1,1,426.7,24539.8,58,57,1
18,Wraith,11,Overlord,1,2,426.7,30941.5,73,57,16
18,Wraith,11,Overlord,2,0,518.2,21339.0,42,57,-15
18,Wraith,11,Overlord,2,1,518.2,24539.8,48,57,-9
18,Wraith,11,Overlord,2,2,518.2,30941.5,60,57,3
18,Wraith,12,Stormcaller,0,0,381.0,1149.0,4,4,0
18,Wraith,12,Stormcaller,0,1,381.0,1321.3,4,4,0
18,Wraith,12,Stormcaller,0,2,381.0,1666.0,5,4,1
18,Wraith,12,Stormcaller,1,0,426.7,1149.0,3,4,-1
18,Wraith,12,Stormcaller,1,1,426.7,1321.3,4,4,0
18,Wraith,12,Stormcaller,1,2,426.7,1666.0,4,4,0
18,Wraith,12,Stormcaller,2,0,518.2,1149.0,3,4,-1
18,Wraith,12,Stormcaller,2,1,518.2,1321.3,3,4,-1
18,Wraith,12,Stormcaller,2,2,518.2,1666.0,4,4,0
18,Wraith,13,Sledgehammer,0,0,381.0,3478.0,10,10,0
18,Wraith,13,Sledgehammer,0,1,381.0,3999.7,11,10,1
18,Wraith,13,Sledgehammer,0,2,381.0,5043.1,14,10,4
18,Wraith,13,Sledgehammer,1,0,426.7,3478.0,9,10,-1
18,Wraith,13,Sledgehammer,1,1,426.7,3999.7,10,10,0
18,Wraith,13,Sledgehammer,1,2,426.7,5043.1,12,10,2
18,Wraith,13,Sledgehammer,2,0,518.2,3478.0,7,10,-3
18,Wraith,13,Sledgehammer,2,1,518.2,3999.7,8,10,-2
18,Wraith,13,Sledgehammer,2,2,518.2,5043.1,10,10,0
18,Wraith,14,Hacker,0,0,381.0,3249.0,9,9,0
18,Wraith,14,Hacker,0,1,381.0,3736.3,10,9,1
18,Wraith,14,Hacker,0,2,381.0,4711.1,13,9,4
18,Wraith,14,Hacker,1,0,426.7,3249.0,8,9,-1
18,Wraith,14,Hacker,1,1,426.7,3736.3,9,9,0
18,Wraith,14,Hacker,1,2,426.7,4711.1,12,9,3
18,Wraith,14,Hacker,2,0,518.2,3249.0,7,9,-2
18,Wraith,14,Hacker,2,1,518.2,3736.3,8,9,-1
18,Wraith,14,Hacker,2,2,518.2,4711.1,10,9,1
18,Wraith,15,Arclight,0,0,381.0,4813.0,13,13,0
18,Wraith,15,Arclight,0,1,381.0,5534.9,15,13,2
18,Wraith,15,Arclight,0,2,381.0,6978.8,19,13,6
18,Wraith,15,Arclight,1,0,426.7,4813.0,12,13,-1
18,Wraith,15,Arclight,1,1,426.7,5534.9,13,13,0
18,Wraith,15,Arclight,1,2,426.7,6978.8,17,13,4
18,Wraith,15,Arclight,2,0,518.2,4813.0,10,13,-3
18,Wraith,15,Arclight,2,1,518.2,5534.9,11,13,-2
18,Wraith,15,Arclight,2,2,518.2,6978.8,14,13,1
18,Wraith,16,Phoenix,0,0,381.0,1491.0,4,4,0
18,Wraith,16,Phoenix,0,1,381.0,1714.6,5,4,1
18,Wraith,16,Phoenix,0,2,381.0,2161.9,6,4,2
18,Wraith,16,Phoenix,1,0,426.7,1491.0,4,4,0
18,Wraith,16,Phoenix,1,1,426.7,1714.6,5,4,1
18,Wraith,16,Phoenix,1,2,426.7,2161.9,6,4,2
18,Wraith,16,Phoenix,2,0,518.2,1491.0,3,4,-1
18,Wraith,16,Phoenix,2,1,518.2,1714.6,4,4,0
18,Wraith,16,Phoenix,2,2,518.2,2161.9,5,4,1
18,Wraith,17,War Factory,0,0,381.0,113593.0,299,299,0
18,Wraith,17,War Factory,0,1,381.0,130631.9,343,299,44
18,Wraith,17,War Factory,0,2,381.0,164709.9,433,299,134
18,Wraith,17,War Factory,1,0,426.7,113593.0,267,299,-32
18,Wraith,17,War Factory,1,1,426.7,130631.9,307,299,8
18,Wraith,17,War Factory,1,2,426.7,164709.9,386,299,87
18,Wraith,17,War Factory,2,0,518.2,113593.0,220,299,-79
18,Wraith,17,War Factory,2,1,518.2,130631.9,253,299,-46
18,Wraith,17,War Factory,2,2,518.2,164709.9,318,299,19
18,Wraith,18,Wraith,0,0,381.0,14115.0,38,38,0
18,Wraith,18,Wraith,0,1,381.0,16232.2,43,38,5
18,Wraith,18,Wraith,0,2,381.0,20466.8,54,38,16
18,Wraith,18,Wraith,1,0,426.7,14115.0,34,38,-4
18,Wraith,18,Wraith,1,1,426.7,16232.2,39,38,1
18,Wraith,18,Wraith,1,2,426.7,20466.8,48,38,10
18,Wraith,18,Wraith,2,0,518.2,14115.0,28,38,-10
18,Wraith,18,Wraith,2,1,518.2,16232.2,32,38,-6
18,Wraith,18,Wraith,2,2,518.2,20466.8,40,38,2
18,Wraith,19,Scorpion,0,0,381.0,18632.0,49,49,0
18,Wraith,19,Scorpion,0,1,381.0,21426.8,57,49,8
18,Wraith,19,Scorpion,0,2,381.0,27016.4,71,49,22
18,Wraith,19,Scorpion,1,0,426.7,18632.0,44,49,-5
18,Wraith,19,Scorpion,1,1,426.7,21426.8,51,49,2
18,Wraith,19,Scorpion,1,2,426.7,27016.4,64,49,15
18,Wraith,19,Scorpion,2,0,518.2,18632.0,36,49,-13
18,Wraith,19,Scorpion,2,1,518.2,21426.8,42,49,-7
18,Wraith,19,Scorpion,2,2,518.2,27016.4,53,49,4
18,Wraith,20,Fire Badger,0,0,381.0,4222.0,12,12,0
18,Wraith,20,Fire Badger,0,1,381.0,4855.3,13,12,1
18,Wraith,20,Fire Badger,0,2,381.0,6121.9,17,12,5
18,Wraith,20,Fire Badger,1,0,426.7,4222.0,10,12,-2
18,Wraith,20,Fire Badger,1,1,426.7,4855.3,12,12,0
18,Wraith,20,Fire Badger,1,2,426.7,6121.9,15,12,3
18,Wraith,20,Fire Badger,2,0,518.2,4222.0,9,12,-3
18,Wraith,20,Fire Badger,2,1,518.2,4855.3,10,12,-2
18,Wraith,20,Fire Badger,2,2,518.2,6121.9,12,12,0
18,Wraith,21,Sabertooth,0,0,381.0,14886.0,40,40,0
18,Wraith,21,Sabertooth,0,1,381.0,17118.9,45,40,5
18,Wraith,21,Sabertooth,0,2,381.0,21584.7,57,40,17
18,Wraith,21,Sabertooth,1,0,426.7,14886.0,35,40,-5
18,Wraith,21,Sabertooth,1,1,426.7,17118.9,41,40,1
18,Wraith,21,Sabertooth,1,2,426.7,21584.7,51,40,11
18,Wraith,21,Sabertooth,2,0,518.2,14886.0,29,40,-11
18,Wraith,21,Sabertooth,2,1,518.2,17118.9,34,40,-6
18,Wraith,21,Sabertooth,2,2,518.2,21584.7,42,40,2
18,Wraith,22,Typhoon,0,0,381.0,9529.0,26,26,0
18,Wraith,22,Typhoon,0,1,381.0,10958.3,29,26,3
18,Wraith,22,Typhoon,0,2,381.0,13817.0,37,26,11
18,Wraith,22,Typhoon,1,0,426.7,9529.0,23,26,-3
18,Wraith,22,Typhoon,1,1,426.7,10958.3,26,26,0
18,Wraith,22,Typhoon,1,2,426.7,13817.0,33,26,7
18,Wraith,22,Typhoon,2,0,518.2,9529.0,19,26,-7
18,Wraith,22,Typhoon,2,1,518.2,10958.3,22,26,-4
18,Wraith,22,Typhoon,2,2,518.2,13817.0,27,26,1
18,Wraith,23,Sandworm,0,0,381.0,48645.0,128,128,0
18,Wraith,23,Sandworm,0,1,381.0,55941.7,147,128,19
18,Wraith,23,Sandworm,0,2,381.0,70535.2,186,128,58
18,Wraith,23,Sandworm,1,0,426.7,48645.0,114,128,-14
18,Wraith,23,Sandworm,1,1,426.7,55941.7,132,128,4
18,Wraith,23,Sandworm,1,2,426.7,70535.2,166,128,38
18,Wraith,23,Sandworm,2,0,518.2,48645.0,94,128,-34
18,Wraith,23,Sandworm,2,1,518.2,55941.7,108,128,-20
18,Wraith,23,Sandworm,2,2,518.2,70535.2,137,128,9
18,Wraith,24,Tarantula,0,0,381.0,14773.0,39,39,0
18,Wraith,24,Tarantula,0,1,381.0,16988.9,45,39,6
18,Wraith,24,Tarantula,0,2,381.0,21420.8,57,39,18
18,Wraith,24,Tarantula,1,0,426.7,14773.0,35,39,-4
18,Wraith,24,Tarantula,1,1,426.7,16988.9,40,39,1
18,Wraith,24,Tarantula,1,2,426.7,21420.8,51,39,12
18,Wraith,24,Tarantula,2,0,518.2,14773.0,29,39,-10
18,Wraith,24,Tarantula,2,1,518.2,16988.9,33,39,-6
18,Wraith,24,Tarantula,2,2,518.2,21420.8,42,39,3
18,Wraith,25,Phantom Ray,0,0,381.0,3412.0,9,9,0
18,Wraith,25,Phantom Ray,0,1,381.0,3923.8,11,9,2
18,Wraith,25,Phantom Ray,0,2,381.0,4947.4,13,9,4
18,Wraith,25,Phantom Ray,1,0,426.7,3412.0,8,9,-1
18,Wraith,25,Phantom Ray,1,1,426.7,3923.8,10,9,1
18,Wraith,25,Phantom Ray,1,2,426.7,4947.4,12,9,3
18,Wraith,25,Phantom Ray,2,0,518.2,3412.0,7,9,-2
18,Wraith,25,Phantom Ray,2,1,518.2,3923.8,8,9,-1
18,Wraith,25,Phantom Ray,2,2,518.2,4947.4,10,9,1
18,Wraith,26,Farseer,0,0,381.0,11991.0,32,32,0
18,Wraith,26,Farseer,0,1,381.0,13789.6,37,32,5
18,Wraith,26,Farseer,0,2,381.0,17387.0,46,32,14
18,Wraith,26,Farseer,1,0,426.7,11991.0,29,32,-3
18,Wraith,26,Farseer,1,1,426.7,13789.6,33,32,1
18,Wraith,26,Farseer,1,2,426.7,17387.0,41,32,9
18,Wraith,26,Farseer,2,0,518.2,11991.0,24,32,-8
18,Wraith,26,Farseer,2,1,518.2,13789.6,27,32,-5
18,Wraith,26,Farseer,2,2,518.2,17387.0,34,32,2
18,Wraith,27,Raiden,0,0,381.0,16065.0,43,43,0
18,Wraith,27,Raiden,0,1,381.0,18474.8,49,43,6
18,Wraith,27,Raiden,0,2,381.0,23294.2,62,43,19
18,Wraith,27,Raiden,1,0,426.7,16065.0,38,43,-5
18,Wraith,27,Raiden,1,1,426.7,18474.8,44,43,1
18,Wraith,27,Raiden,1,2,426.7,23294.2,55,43,12
18,Wraith,27,Raiden,2,0,518.2,16065.0,32,43,-11
18,Wraith,27,Raiden,2,1,518.2,18474.8,36,43,-7
18,Wraith,27,Raiden,2,2,518.2,23294.2,45,43,2
18,Wraith,28,Hound,0,0,381.0,879.0,3,3,0
18,Wraith,28,Hound,0,1,381.0,1010.8,3,3,0
18,Wraith,28,Hound,0,2,381.0,1274.5,4,3,1
18,Wraith,28,Hound,1,0,426.7,879.0,3,3,0
18,Wraith,28,Hound,1,1,426.7,1010.8,3,3,0
18,Wraith,28,Hound,1,2,426.7,1274.5,3,3,0
18,Wraith,28,Hound,2,0,518.2,879.0,2,3,-1
18,Wraith,28,Hound,2,1,518.2,1010.8,2,3,-1
18,Wraith,28,Hound,2,2,518.2,1274.5,3,3,0
18,Wraith,29,Abyss,0,0,381.0,66955.0,176,176,0
18,Wraith,29,Abyss,0,1,381.0,76998.2,203,176,27
18,Wraith,29,Abyss,0,2,381.0,97084.8,255,176,79
18,Wraith,29,Abyss,1,0,426.7,66955.0,157,176,-19
18,Wraith,29,Abyss,1,1,426.7,76998.2,181,176,5
18,Wraith,29,Abyss,1,2,426.7,97084.8,228,176,52
18,Wraith,29,Abyss,2,0,518.2,66955.0,130,176,-46
18,Wraith,29,Abyss,2,1,518.2,76998.2,149,176,-27
18,Wraith,29,Abyss,2,2,518.2,97084.8,188,176,12
18,Wraith,30,Void Eye,0,0,381.0,1522.0,4,4,0
18,Wraith,30,Void Eye,0,1,381.0,1750.3,5,4,1
18,Wraith,30,Void Eye,0,2,381.0,2206.9,6,4,2
18,Wraith,30,Void Eye,1,0,426.7,1522.0,4,4,0
18,Wraith,30,Void Eye,1,1,426.7,1750.3,5,4,1
18,Wraith,30,Void Eye,1,2,426.7,2206.9,6,4,2
18,Wraith,30,Void Eye,2,0,518.2,1522.0,3,4,-1
18,Wraith,30,Void Eye,2,1,518.2,1750.3,4,4,0
18,Wraith,30,Void Eye,2,2,518.2,2206.9,5,4,1
18,Wraith,31,Vortex,0,0,381.0,7425.0,20,20,0
18,Wraith,31,Vortex,0,1,381.0,8538.8,23,20,3
18,Wraith,31,Vortex,0,2,381.0,10766.2,29,20,9
18,Wraith,31,Vortex,1,0,426.7,7425.0,18,20,-2
18,Wraith,31,Vortex,1,1,426.7,8538.8,21,20,1
18,Wraith,31,Vortex,1,2,426.7,10766.2,26,20,6
18,Wraith,31,Vortex,2,0,518.2,7425.0,15,20,-5
18,Wraith,31,Vortex,2,1,518.2,8538.8,17,20,-3
18,Wraith,31,Vortex,2,2,518.2,10766.2,21,20,1
18,Wraith,2002,Mountain,0,0,381.0,136657.0,359,359,0
18,Wraith,2002,Mountain,0,1,381.0,157155.5,413,359,54
18,Wraith,2002,Mountain,0,2,381.0,198152.6,521,359,162
18,Wraith,2002,Mountain,1,0,426.7,136657.0,321,359,-38
18,Wraith,2002,Mountain,1,1,426.7,157155.5,369,359,10
18,Wraith,2002,Mountain,1,2,426.7,198152.6,465,359,106
18,Wraith,2002,Mountain,2,0,518.2,136657.0,264,359,-95
18,Wraith,2002,Mountain,2,1,518.2,157155.5,304,359,-55
18,Wraith,2002,Mountain,2,2,518.2,198152.6,383,359,24
19,Scorpion,1,Fortress,0,0,10650.0,43938.0,5,5,0
19,Scorpion,1,Fortress,0,1,10650.0,50528.7,5,5,0
19,Scorpion,1,Fortress,0,2,10650.0,63710.1,6,5,1
19,Scorpion,1,Fortress,1,0,11928.0,43938.0,4,5,-1
19,Scorpion,1,Fortress,1,1,11928.0,50528.7,5,5,0
19,Scorpion,1,Fortress,1,2,11928.0,63710.1,6,5,1
19,Scorpion,1,Fortress,2,0,14484.0,43938.0,4,5,-1
19,Scorpion,1,Fortress,2,1,14484.0,50528.7,4,5,-1
19,Scorpion,1,Fortress,2,2,14484.0,63710.1,5,5,0
19,Scorpion,2,Marksman,0,0,10650.0,1622.0,1,1,0
19,Scorpion,2,Marksman,0,1,10650.0,1865.3,1,1,0
19,Scorpion,2,Marksman,0,2,10650.0,2351.9,1,1,0
19,Scorpion,2,Marksman,1,0,11928.0,1622.0,1,1,0
19,Scorpion,2,Marksman,1,1,11928.0,1865.3,1,1,0
19,Scorpion,2,Marksman,1,2,11928.0,2351.9,1,1,0
19,Scorpion,2,Marksman,2,0,14484.0,1622.0,1,1,0
19,Scorpion,2,Marksman,2,1,14484.0,1865.3,1,1,0
19,Scorpion,2,Marksman,2,2,14484.0,2351.9,1,1,0
19,Scorpion,3,Vulcan,0,0,10650.0,30279.0,3,3,0
19,Scorpion,3,Vulcan,0,1,10650.0,34820.8,4,3,1
19,Scorpion,3,Vulcan,0,2,10650.0,43904.5,5,3,2
19,Scorpion,3,Vulcan,1,0,11928.0,30279.0,3,3,0
19,Scorpion,3,Vulcan,1,1,11928.0,34820.8,3,3,0
19,Scorpion,3,Vulcan,1,2,11928.0,43904.5,4,3,1
19,Scorpion,3,Vulcan,2,0,14484.0,30279.0,3,3,0
19,Scorpion,3,Vulcan,2,1,14484.0,34820.8,3,3,0
19,Scorpion,3,Vulcan,2,2,14484.0,43904.5,4,3,1
19,Scorpion,4,Melting Point,0,0,10650.0,30907.0,3,3,0
19,Scorpion,4,Melting Point,0,1,10650.0,35543.0,4,3,1
19,Scorpion,4,Melting Point,0,2,10650.0,44815.2,5,3,2
19,Scorpion,4,Melting Point,1,0,11928.0,30907.0,3,3,0
19,Scorpion,4,Melting Point,1,1,11928.0,35543.0,3,3,0
19,Scorpion,4,Melting Point,1,2,11928.0,44815.2,4,3,1
19,Scorpion,4,Melting Point,2,0,14484.0,30907.0,3,3,0
19,Scorpion,4,Melting Point,2,1,14484.0,35543.0,3,3,0
19,Scorpion,4,Melting Point,2,2,14484.0,44815.2,4,3,1
19,Scorpion,5,Rhino,0,0,10650.0,19297.0,2,2,0
19,Scorpion,5,Rhino,0,1,10650.0,22191.5,3,2,1
19,Scorpion,5,Rhino,0,2,10650.0,27980.6,3,2,1
19,Scorpion,5,Rhino,1,0,11928.0,19297.0,2,2,0
19,Scorpion,5,Rhino,1,1,11928.0,22191.5,2,2,0
19,Scorpion,5,Rhino,1,2,11928.0,27980.6,3,2,1
19,Scorpion,5,Rhino,2,0,14484.0,19297.0,2,2,0
19,Scorpion,5,Rhino,2,1,14484.0,22191.5,2,2,0
19,Scorpion,5,Rhino,2,2,14484.0,27980.6,2,2,0
19,Scorpion,7,Mustang,0,0,10650.0,343.0,1,1,0
19,Scorpion,7,Mustang,0,1,10650.0,394.4,1,1,0
19,Scorpion,7,Mustang,0,2,10650.0,497.3,1,1,0
19,Scorpion,7,Mustang,1,0,11928.0,343.0,1,1,0
19,Scorpion,7,Mustang,1,1,11928.0,394.4,1,1,0
19,Scorpion,7,Mustang,1,2,11928.0,497.3,1,1,0
19,Scorpion,7,Mustang,2,0,14484.0,343.0,1,1,0
19,Scorpion,7,Mustang,2,1,14484.0,394.4,1,1,0
19,Scorpion,7,Mustang,2,2,14484.0,497.3,1,1,0
19,Scorpion,8,Steel Ball,0,0,10650.0,4571.0,1,1,0
19,Scorpion,8,Steel Ball,0,1,10650.0,5256.6,1,1,0
19,Scorpion,8,Steel Ball,0,2,10650.0,6627.9,1,1,0
19,Scorpion,8,Steel Ball,1,0,11928.0,4571.0,1,1,0
19,Scorpion,8,Steel Ball,1,1,11928.0,5256.6,1,1,0
19,Scorpion,8,Steel Ball,1,2,11928.0,6627.9,1,1,0
19,Scorpion,8,Steel Ball,2,0,14484.0,4571.0,1,1,0
19,Scorpion,8,Steel Ball,2,1,14484.0,5256.6,1,1,0
19,Scorpion,8,Steel Ball,2,2,14484.0,6627.9,1,1,0
19,Scorpion,9,Fang,0,0,10650.0,117.0,1,1,0
19,Scorpion,9,Fang,0,1,10650.0,134.5,1,1,0
19,Scorpion,9,Fang,0,2,10650.0,169.7,1,1,0
19,Scorpion,9,Fang,1,0,11928.0,117.0,1,1,0
19,Scorpion,9,Fang,1,1,11928.0,134.5,1,1,0
19,Scorpion,9,Fang,1,2,11928.0,169.7,1,1,0
19,Scorpion,9,Fang,2,0,14484.0,117.0,1,1,0
19,Scorpion,9,Fang,2,1,14484.0,134.5,1,1,0
19,Scorpion,9,Fang,2,2,14484.0,169.7,1,1,0
19,Scorpion,10,Crawler,0,0,10650.0,263.0,1,1,0
19,Scorpion,10,Crawler,0,1,10650.0,302.4,1,1,0
19,Scorpion,10,Crawler,0,2,10650.0,381.3,1,1,0
19,Scorpion,10,Crawler,1,0,11928.0,263.0,1,1,0
19,Scorpion,10,Crawler,1,1,11928.0,302.4,1,1,0
19,Scorpion,10,Crawler,1,2,11928.0,381.3,1,1,0
19,Scorpion,10,Crawler,2,0,14484.0,263.0,1,1,0
19,Scorpion,10,Crawler,2,1,14484.0,302.4,1,1,0
19,Scorpion,10,Crawler,2,2,14484.0,381.3,1,1,0
19,Scorpion,12,Stormcaller,0,0,10650.0,1149.0,1,1,0
19,Scorpion,12,Stormcaller,0,1,10650.0,1321.3,1,1,0
19,Scorpion,12,Stormcaller,0,2,10650.0,1666.0,1,1,0
19,Scorpion,12,Stormcaller,1,0,11928.0,1149.0,1,1,0
19,Scorpion,12,Stormcaller,1,1,11928.0,1321.3,1,1,0
19,Scorpion,12,Stormcaller,1,2,11928.0,1666.0,1,1,0
19,Scorpion,12,Stormcaller,2,0,14484.0,1149.0,1,1,0
19,Scorpion,12,Stormcaller,2,1,14484.0,1321.3,1,1,0
19,Scorpion,12,Stormcaller,2,2,14484.0,1666.0,1,1,0
19,Scorpion,13,Sledgehammer,0,0,10650.0,3478.0,1,1,0
19,Scorpion,13,Sledgehammer,0,1,10650.0,3999.7,1,1,0
19,Scorpion,13,Sledgehammer,0,2,10650.0,5043.1,1,1,0
19,Scorpion,13,Sledgehammer,1,0,11928.0,3478.0,1,1,0
19,Scorpion,13,Sledgehammer,1,1,11928.0,3999.7,1,1,0
19,Scorpion,13,Sledgehammer,1,2,11928.0,5043.1,1,1,0
19,Scorpion,13,Sledgehammer,2,0,14484.0,3478.0,1,1,0
19,Scorpion,13,Sledgehammer,2,1,14484.0,3999.7,1,1,0
19,Scorpion,13,Sledgehammer,2,2,14484.0,5043.1,1,1,0
19,Scorpion,14,Hacker,0,0,10650.0,3249.0,1,1,0
19,Scorpion,14,Hacker,0,1,10650.0,3736.3,1,1,0
19,Scorpion,14,Hacker,0,2,10650.0,4711.1,1,1,0
19,Scorpion,14,Hacker,1,0,11928.0,3249.0,1,1,0
19,Scorpion,14,Hacker,1,1,11928.0,3736.3,1,1,0
19,Scorpion,14,Hacker,1,2,11928.0,4711.1,1,1,0
19,Scorpion,14,Hacker,2,0,14484.0,3249.0,1,1,0
19,Scorpion,14,Hacker,2,1,14484.0,3736.3,1,1,0
19,Scorpion,14,Hacker,2,2,14484.0,4711.1,1,1,0
19,Scorpion,15,Arclight,0,0,10650.0,4813.0,1,1,0
19,Scorpion,15,Arclight,0,1,10650.0,5534.9,1,1,0
19,Scorpion,15,Arclight,0,2,10650.0,6978.8,1,1,0
19,Scorpion,15,Arclight,1,0,11928.0,4813.0,1,1,0
19,Scorpion,15,Arclight,1,1,11928.0,5534.9,1,1,0
19,Scorpion,15,Arclight,1,2,11928.0,6978.8,1,1,0
19,Scorpion,15,Arclight,2,0,14484.0,4813.0,1,1,0
19,Scorpion,15,Arclight,2,1,14484.0,5534.9,1,1,0
19,Scorpion,15,Arclight,2,2,14484.0,6978.8,1,1,0
19,Scorpion,17,War Factory,0,0,10650.0,113593.0,11,11,0
19,Scorpion,17,War Factory,0,1,10650.0,130631.9,13,11,2
19,Scorpion,17,War Factory,0,2,10650.0,164709.9,16,11,5
19,Scorpion,17,War Factory,1,0,11928.0,113593.0,10,11,-1
19,Scorpion,17,War Factory,1,1,11928.0,130631.9,11,11,0
19,Scorpion,17,War Factory,1,2,11928.0,164709.9,14,11,3
19,Scorpion,17,War Factory,2,0,14484.0,113593.0,8,11,-3
19,Scorpion,17,War Factory,2,1,14484.0,130631.9,10,11,-1
19,Scorpion,17,War Factory,2,2,14484.0,164709.9,12,11,1
19,Scorpion,19,Scorpion,0,0,10650.0,18632.0,2,2,0
19,Scorpion,19,Scorpion,0,1,10650.0,21426.8,3,2,1
19,Scorpion,19,Scorpion,0,2,10650.0,27016.4,3,2,1
19,Scorpion,19,Scorpion,1,0,11928.0,18632.0,2,2,0
19,Scorpion,19,Scorpion,1,1,11928.0,21426.8,2,2,0
19,Scorpion,19,Scorpion,1,2,11928.0,27016.4,3,2,1
19,Scorpion,19,Scorpion,2,0,14484.0,18632.0,2,2,0
19,Scorpion,19,Scorpion,2,1,14484.0,21426.8,2,2,0
19,Scorpion,19,Scorpion,2,2,14484.0,27016.4,2,2,0
19,Scorpion,20,Fire Badger,0,0,10650.0,4222.0,1,1,0
19,Scorpion,20,Fire Badger,0,1,10650.0,4855.3,1,1,0
19,Scorpion,20,Fire Badger,0,2,10650.0,6121.9,1,1,0
19,Scorpion,20,Fire Badger,1,0,11928.0,4222.0,1,1,0
19,Scorpion,20,Fire Badger,1,1,11928.0,4855.3,1,1,0
19,Scorpion,20,Fire Badger,1,2,11928.0,6121.9,1,1,0
19,Scorpion,20,Fire Badger,2,0,14484.0,4222.0,1,1,0
19,Scorpion,20,Fire Badger,2,1,14484.0,4855.3,1,1,0
19,Scorpion,20,Fire Badger,2,2,14484.0,6121.9,1,1,0
19,Scorpion,21,Sabertooth,0,0,10650.0,14886.0,2,2,0
19,Scorpion,21,Sabertooth,0,1,10650.0,17118.9,2,2,0
19,Scorpion,21,Sabertooth,0,2,10650.0,21584.7,3,2,1
19,Scorpion,21,Sabertooth,1,0,11928.0,14886.0,2,2,0
19,Scorpion,21,Sabertooth,1,1,11928.0,17118.9,2,2,0
19,Scorpion,21,Sabertooth,1,2,11928.0,21584.7,2,2,0
19,Scorpion,21,Sabertooth,2,0,14484.0,14886.0,2,2,0
19,Scorpion,21,Sabertooth,2,1,14484.0,17118.9,2,2,0
19,Scorpion,21,Sabertooth,2,2,14484.0,21584.7,2,2,0
19,Scorpion,22,Typhoon,0,0,10650.0,9529.0,1,1,0
19,Scorpion,22,Typhoon,0,1,10650.0,10958.3,2,1,1
19,Scorpion,22,Typhoon,0,2,10650.0,13817.0,2,1,1
19,Scorpion,22,Typhoon,1,0,11928.0,9529.0,1,1,0
19,Scorpion,22,Typhoon,1,1,11928.0,10958.3,1,1,0
19,Scorpion,22,Typhoon,1,2,11928.0,13817.0,2,1,1
19,Scorpion,22,Typhoon,2,0,14484.0,9529.0,1,1,0
19,Scorpion,22,Typhoon,2,1,14484.0,10958.3,1,1,0
19,Scorpion,22,Typhoon,2,2,14484.0,13817.0,1,1,0
19,Scorpion,23,Sandworm,0,0,10650.0,48645.0,5,5,0
19,Scorpion,23,Sandworm,0,1,10650.0,55941.7,6,5,1
19,Scorpion,23,Sandworm,0,2,10650.0,70535.2,7,5,2
19,Scorpion,23,Sandworm,1,0,11928.0,48645.0,5,5,0
19,Scorpion,23,Sandworm,1,1,11928.0,55941.7,5,5,0
19,Scorpion,23,Sandworm,1,2,11928.0,70535.2,6,5,1
19,Scorpion,23,Sandworm,2,0,14484.0,48645.0,4,5,-1
19,Scorpion,23,Sandworm,2,1,14484.0,55941.7,4,5,-1
19,Scorpion,23,Sandworm,2,2,14484.0,70535.2,5,5,0
19,Scorpion,24,Tarantula,0,0,10650.0,14773.0,2,2,0
19,Scorpion,24,Tarantula,0,1,10650.0,16988.9,2,2,0
19,Scorpion,24,Tarantula,0,2,10650.0,21420.8,3,2,1
19,Scorpion,24,Tarantula,1,0,11928.0,14773.0,2,2,0
19,Scorpion,24,Tarantula,1,1,11928.0,16988.9,2,2,0
19,Scorpion,24,Tarantula,1,2,11928.0,21420.8,2,2,0
19,Scorpion,24,Tarantula,2,0,14484.0,14773.0,2,2,0
19,Scorpion,24,Tarantula,2,1,14484.0,16988.9,2,2,0
19,Scorpion,24,Tarantula,2,2,14484.0,21420.8,2,2,0
19,Scorpion,26,Farseer,0,0,10650.0,11991.0,2,2,0
19,Scorpion,26,Farseer,0,1,10650.0,13789.6,2,2,0
19,Scorpion,26,Farseer,0,2,10650.0,17387.0,2,2,0
19,Scorpion,26,Farseer,1,0,11928.0,11991.0,2,2,0
19,Scorpion,26,Farseer,1,1,11928.0,13789.6,2,2,0
19,Scorpion,26,Farseer,1,2,11928.0,17387.0,2,2,0
19,Scorpion,26,Farseer,2,0,14484.0,11991.0,1,2,-1
19,Scorpion,26,Farseer,2,1,14484.0,13789.6,1,2,-1
19,Scorpion,26,Farseer,2,2,14484.0,17387.0,2,2,0
19,Scorpion,28,Hound,0,0,10650.0,879.0,1,1,0
19,Scorpion,28,Hound,0,1,10650.0,1010.8,1,1,0
19,Scorpion,28,Hound,0,2,10650.0,1274.5,1,1,0
19,Scorpion,28,Hound,1,0,11928.0,879.0,1,1,0
19,Scorpion,28,Hound,1,1,11928.0,1010.8,1,1,0
19,Scorpion,28,Hound,1,2,11928.0,1274.5,1,1,0
19,Scorpion,28,Hound,2,0,14484.0,879.0,1,1,0
19,Scorpion,28,Hound,2,1,14484.0,1010.8,1,1,0
19,Scorpion,28,Hound,2,2,14484.0,1274.5,1,1,0
19,Scorpion,30,Void Eye,0,0,10650.0,1522.0,1,1,0
19,Scorpion,30,Void Eye,0,1,10650.0,1750.3,1,1,0
19,Scorpion,30,Void Eye,0,2,10650.0,2206.9,1,1,0
19,Scorpion,30,Void Eye,1,0,11928.0,1522.0,1,1,0
19,Scorpion,30,Void Eye,1,1,11928.0,1750.3,1,1,0
19,Scorpion,30,Void Eye,1,2,11928.0,2206.9,1,1,0
19,Scorpion,30,Void Eye,2,0,14484.0,1522.0,1,1,0
19,Scorpion,30,Void Eye,2,1,14484.0,1750.3,1,1,0
19,Scorpion,30,Void Eye,2,2,14484.0,2206.9,1,1,0
19,Scorpion,31,Vortex,0,0,10650.0,7425.0,1,1,0
19,Scorpion,31,Vortex,0,1,10650.0,8538.8,1,1,0
19,Scorpion,31,Vortex,0,2,10650.0,10766.2,2,1,1
19,Scorpion,31,Vortex,1,0,11928.0,7425.0,1,1,0
19,Scorpion,31,Vortex,1,1,11928.0,8538.8,1,1,0
19,Scorpion,31,Vortex,1,2,11928.0,10766.2,1,1,0
19,Scorpion,31,Vortex,2,0,14484.0,7425.0,1,1,0
19,Scorpion,31,Vortex,2,1,14484.0,8538.8,1,1,0
19,Scorpion,31,Vortex,2,2,14484.0,10766.2,1,1,0
19,Scorpion,2002,Mountain,0,0,10650.0,136657.0,13,13,0
19,Scorpion,2002,Mountain,0,1,10650.0,157155.5,15,13,2
19,Scorpion,2002,Mountain,0,2,10650.0,198152.6,19,13,6
19,Scorpion,2002,Mountain,1,0,11928.0,136657.0,12,13,-1
19,Scorpion,2002,Mountain,1,1,11928.0,157155.5,14,13,1
19,Scorpion,2002,Mountain,1,2,11928.0,198152.6,17,13,4
19,Scorpion,2002,Mountain,2,0,14484.0,136657.0,10,13,-3
19,Scorpion,2002,Mountain,2,1,14484.0,157155.5,11,13,-2
19,Scorpion,2002,Mountain,2,2,14484.0,198152.6,14,13,1
20,Fire Badger,1,Fortress,0,0,27.0,43938.0,1628,1628,0
20,Fire Badger,1,Fortress,0,1,27.0,50528.7,1872,1628,244
20,Fire Badger,1,Fortress,0,2,27.0,63710.1,2360,1628,732
20,Fire Badger,1,Fortress,1,0,30.2,43938.0,1453,1628,-175
20,Fire Badger,1,Fortress,1,1,30.2,50528.7,1671,1628,43
20,Fire Badger,1,Fortress,1,2,30.2,63710.1,2107,1628,479
20,Fire Badger,1,Fortress,2,0,36.7,43938.0,1197,1628,-431
20,Fire Badger,1,Fortress,2,1,36.7,50528.7,1377,1628,-251
20,Fire Badger,1,Fortress,2,2,36.7,63710.1,1736,1628,108
20,Fire Badger,2,Marksman,0,0,27.0,1622.0,61,61,0
20,Fire Badger,2,Marksman,0,1,27.0,1865.3,70,61,9
20,Fire Badger,2,Marksman,0,2,27.0,2351.9,88,61,27
20,Fire Badger,2,Marksman,1,0,30.2,1622.0,54,61,-7
20,Fire Badger,2,Marksman,1,1,30.2,1865.3,62,61,1
20,Fire Badger,2,Marksman,1,2,30.2,2351.9,78,61,17
20,Fire Badger,2,Marksman,2,0,36.7,1622.0,45,61,-16
20,Fire Badger,2,Marksman,2,1,36.7,1865.3,51,61,-10
20,Fire Badger,2,Marksman,2,2,36.7,2351.9,65,61,4
20,Fire Badger,3,Vulcan,0,0,27.0,30279.0,1122,1122,0
20,Fire Badger,3,Vulcan,0,1,27.0,34820.8,1290,1122,168
20,Fire Badger,3,Vulcan,0,2,27.0,43904.5,1627,1122,505
20,Fire Badger,3,Vulcan,1,0,30.2,30279.0,1002,1122,-120
20,Fire Badger,3,Vulcan,1,1,30.2,34820.8,1152,1122,30
20,Fire Badger,3,Vulcan,1,2,30.2,43904.5,1452,1122,330
20,Fire Badger,3,Vulcan,2,0,36.7,30279.0,825,1122,-297
20,Fire Badger,3,Vulcan,2,1,36.7,34820.8,949,1122,-173
20,Fire Badger,3,Vulcan,2,2,36.7,43904.5,1196,1122,74
20,Fire Badger,4,Melting Point,0,0,27.0,30907.0,1145,1145,0
20,Fire Badger,4,Melting Point,0,1,27.0,35543.0,1317,1145,172
20,Fire Badger,4,Melting Point,0,2,27.0,44815.2,1660,1145,515
20,Fire Badger,4,Melting Point,1,0,30.2,30907.0,1023,1145,-122
20,Fire Badger,4,Melting Point,1,1,30.2,35543.0,1176,1145,31
20,Fire Badger,4,Melting Point,1,2,30.2,44815.2,1482,1145,337
20,Fire Badger,4,Melting Point,2,0,36.7,30907.0,842,1145,-303
20,Fire Badger,4,Melting Point,2,1,36.7,35543.0,968,1145,-177
20,Fire Badger,4,Melting Point,2,2,36.7,44815.2,1221,1145,76
20,Fire Badger,5,Rhino,0,0,27.0,19297.0,715,715,0
20,Fire Badger,5,Rhino,0,1,27.0,22191.5,822,715,107
20,Fire Badger,5,Rhino,0,2,27.0,27980.6,1037,715,322
20,Fire Badger,5,Rhino,1,0,30.2,19297.0,639,715,-76
20,Fire Badger,5,Rhino,1,1,30.2,22191.5,734,715,19
20,Fire Badger,5,Rhino,1,2,30.2,27980.6,926,715,211
20,Fire Badger,5,Rhino,2,0,36.7,19297.0,526,715,-189
20,Fire Badger,5,Rhino,2,1,36.7,22191.5,605,715,-110
20,Fire Badger,5,Rhino,2,2,36.7,27980.6,763,715,48
20,Fire Badger,7,Mustang,0,0,27.0,343.0,13,13,0
20,Fire Badger,7,Mustang,0,1,27.0,394.4,15,13,2
20,Fire Badger,7,Mustang,0,2,27.0,497.3,19,13,6
20,Fire Badger,7,Mustang,1,0,30.2,343.0,12,13,-1
20,Fire Badger,7,Mustang,1,1,30.2,394.4,14,13,1
20,Fire Badger,7,Mustang,1,2,30.2,497.3,17,13,4
20,Fire Badger,7,Mustang,2,0,36.7,343.0,10,13,-3
20,Fire Badger,7,Mustang,2,1,36.7,394.4,11,13,-2
20,Fire Badger,7,Mustang,2,2,36.7,497.3,14,13,1
20,Fire Badger,8,Steel Ball,0,0,27.0,4571.0,170,170,0
20,Fire Badger,8,Steel Ball,0,1,27.0,5256.6,195,170,25
20,Fire Badger,8,Steel Ball,0,2,27.0,6627.9,246,170,76
20,Fire Badger,8,Steel Ball,1,0,30.2,4571.0,152,170,-18
20,Fire Badger,8,Steel Ball,1,1,30.2,5256.6,174,170,4
20,Fire Badger,8,Steel Ball,1,2,30.2,6627.9,220,170,50
20,Fire Badger,8,Steel Ball,2,0,36.7,4571.0,125,170,-45
20,Fire Badger,8,Steel Ball,2,1,36.7,5256.6,144,170,-26
20,Fire Badger,8,Steel Ball,2,2,36.7,6627.9,181,170,11
20,Fire Badger,9,Fang,0,0,27.0,117.0,5,5,0
20,Fire Badger,9,Fang,0,1,27.0,134.5,5,5,0
20,Fire Badger,9,Fang,0,2,27.0,169.7,7,5,2
20,Fire Badger,9,Fang,1,0,30.2,117.0,4,5,-1
20,Fire Badger,9,Fang,1,1,30.2,134.5,5,5,0
20,Fire Badger,9,Fang,1,2,30.2,169.7,6,5,1
20,Fire Badger,9,Fang,2,0,36.7,117.0,4,5,-1
20,Fire Badger,9,Fang,2,1,36.7,134.5,4,5,-1
20,Fire Badger,9,Fang,2,2,36.7,169.7,5,5,0
20,Fire Badger,10,Crawler,0,0,27.0,263.0,10,10,0
20,Fire Badger,10,Crawler,0,1,27.0,302.4,12,10,2
20,Fire Badger,10,Crawler,0,2,27.0,381.3,15,10,5
20,Fire Badger,10,Crawler,1,0,30.2,263.0,9,10,-1
20,Fire Badger,10,Crawler,1,1,30.2,302.4,11,10,1
20,Fire Badger,10,Crawler,1,2,30.2,381.3,13,10,3
20,Fire Badger,10,Crawler,2,0,36.7,263.0,8,10,-2
20,Fire Badger,10,Crawler,2,1,36.7,302.4,9,10,-1
20,Fire Badger,10,Crawler,2,2,36.7,381.3,11,10,1
20,Fire Badger,12,Stormcaller,0,0,27.0,1149.0,43,43,0
20,Fire Badger,12,Stormcaller,0,1,27.0,1321.3,49,43,6
20,Fire Badger,12,Stormcaller,0,2,27.0,1666.0,62,43,19
20,Fire Badger,12,Stormcaller,1,0,30.2,1149.0,38,43,-5
20,Fire Badger,12,Stormcaller,1,1,30.2,1321.3,44,43,1
20,Fire Badger,12,Stormcaller,1,2,30.2,1666.0,56,43,13
20,Fire Badger,12,Stormcaller,2,0,36.7,1149.0,32,43,-11
20,Fire Badger,12,Stormcaller,2,1,36.7,1321.3,36,43,-7
20,Fire Badger,12,Stormcaller,2,2,36.7,1666.0,46,43,3
20,Fire Badger,13,Sledgehammer,0,0,27.0,3478.0,129,129,0
20,Fire Badger,13,Sledgehammer,0,1,27.0,3999.7,149,129,20
20,Fire Badger,13,Sledgehammer,0,2,27.0,5043.1,187,129,58
20,Fire Badger,13,Sledgehammer,1,0,30.2,3478.0,116,129,-13
20,Fire Badger,13,Sledgehammer,1,1,30.2,3999.7,133,129,4
20,Fire Badger,13,Sledgehammer,1,2,30.2,5043.1,167,129,38
20,Fire Badger,13,Sledgehammer,2,0,36.7,3478.0,95,129,-34
20,Fire Badger,13,Sledgehammer,2,1,36.7,3999.7,109,129,-20
20,Fire Badger,13,Sledgehammer,2,2,36.7,5043.1,138,129,9
20,Fire Badger,14,Hacker,0,0,27.0,3249.0,121,121,0
20,Fire Badger,14,Hacker,0,1,27.0,3736.3,139,121,18
20,Fire Badger,14,Hacker,0,2,27.0,4711.1,175,121,54
20,Fire Badger,14,Hacker,1,0,30.2,3249.0,108,121,-13
20,Fire Badger,14,Hacker,1,1,30.2,3736.3,124,121,3
20,Fire Badger,14,Hacker,1,2,30.2,4711.1,156,121,35
20,Fire Badger,14,Hacker,2,0,36.7,3249.0,89,121,-32
20,Fire Badger,14,Hacker,2,1,36.7,3736.3,102,121,-19
20,Fire Badger,14,Hacker,2,2,36.7,4711.1,129,121,8
20,Fire Badger,15,Arclight,0,0,27.0,4813.0,179,179,0
20,Fire Badger,15,Arclight,0,1,27.0,5534.9,205,179,26
20,Fire Badger,15,Arclight,0,2,27.0,6978.8,259,179,80
20,Fire Badger,15,Arclight,1,0,30.2,4813.0,160,179,-19
20,Fire Badger,15,Arclight,1,1,30.2,5534.9,184,179,5
20,Fire Badger,15,Arclight,1,2,30.2,6978.8,231,179,52
20,Fire Badger,15,Arclight,2,0,36.7,4813.0,132,179,-47
20,Fire Badger,15,Arclight,2,1,36.7,5534.9,151,179,-28
20,Fire Badger,15,Arclight,2,2,36.7,6978.8,191,179,12
20,Fire Badger,17,War Factory,0,0,27.0,113593.0,4208,4208,0
20,Fire Badger,17,War Factory,0,1,27.0,130631.9,4839,4208,631
20,Fire Badger,17,War Factory,0,2,27.0,164709.9,6101,4208,1893
20,Fire Badger,17,War Factory,1,0,30.2,113593.0,3757,4208,-451
20,Fire Badger,17,War Factory,1,1,30.2,130631.9,4320,4208,112
20,Fire Badger,17,War Factory,1,2,30.2,164709.9,5447,4208,1239
20,Fire Badger,17,War Factory,2,0,36.7,113593.0,3094,4208,-1114
20,Fire Badger,17,War Factory,2,1,36.7,130631.9,3558,4208,-650
20,Fire Badger,17,War Factory,2,2,36.7,164709.9,4486,4208,278
20,Fire Badger,19,Scorpion,0,0,27.0,18632.0,691,691,0
20,Fire Badger,19,Scorpion,0,1,27.0,21426.8,794,691,103
20,Fire Badger,19,Scorpion,0,2,27.0,27016.4,1001,691,310
20,Fire Badger,19,Scorpion,1,0,30.2,18632.0,617,691,-74
20,Fire Badger,19,Scorpion,1,1,30.2,21426.8,709,691,18
20,Fire Badger,19,Scorpion,1,2,30.2,27016.4,894,691,203
20,Fire Badger,19,Scorpion,2,0,36.7,18632.0,508,691,-183
20,Fire Badger,19,Scorpion,2,1,36.7,21426.8,584,691,-107
20,Fire Badger,19,Scorpion,2,2,36.7,27016.4,736,691,45
20,Fire Badger,20,Fire Badger,0,0,27.0,4222.0,157,157,0
20,Fire Badger,20,Fire Badger,0,1,27.0,4855.3,180,157,23
20,Fire Badger,20,Fire Badger,0,2,27.0,6121.9,227,157,70
20,Fire Badger,20,Fire Badger,1,0,30.2,4222.0,140,157,-17
20,Fire Badger,20,Fire Badger,1,1,30.2,4855.3,161,157,4
20,Fire Badger,20,Fire Badger,1,2,30.2,6121.9,203,157,46
20,Fire Badger,20,Fire Badger,2,0,36.7,4222.0,115,157,-42
20,Fire Badger,20,Fire Badger,2,1,36.7,4855.3,133,157,-24
20,Fire Badger,20,Fire Badger,2,2,36.7,6121.9,167,157,10
20,Fire Badger,21,Sabertooth,0,0,27.0,14886.0,552,552,0
20,Fire Badger,21,Sabertooth,0,1,27.0,17118.9,635,552,83
20,Fire Badger,21,Sabertooth,0,2,27.0,21584.7,800,552,248
20,Fire Badger,21,Sabertooth,1,0,30.2,14886.0,493,552,-59
20,Fire Badger,21,Sabertooth,1,1,30.2,17118.9,567,552,15
20,Fire Badger,21,Sabertooth,1,2,30.2,21584.7,714,552,162
20,Fire Badger,21,Sabertooth,2,0,36.7,14886.0,406,552,-146
20,Fire Badger,21,Sabertooth,2,1,36.7,17118.9,467,552,-85
20,Fire Badger,21,Sabertooth,2,2,36.7,21584.7,588,552,36
20,Fire Badger,22,Typhoon,0,0,27.0,9529.0,353,353,0
20,Fire Badger,22,Typhoon,0,1,27.0,10958.3,406,353,53
20,Fire Badger,22,Typhoon,0,2,27.0,13817.0,512,353,159
20,Fire Badger,22,Typhoon,1,0,30.2,9529.0,316,353,-37
20,Fire Badger,22,Typhoon,1,1,30.2,10958.3,363,353,10
20,Fire Badger,22,Typhoon,1,2,30.2,13817.0,457,353,104
20,Fire Badger,22,Typhoon,2,0,36.7,9529.0,260,353,-93
20,Fire Badger,22,Typhoon,2,1,36.7,10958.3,299,353,-54
20,Fire Badger,22,Typhoon,2,2,36.7,13817.0,377,353,24
20,Fire Badger,23,Sandworm,0,0,27.0,48645.0,1802,1802,0
20,Fire Badger,23,Sandworm,0,1,27.0,55941.7,2072,1802,270
20,Fire Badger,23,Sandworm,0,2,27.0,70535.2,2613,1802,811
20,Fire Badger,23,Sandworm,1,0,30.2,48645.0,1609,1802,-193
20,Fire Badger,23,Sandworm,1,1,30.2,55941.7,1850,1802,48
20,Fire Badger,23,Sandworm,1,2,30.2,70535.2,2333,1802,531
20,Fire Badger,23,Sandworm,2,0,36.7,48645.0,1325,1802,-477
20,Fire Badger,23,Sandworm,2,1,36.7,55941.7,1524,1802,-278
20,Fire Badger,23,Sandworm,2,2,36.7,70535.2,1921,1802,119
20,Fire Badger,24,Tarantula,0,0,27.0,14773.0,548,548,0
20,Fire Badger,24,Tarantula,0,1,27.0,16988.9,630,548,82
20,Fire Badger,24,Tarantula,0,2,27.0,21420.8,794,548,246
20,Fire Badger,24,Tarantula,1,0,30.2,14773.0,489,548,-59
20,Fire Badger,24,Tarantula,1,1,30.2,16988.9,562,548,14
20,Fire Badger,24,Tarantula,1,2,30.2,21420.8,709,548,161
20,Fire Badger,24,Tarantula,2,0,36.7,14773.0,403,548,-145
20,Fire Badger,24,Tarantula,2,1,36.7,16988.9,463,548,-85
20,Fire Badger,24,Tarantula,2,2,36.7,21420.8,584,548,36
20,Fire Badger,26,Farseer,0,0,27.0,11991.0,445,445,0
20,Fire Badger,26,Farseer,0,1,27.0,13789.6,511,445,66
20,Fire Badger,26,Farseer,0,2,27.0,17387.0,644,445,199
20,Fire Badger,26,Farseer,1,0,30.2,11991.0,397,445,-48
20,Fire Badger,26,Farseer,1,1,30.2,13789.6,457,445,12
20,Fire Badger,26,Farseer,1,2,30.2,17387.0,575,445,130
20,Fire Badger,26,Farseer,2,0,36.7,11991.0,327,445,-118
20,Fire Badger,26,Farseer,2,1,36.7,13789.6,376,445,-69
20,Fire Badger,26,Farseer,2,2,36.7,17387.0,474,445,29
20,Fire Badger,28,Hound,0,0,27.0,879.0,33,33,0
20,Fire Badger,28,Hound,0,1,27.0,1010.8,38,33,5
20,Fire Badger,28,Hound,0,2,27.0,1274.5,48,33,15
20,Fire Badger,28,Hound,1,0,30.2,879.0,30,33,-3
20,Fire Badger,28,Hound,1,1,30.2,1010.8,34,33,1
20,Fire Badger,28,Hound,1,2,30.2,1274.5,43,33,10
20,Fire Badger,28,Hound,2,0,36.7,879.0,24,33,-9
20,Fire Badger,28,Hound,2,1,36.7,1010.8,28,33,-5
20,Fire Badger,28,Hound,2,2,36.7,1274.5,35,33,2
20,Fire Badger,30,Void Eye,0,0,27.0,1522.0,57,57,0
20,Fire Badger,30,Void Eye,0,1,27.0,1750.3,65,57,8
20,Fire Badger,30,Void Eye,0,2,27.0,2206.9,82,57,25
20,Fire Badger,30,Void Eye,1,0,30.2,1522.0,51,57,-6
20,Fire Badger,30,Void Eye,1,1,30.2,1750.3,58,57,1
20,Fire Badger,30,Void Eye,1,2,30.2,2206.9,73,57,16
20,Fire Badger,30,Void Eye,2,0,36.7,1522.0,42,57,-15
20,Fire Badger,30,Void Eye,2,1,36.7,1750.3,48,57,-9
20,Fire Badger,30,Void Eye,2,2,36.7,2206.9,61,57,4
20,Fire Badger,31,Vortex,0,0,27.0,7425.0,275,275,0
20,Fire Badger,31,Vortex,0,1,27.0,8538.8,317,275,42
20,Fire Badger,31,Vortex,0,2,27.0,10766.2,399,275,124
20,Fire Badger,31,Vortex,1,0,30.2,7425.0,246,275,-29
20,Fire Badger,31,Vortex,1,1,30.2,8538.8,283,275,8
20,Fire Badger,31,Vortex,1,2,30.2,10766.2,357,275,82
20,Fire Badger,31,Vortex,2,0,36.7,7425.0,203,275,-72
20,Fire Badger,31,Vortex,2,1,36.7,8538.8,233,275,-42
20,Fire Badger,31,Vortex,2,2,36.7,10766.2,294,275,19
20,Fire Badger,2002,Mountain,0,0,27.0,136657.0,5062,5062,0
20,Fire Badger,2002,Mountain,0,1,27.0,157155.5,5821,5062,759
20,Fire Badger,2002,Mountain,0,2,27.0,198152.6,7339,5062,2277
20,Fire Badger,2002,Mountain,1,0,30.2,136657.0,4520,5062,-542
20,Fire Badger,2002,Mountain,1,1,30.2,157155.5,5197,5062,135
20,Fire Badger,2002,Mountain,1,2,30.2,198152.6,6553,5062,1491
20,Fire Badger,2002,Mountain,2,0,36.7,136657.0,3722,5062,-1340
20,Fire Badger,2002,Mountain,2,1,36.7,157155.5,4280,5062,-782
20,Fire Badger,2002,Mountain,2,2,36.7,198152.6,5397,5062,335
21,Sabertooth,1,Fortress,0,0,6881.0,43938.0,7,7,0
21,Sabertooth,1,Fortress,0,1,6881.0,50528.7,8,7,1
21,Sabertooth,1,Fortress,0,2,6881.0,63710.1,10,7,3
21,Sabertooth,1,Fortress,1,0,7706.7,43938.0,6,7,-1
21,Sabertooth,1,Fortress,1,1,7706.7,50528.7,7,7,0
21,Sabertooth,1,Fortress,1,2,7706.7,63710.1,9,7,2
21,Sabertooth,1,Fortress,2,0,9358.2,43938.0,5,7,-2
21,Sabertooth,1,Fortress,2,1,9358.2,50528.7,6,7,-1
21,Sabertooth,1,Fortress,2,2,9358.2,63710.1,7,7,0
21,Sabertooth,2,Marksman,0,0,6881.0,1622.0,1,1,0
21,Sabertooth,2,Marksman,0,1,6881.0,1865.3,1,1,0
21,Sabertooth,2,Marksman,0,2,6881.0,2351.9,1,1,0
21,Sabertooth,2,Marksman,1,0,7706.7,1622.0,1,1,0
21,Sabertooth,2,Marksman,1,1,7706.7,1865.3,1,1,0
21,Sabertooth,2,Marksman,1,2,7706.7,2351.9,1,1,0
21,Sabertooth,2,Marksman,2,0,9358.2,1622.0,1,1,0
21,Sabertooth,2,Marksman,2,1,9358.2,1865.3,1,1,0
21,Sabertooth,2,Marksman,2,2,9358.2,2351.9,1,1,0
21,Sabertooth,3,Vulcan,0,0,6881.0,30279.0,5,5,0
21,Sabertooth,3,Vulcan,0,1,6881.0,34820.8,6,5,1
21,Sabertooth,3,Vulcan,0,2,6881.0,43904.5,7,5,2
21,Sabertooth,3,Vulcan,1,0,7706.7,30279.0,4,5,-1
21,Sabertooth,3,Vulcan,1,1,7706.7,34820.8,5,5,0
21,Sabertooth,3,Vulcan,1,2,7706.7,43904.5,6,5,1
21,Sabertooth,3,Vulcan,2,0,9358.2,30279.0,4,5,-1
21,Sabertooth,3,Vulcan,2,1,9358.2,34820.8,4,5,-1
21,Sabertooth,3,Vulcan,2,2,9358.2,43904.5,5,5,0
21,Sabertooth,4,Melting Point,0,0,6881.0,30907.0,5,5,0
21,Sabertooth,4,Melting Point,0,1,6881.0,35543.0,6,5,1
21,Sabertooth,4,Melting Point,0,2,6881.0,44815.2,7,5,2
21,Sabertooth,4,Melting Point,1,0,7706.7,30907.0,5,5,0
21,Sabertooth,4,Melting Point,1,1,7706.7,35543.0,5,5,0
21,Sabertooth,4,Melting Point,1,2,7706.7,44815.2,6,5,1
21,Sabertooth,4,Melting Point,2,0,9358.2,30907.0,4,5,-1
21,Sabertooth,4,Melting Point,2,1,9358.2,35543.0,4,5,-1
21,Sabertooth,4,Melting Point,2,2,9358.2,44815.2,5,5,0
21,Sabertooth,5,Rhino,0,0,6881.0,19297.0,3,3,0
21,Sabertooth,5,Rhino,0,1,6881.0,22191.5,4,3,1
21,Sabertooth,5,Rhino,0,2,6881.0,27980.6,5,3,2
21,Sabertooth,5,Rhino,1,0,7706.7,19297.0,3,3,0
21,Sabertooth,5,Rhino,1,1,7706.7,22191.5,3,3,0
21,Sabertooth,5,Rhino,1,2,7706.7,27980.6,4,3,1
21,Sabertooth,5,Rhino,2,0,9358.2,19297.0,3,3,0
21,Sabertooth,5,Rhino,2,1,9358.2,22191.5,3,3,0
21,Sabertooth,5,Rhino,2,2,9358.2,27980.6,3,3,0
21,Sabertooth,7,Mustang,0,0,6881.0,343.0,1,1,0
21,Sabertooth,7,Mustang,0,1,6881.0,394.4,1,1,0
21,Sabertooth,7,Mustang,0,2,6881.0,497.3,1,1,0
21,Sabertooth,7,Mustang,1,0,7706.7,343.0,1,1,0
21,Sabertooth,7,Mustang,1,1,7706.7,394.4,1,1,0
21,Sabertooth,7,Mustang,1,2,7706.7,497.3,1,1,0
21,Sabertooth,7,Mustang,2,0,9358.2,343.0,1,1,0
21,Sabertooth,7,Mustang,2,1,9358.2,394.4,1,1,0
21,Sabertooth,7,Mustang,2,2,9358.2,497.3,1,1,0
21,Sabertooth,8,Steel Ball,0,0,6881.0,4571.0,1,1,0
21,Sabertooth,8,Steel Ball,0,1,6881.0,5256.6,1,1,0
21,Sabertooth,8,Steel Ball,0,2,6881.0,6627.9,1,1,0
21,Sabertooth,8,Steel Ball,1,0,7706.7,4571.0,1,1,0
21,Sabertooth,8,Steel Ball,1,1,7706.7,5256.6,1,1,0
21,Sabertooth,8,Steel Ball,1,2,7706.7,6627.9,1,1,0
21,Sabertooth,8,Steel Ball,2,0,9358.2,4571.0,1,1,0
21,Sabertooth,8,Steel Ball,2,1,9358.2,5256.6,1,1,0
21,Sabertooth,8,Steel Ball,2,2,9358.2,6627.9,1,1,0
21,Sabertooth,9,Fang,0,0,6881.0,117.0,1,1,0
21,Sabertooth,9,Fang,0,1,6881.0,134.5,1,1,0
21,Sabertooth,9,Fang,0,2,6881.0,169.7,1,1,0
21,Sabertooth,9,Fang,1,0,7706.7,117.0,1,1,0
21,Sabertooth,9,Fang,1,1,7706.7,134.5,1,1,0
21,Sabertooth,9,Fang,1,2,7706.7,169.7,1,1,0
21,Sabertooth,9,Fang,2,0,9358.2,117.0,1,1,0
21,Sabertooth,9,Fang,2,1,9358.2,134.5,1,1,0
21,Sabertooth,9,Fang,2,2,9358.2,169.7,1,1,0
21,Sabertooth,10,Crawler,0,0,6881.0,263.0,1,1,0
21,Sabertooth,10,Crawler,0,1,6881.0,302.4,1,1,0
21,Sabertooth,10,Crawler,0,2,6881.0,381.3,1,1,0
21,Sabertooth,10,Crawler,1,0,7706.7,263.0,1,1,0
21,Sabertooth,10,Crawler,1,1,7706.7,302.4,1,1,0
21,Sabertooth,10,Crawler,1,2,7706.7,381.3,1,1,0
21,Sabertooth,10,Crawler,2,0,9358.2,263.0,1,1,0
21,Sabertooth,10,Crawler,2,1,9358.2,302.4,1,1,0
21,Sabertooth,10,Crawler,2,2,9358.2,381.3,1,1,0
21,Sabertooth,12,Stormcaller,0,0,6881.0,1149.0,1,1,0
21,Sabertooth,12,Stormcaller,0,1,6881.0,1321.3,1,1,0
21,Sabertooth,12,Stormcaller,0,2,6881.0,1666.0,1,1,0
21,Sabertooth,12,Stormcaller,1,0,7706.7,1149.0,1,1,0
21,Sabertooth,12,Stormcaller,1,1,7706.7,1321.3,1,1,0
21,Sabertooth,12,Stormcaller,1,2,7706.7,1666.0,1,1,0
21,Sabertooth,12,Stormcaller,2,0,9358.2,1149.0,1,1,0
21,Sabertooth,12,Stormcaller,2,1,9358.2,1321.3,1,1,0
21,Sabertooth,12,Stormcaller,2,2,9358.2,1666.0,1,1,0
21,Sabertooth,13,Sledgehammer,0,0,6881.0,3478.0,1,1,0
21,Sabertooth,13,Sledgehammer,0,1,6881.0,3999.7,1,1,0
21,Sabertooth,13,Sledgehammer,0,2,6881.0,5043.1,1,1,0
21,Sabertooth,13,Sledgehammer,1,0,7706.7,3478.0,1,1,0
21,Sabertooth,13,Sledgehammer,1,1,7706.7,3999.7,1,1,0
21,Sabertooth,13,Sledgehammer,1,2,7706.7,5043.1,1,1,0
21,Sabertooth,13,Sledgehammer,2,0,9358.2,3478.0,1,1,0
21,Sabertooth,13,Sledgehammer,2,1,9358.2,3999.7,1,1,0
21,Sabertooth,13,Sledgehammer,2,2,9358.2,5043.1,1,1,0
21,Sabertooth,14,Hacker,0,0,6881.0,3249.0,1,1,0
21,Sabertooth,14,Hacker,0,1,6881.0,3736.3,1,1,0
21,Sabertooth,14,Hacker,0,2,6881.0,4711.1,1,1,0
21,Sabertooth,14,Hacker,1,0,7706.7,3249.0,1,1,0
21,Sabertooth,14,Hacker,1,1,7706.7,3736.3,1,1,0
21,Sabertooth,14,Hacker,1,2,7706.7,4711.1,1,1,0
21,Sabertooth,14,Hacker,2,0,9358.2,3249.0,1,1,0
21,Sabertooth,14,Hacker,2,1,9358.2,3736.3,1,1,0
21,Sabertooth,14,Hacker,2,2,9358.2,4711.1,1,1,0
21,Sabertooth,15,Arclight,0,0,6881.0,4813.0,1,1,0
21,Sabertooth,15,Arclight,0,1,6881.0,5534.9,1,1,0
21,Sabertooth,15,Arclight,0,2,6881.0,6978.8,2,1,1
21,Sabertooth,15,Arclight,1,0,7706.7,4813.0,1,1,0
21,Sabertooth,15,Arclight,1,1,7706.7,5534.9,1,1,0
21,Sabertooth,15,Arclight,1,2,7706.7,6978.8,1,1,0
21,Sabertooth,15,Arclight,2,0,9358.2,4813.0,1,1,0
21,Sabertooth,15,Arclight,2,1,9358.2,5534.9,1,1,0
21,Sabertooth,15,Arclight,2,2,9358.2,6978.8,1,1,0
21,Sabertooth,17,War Factory,0,0,6881.0,113593.0,17,17,0
21,Sabertooth,17,War Factory,0,1,6881.0,130631.9,19,17,2
21,Sabertooth,17,War Factory,0,2,6881.0,164709.9,24,17,7
21,Sabertooth,17,War Factory,1,0,7706.7,113593.0,15,17,-2
21,Sabertooth,17,War Factory,1,1,7706.7,130631.9,17,17,0
21,Sabertooth,17,War Factory,1,2,7706.7,164709.9,22,17,5
21,Sabertooth,17,War Factory,2,0,9358.2,113593.0,13,17,-4
21,Sabertooth,17,War Factory,2,1,9358.2,130631.9,14,17,-3
21,Sabertooth,17,War Factory,2,2,9358.2,164709.9,18,17,1
21,Sabertooth,19,Scorpion,0,0,6881.0,18632.0,3,3,0
21,Sabertooth,19,Scorpion,0,1,6881.0,21426.8,4,3,1
21,Sabertooth,19,Scorpion,0,2,6881.0,27016.4,4,3,1
21,Sabertooth,19,Scorpion,1,0,7706.7,18632.0,3,3,0
21,Sabertooth,19,Scorpion,1,1,7706.7,21426.8,3,3,0
21,Sabertooth,19,Scorpion,1,2,7706.7,27016.4,4,3,1
21,Sabertooth,19,Scorpion,2,0,9358.2,18632.0,2,3,-1
21,Sabertooth,19,Scorpion,2,1,9358.2,21426.8,3,3,0
21,Sabertooth,19,Scorpion,2,2,9358.2,27016.4,3,3,0
21,Sabertooth,20,Fire Badger,0,0,6881.0,4222.0,1,1,0
21,Sabertooth,20,Fire Badger,0,1,6881.0,4855.3,1,1,0
21,Sabertooth,20,Fire Badger,0,2,6881.0,6121.9,1,1,0
21,Sabertooth,20,Fire Badger,1,0,7706.7,4222.0,1,1,0
21,Sabertooth,20,Fire Badger,1,1,7706.7,4855.3,1,1,0
21,Sabertooth,20,Fire Badger,1,2,7706.7,6121.9,1,1,0
21,Sabertooth,20,Fire Badger,2,0,9358.2,4222.0,1,1,0
21,Sabertooth,20,Fire Badger,2,1,9358.2,4855.3,1,1,0
21,Sabertooth,20,Fire Badger,2,2,9358.2,6121.9,1,1,0
21,Sabertooth,21,Sabertooth,0,0,6881.0,14886.0,3,3,0
21,Sabertooth,21,Sabertooth,0,1,6881.0,17118.9,3,3,0
21,Sabertooth,21,Sabertooth,0,2,6881.0,21584.7,4,3,1
21,Sabertooth,21,Sabertooth,1,0,7706.7,14886.0,2,3,-1
21,Sabertooth,21,Sabertooth,1,1,7706.7,17118.9,3,3,0
21,Sabertooth,21,Sabertooth,1,2,7706.7,21584.7,3,3,0
21,Sabertooth,21,Sabertooth,2,0,9358.2,14886.0,2,3,-1
21,Sabertooth,21,Sabertooth,2,1,9358.2,17118.9,2,3,-1
21,Sabertooth,21,Sabertooth,2,2,9358.2,21584.7,3,3,0
21,Sabertooth,22,Typhoon,0,0,6881.0,9529.0,2,2,0
21,Sabertooth,22,Typhoon,0,1,6881.0,10958.3,2,2,0
21,Sabertooth,22,Typhoon,0,2,6881.0,13817.0,3,2,1
21,Sabertooth,22,Typhoon,1,0,7706.7,9529.0,2,2,0
21,Sabertooth,22,Typhoon,1,1,7706.7,10958.3,2,2,0
21,Sabertooth,22,Typhoon,1,2,7706.7,13817.0,2,2,0
21,Sabertooth,22,Typhoon,2,0,9358.2,9529.0,2,2,0
21,Sabertooth,22,Typhoon,2,1,9358.2,10958.3,2,2,0
21,Sabertooth,22,Typhoon,2,2,9358.2,13817.0,2,2,0
21,Sabertooth,23,Sandworm,0,0,6881.0,48645.0,8,8,0
21,Sabertooth,23,Sandworm,0,1,6881.0,55941.7,9,8,1
21,Sabertooth,23,Sandworm,0,2,6881.0,70535.2,11,8,3
21,Sabertooth,23,Sandworm,1,0,7706.7,48645.0,7,8,-1
21,Sabertooth,23,Sandworm,1,1,7706.7,55941.7,8,8,0
21,Sabertooth,23,Sandworm,1,2,7706.7,70535.2,10,8,2
21,Sabertooth,23,Sandworm,2,0,9358.2,48645.0,6,8,-2
21,Sabertooth,23,Sandworm,2,1,9358.2,55941.7,6,8,-2
21,Sabertooth,23,Sandworm,2,2,9358.2,70535.2,8,8,0
21,Sabertooth,24,Tarantula,0,0,6881.0,14773.0,3,3,0
21,Sabertooth,24,Tarantula,0,1,6881.0,16988.9,3,3,0
21,Sabertooth,24,Tarantula,0,2,6881.0,21420.8,4,3,1
21,Sabertooth,24,Tarantula,1,0,7706.7,14773.0,2,3,-1
21,Sabertooth,24,Tarantula,1,1,7706.7,16988.9,3,3,0
21,Sabertooth,24,Tarantula,1,2,7706.7,21420.8,3,3,0
21,Sabertooth,24,Tarantula,2,0,9358.2,14773.0,2,3,-1
21,Sabertooth,24,Tarantula,2,1,9358.2,16988.9,2,3,-1
21,Sabertooth,24,Tarantula,2,2,9358.2,21420.8,3,3,0
21,Sabertooth,26,Farseer,0,0,6881.0,11991.0,2,2,0
21,Sabertooth,26,Farseer,0,1,6881.0,13789.6,3,2,1
21,Sabertooth,26,Farseer,0,2,6881.0,17387.0,3,2,1
21,Sabertooth,26,Farseer,1,0,7706.7,11991.0,2,2,0
21,Sabertooth,26,Farseer,1,1,7706.7,13789.6,2,2,0
21,Sabertooth,26,Farseer,1,2,7706.7,17387.0,3,2,1
21,Sabertooth,26,Farseer,2,0,9358.2,11991.0,2,2,0
21,Sabertooth,26,Farseer,2,1,9358.2,13789.6,2,2,0
21,Sabertooth,26,Farseer,2,2,9358.2,17387.0,2,2,0
21,Sabertooth,28,Hound,0,0,6881.0,879.0,1,1,0
21,Sabertooth,28,Hound,0,1,6881.0,1010.8,1,1,0
21,Sabertooth,28,Hound,0,2,6881.0,1274.5,1,1,0
21,Sabertooth,28,Hound,1,0,7706.7,879.0,1,1,0
21,Sabertooth,28,Hound,1,1,7706.7,1010.8,1,1,0
21,Sabertooth,28,Hound,1,2,7706.7,1274.5,1,1,0
21,Sabertooth,28,Hound,2,0,9358.2,879.0,1,1,0
21,Sabertooth,28,Hound,2,1,9358.2,1010.8,1,1,0
21,Sabertooth,28,Hound,2,2,9358.2,1274.5,1,1,0
21,Sabertooth,30,Void Eye,0,0,6881.0,1522.0,1,1,0
21,Sabertooth,30,Void Eye,0,1,6881.0,1750.3,1,1,0
21,Sabertooth,30,Void Eye,0,2,6881.0,2206.9,1,1,0
21,Sabertooth,30,Void Eye,1,0,7706.7,1522.0,1,1,0
21,Sabertooth,30,Void Eye,1,1,7706.7,1750.3,1,1,0
21,Sabertooth,30,Void Eye,1,2,7706.7,2206.9,1,1,0
21,Sabertooth,30,Void Eye,2,0,9358.2,1522.0,1,1,0
21,Sabertooth,30,Void Eye,2,1,9358.2,1750.3,1,1,0
21,Sabertooth,30,Void Eye,2,2,9358.2,2206.9,1,1,0
21,Sabertooth,31,Vortex,0,0,6881.0,7425.0,2,2,0
21,Sabertooth,31,Vortex,0,1,6881.0,8538.8,2,2,0
21,Sabertooth,31,Vortex,0,2,6881.0,10766.2,2,2,0
21,Sabertooth,31,Vortex,1,0,7706.7,7425.0,1,2,-1
21,Sabertooth,31,Vortex,1,1,7706.7,8538.8,2,2,0
21,Sabertooth,31,Vortex,1,2,7706.7,10766.2,2,2,0
21,Sabertooth,31,Vortex,2,0,9358.2,7425.0,1,2,-1
21,Sabertooth,31,Vortex,2,1,9358.2,8538.8,1,2,-1
21,Sabertooth,31,Vortex,2,2,9358.2,10766.2,2,2,0
21,Sabertooth,2002,Mountain,0,0,6881.0,136657.0,20,20,0
21,Sabertooth,2002,Mountain,0,1,6881.0,157155.5,23,20,3
21,Sabertooth,2002,Mountain,0,2,6881.0,198152.6,29,20,9
21,Sabertooth,2002,Mountain,1,0,7706.7,136657.0,18,20,-2
21,Sabertooth,2002,Mountain,1,1,7706.7,157155.5,21,20,1
21,Sabertooth,2002,Mountain,1,2,7706.7,198152.6,26,20,6
21,Sabertooth,2002,Mountain,2,0,9358.2,136657.0,15,20,-5
21,Sabertooth,2002,Mountain,2,1,9358.2,157155.5,17,20,-3
21,Sabertooth,2002,Mountain,2,2,9358.2,198152.6,22,20,2
22,Typhoon,1,Fortress,0,0,88.0,43938.0,500,500,0
22,Typhoon,1,Fortress,0,1,88.0,50528.7,575,500,75
22,Typhoon,1,Fortress,0,2,88.0,63710.1,724,500,224
22,Typhoon,1,Fortress,1,0,98.6,43938.0,446,500,-54
22,Typhoon,1,Fortress,1,1,98.6,50528.7,513,500,13
22,Typhoon,1,Fortress,1,2,98.6,63710.1,647,500,147
22,Typhoon,1,Fortress,2,0,119.7,43938.0,368,500,-132
22,Typhoon,1,Fortress,2,1,119.7,50528.7,423,500,-77
22,Typhoon,1,Fortress,2,2,119.7,63710.1,533,500,33
22,Typhoon,2,Marksman,0,0,88.0,1622.0,19,19,0
22,Typhoon,2,Marksman,0,1,88.0,1865.3,22,19,3
22,Typhoon,2,Marksman,0,2,88.0,2351.9,27,19,8
22,Typhoon,2,Marksman,1,0,98.6,1622.0,17,19,-2
22,Typhoon,2,Marksman,1,1,98.6,1865.3,19,19,0
22,Typhoon,2,Marksman,1,2,98.6,2351.9,24,19,5
22,Typhoon,2,Marksman,2,0,119.7,1622.0,14,19,-5
22,Typhoon,2,Marksman,2,1,119.7,1865.3,16,19,-3
22,Typhoon,2,Marksman,2,2,119.7,2351.9,20,19,1
22,Typhoon,3,Vulcan,0,0,88.0,30279.0,345,345,0
22,Typhoon,3,Vulcan,0,1,88.0,34820.8,396,345,51
22,Typhoon,3,Vulcan,0,2,88.0,43904.5,499,345,154
22,Typhoon,3,Vulcan,1,0,98.6,30279.0,308,345,-37
22,Typhoon,3,Vulcan,1,1,98.6,34820.8,354,345,9
22,Typhoon,3,Vulcan,1,2,98.6,43904.5,446,345,101
22,Typhoon,3,Vulcan,2,0,119.7,30279.0,253,345,-92
22,Typhoon,3,Vulcan,2,1,119.7,34820.8,291,345,-54
22,Typhoon,3,Vulcan,2,2,119.7,43904.5,367,345,22
22,Typhoon,4,Melting Point,0,0,88.0,30907.0,352,352,0
22,Typhoon,4,Melting Point,0,1,88.0,35543.0,404,352,52
22,Typhoon,4,Melting Point,0,2,88.0,44815.2,510,352,158
22,Typhoon,4,Melting Point,1,0,98.6,30907.0,314,352,-38
22,Typhoon,4,Melting Point,1,1,98.6,35543.0,361,352,9
22,Typhoon,4,Melting Point,1,2,98.6,44815.2,455,352,103
22,Typhoon,4,Melting Point,2,0,119.7,30907.0,259,352,-93
22,Typhoon,4,Melting Point,2,1,119.7,35543.0,297,352,-55
22,Typhoon,4,Melting Point,2,2,119.7,44815.2,375,352,23
22,Typhoon,5,Rhino,0,0,88.0,19297.0,220,220,0
22,Typhoon,5,Rhino,0,1,88.0,22191.5,253,220,33
22,Typhoon,5,Rhino,0,2,88.0,27980.6,318,220,98
22,Typhoon,5,Rhino,1,0,98.6,19297.0,196,220,-24
22,Typhoon,5,Rhino,1,1,98.6,22191.5,226,220,6
22,Typhoon,5,Rhino,1,2,98.6,27980.6,284,220,64
22,Typhoon,5,Rhino,2,0,119.7,19297.0,162,220,-58
22,Typhoon,5,Rhino,2,1,119.7,22191.5,186,220,-34
22,Typhoon,5,Rhino,2,2,119.7,27980.6,234,220,14
22,Typhoon,6,Wasp,0,0,88.0,311.0,4,4,0
22,Typhoon,6,Wasp,0,1,88.0,357.6,5,4,1
22,Typhoon,6,Wasp,0,2,88.0,450.9,6,4,2
22,Typhoon,6,Wasp,1,0,98.6,311.0,4,4,0
22,Typhoon,6,Wasp,1,1,98.6,357.6,4,4,0
22,Typhoon,6,Wasp,1,2,98.6,450.9,5,4,1
22,Typhoon,6,Wasp,2,0,119.7,311.0,3,4,-1
22,Typhoon,6,Wasp,2,1,119.7,357.6,3,4,-1
22,Typhoon,6,Wasp,2,2,119.7,450.9,4,4,0
22,Typhoon,7,Mustang,0,0,88.0,343.0,4,4,0
22,Typhoon,7,Mustang,0,1,88.0,394.4,5,4,1
22,Typhoon,7,Mustang,0,2,88.0,497.3,6,4,2
22,Typhoon,7,Mustang,1,0,98.6,343.0,4,4,0
22,Typhoon,7,Mustang,1,1,98.6,394.4,5,4,1
22,Typhoon,7,Mustang,1,2,98.6,497.3,6,4,2
22,Typhoon,7,Mustang,2,0,119.7,343.0,3,4,-1
22,Typhoon,7,Mustang,2,1,119.7,394.4,4,4,0
22,Typhoon,7,Mustang,2,2,119.7,497.3,5,4,1
22,Typhoon,8,Steel Ball,0,0,88.0,4571.0,52,52,0
22,Typhoon,8,Steel Ball,0,1,88.0,5256.6,60,52,8
22,Typhoon,8,Steel Ball,0,2,88.0,6627.9,76,52,24
22,Typhoon,8,Steel Ball,1,0,98.6,4571.0,47,52,-5
22,Typhoon,8,Steel Ball,1,1,98.6,5256.6,54,52,2
22,Typhoon,8,Steel Ball,1,2,98.6,6627.9,68,52,16
22,Typhoon,8,Steel Ball,2,0,119.7,4571.0,39,52,-13
22,Typhoon,8,Steel Ball,2,1,119.7,5256.6,44,52,-8
22,Typhoon,8,Steel Ball,2,2,119.7,6627.9,56,52,4
22,Typhoon,9,Fang,0,0,88.0,117.0,2,2,0
22,Typhoon,9,Fang,0,1,88.0,134.5,2,2,0
22,Typhoon,9,Fang,0,2,88.0,169.7,2,2,0
22,Typhoon,9,Fang,1,0,98.6,117.0,2,2,0
22,Typhoon,9,Fang,1,1,98.6,134.5,2,2,0
22,Typhoon,9,Fang,1,2,98.6,169.7,2,2,0
22,Typhoon,9,Fang,2,0,119.7,117.0,1,2,-1
22,Typhoon,9,Fang,2,1,119.7,134.5,2,2,0
22,Typhoon,9,Fang,2,2,119.7,169.7,2,2,0
22,Typhoon,10,Crawler,0,0,88.0,263.0,3,3,0
22,Typhoon,10,Crawler,0,1,88.0,302.4,4,3,1
22,Typhoon,10,Crawler,0,2,88.0,381.3,5,3,2
22,Typhoon,10,Crawler,1,0,98.6,263.0,3,3,0
22,Typhoon,10,Crawler,1,1,98.6,302.4,4,3,1
22,Typhoon,10,Crawler,1,2,98.6,381.3,4,3,1
22,Typhoon,10,Crawler,2,0,119.7,263.0,3,3,0
22,Typhoon,10,Crawler,2,1,119.7,302.4,3,3,0
22,Typhoon,10,Crawler,2,2,119.7,381.3,4,3,1
22,Typhoon,11,Overlord,0,0,88.0,21339.0,243,243,0
22,Typhoon,11,Overlord,0,1,88.0,24539.8,279,243,36
22,Typhoon,11,Overlord,0,2,88.0,30941.5,352,243,109
22,Typhoon,11,Overlord,1,0,98.6,21339.0,217,243,-26
22,Typhoon,11,Overlord,1,1,98.6,24539.8,249,243,6
22,Typhoon,11,Overlord,1,2,98.6,30941.5,314,243,71
22,Typhoon,11,Overlord,2,0,119.7,21339.0,179,243,-64
22,Typhoon,11,Overlord,2,1,119.7,24539.8,206,243,-37
22,Typhoon,11,Overlord,2,2,119.7,30941.5,259,243,16
22,Typhoon,12,Stormcaller,0,0,88.0,1149.0,14,14,0
22,Typhoon,12,Stormcaller,0,1,88.0,1321.3,16,14,2
22,Typhoon,12,Stormcaller,0,2,88.0,1666.0,19,14,5
22,Typhoon,12,Stormcaller,1,0,98.6,1149.0,12,14,-2
22,Typhoon,12,Stormcaller,1,1,98.6,1321.3,14,14,0
22,Typhoon,12,Stormcaller,1,2,98.6,1666.0,17,14,3
22,Typhoon,12,Stormcaller,2,0,119.7,1149.0,10,14,-4
22,Typhoon,12,Stormcaller,2,1,119.7,1321.3,12,14,-2
22,Typhoon,12,Stormcaller,2,2,119.7,1666.0,14,14,0
22,Typhoon,13,Sledgehammer,0,0,88.0,3478.0,40,40,0
22,Typhoon,13,Sledgehammer,0,1,88.0,3999.7,46,40,6
22,Typhoon,13,Sledgehammer,0,2,88.0,5043.1,58,40,18
22,Typhoon,13,Sledgehammer,1,0,98.6,3478.0,36,40,-4
22,Typhoon,13,Sledgehammer,1,1,98.6,3999.7,41,40,1
22,Typhoon,13,Sledgehammer,1,2,98.6,5043.1,52,40,12
22,Typhoon,13,Sledgehammer,2,0,119.7,3478.0,30,40,-10
22,Typhoon,13,Sledgehammer,2,1,119.7,3999.7,34,40,-6
22,Typhoon,13,Sledgehammer,2,2,119.7,5043.1,43,40,3
22,Typhoon,14,Hacker,0,0,88.0,3249.0,37,37,0
22,Typhoon,14,Hacker,0,1,88.0,3736.3,43,37,6
22,Typhoon,14,Hacker,0,2,88.0,4711.1,54,37,17
22,Typhoon,14,Hacker,1,0,98.6,3249.0,33,37,-4
22,Typhoon,14,Hacker,1,1,98.6,3736.3,38,37,1
22,Typhoon,14,Hacker,1,2,98.6,4711.1,48,37,11
22,Typhoon,14,Hacker,2,0,119.7,3249.0,28,37,-9
22,Typhoon,14,Hacker,2,1,119.7,3736.3,32,37,-5
22,Typhoon,14,Hacker,2,2,119.7,4711.1,40,37,3
22,Typhoon,15,Arclight,0,0,88.0,4813.0,55,55,0
22,Typhoon,15,Arclight,0,1,88.0,5534.9,63,55,8
22,Typhoon,15,Arclight,0,2,88.0,6978.8,80,55,25
22,Typhoon,15,Arclight,1,0,98.6,4813.0,49,55,-6
22,Typhoon,15,Arclight,1,1,98.6,5534.9,57,55,2
22,Typhoon,15,Arclight,1,2,98.6,6978.8,71,55,16
22,Typhoon,15,Arclight,2,0,119.7,4813.0,41,55,-14
22,Typhoon,15,Arclight,2,1,119.7,5534.9,47,55,-8
22,Typhoon,15,Arclight,2,2,119.7,6978.8,59,55,4
22,Typhoon,16,Phoenix,0,0,88.0,1491.0,17,17,0
22,Typhoon,16,Phoenix,0,1,88.0,1714.6,20,17,3
22,Typhoon,16,Phoenix,0,2,88.0,2161.9,25,17,8
22,Typhoon,16,Phoenix,1,0,98.6,1491.0,16,17,-1
22,Typhoon,16,Phoenix,1,1,98.6,1714.6,18,17,1
22,Typhoon,16,Phoenix,1,2,98.6,2161.9,22,17,5
22,Typhoon,16,Phoenix,2,0,119.7,1491.0,13,17,-4
22,Typhoon,16,Phoenix,2,1,119.7,1714.6,15,17,-2
22,Typhoon,16,Phoenix,2,2,119.7,2161.9,19,17,2
22,Typhoon,17,War Factory,0,0,88.0,113593.0,1291,1291,0
22,Typhoon,17,War Factory,0,1,88.0,130631.9,1485,1291,194
22,Typhoon,17,War Factory,0,2,88.0,164709.9,1872,1291,581
22,Typhoon,17,War Factory,1,0,98.6,113593.0,1153,1291,-138
22,Typhoon,17,War Factory,1,1,98.6,130631.9,1326,1291,35
22,Typhoon,17,War Factory,1,2,98.6,164709.9,1672,1291,381
22,Typhoon,17,War Factory,2,0,119.7,113593.0,950,1291,-341
22,Typhoon,17,War Factory,2,1,119.7,130631.9,1092,1291,-199
22,Typhoon,17,War Factory,2,2,119.7,164709.9,1377,1291,86
22,Typhoon,18,Wraith,0,0,88.0,14115.0,161,161,0
22,Typhoon,18,Wraith,0,1,88.0,16232.2,185,161,24
22,Typhoon,18,Wraith,0,2,88.0,20466.8,233,161,72
22,Typhoon,18,Wraith,1,0,98.6,14115.0,144,161,-17
22,Typhoon,18,Wraith,1,1,98.6,16232.2,165,161,4
22,Typhoon,18,Wraith,1,2,98.6,20466.8,208,161,47
22,Typhoon,18,Wraith,2,0,119.7,14115.0,118,161,-43
22,Typhoon,18,Wraith,2,1,119.7,16232.2,136,161,-25
22,Typhoon,18,Wraith,2,2,119.7,20466.8,172,161,11
22,Typhoon,19,Scorpion,0,0,88.0,18632.0,212,212,0
22,Typhoon,19,Scorpion,0,1,88.0,21426.8,244,212,32
22,Typhoon,19,Scorpion,0,2,88.0,27016.4,308,212,96
22,Typhoon,19,Scorpion,1,0,98.6,18632.0,190,212,-22
22,Typhoon,19,Scorpion,1,1,98.6,21426.8,218,212,6
22,Typhoon,19,Scorpion,1,2,98.6,27016.4,275,212,63
22,Typhoon,19,Scorpion,2,0,119.7,18632.0,156,212,-56
22,Typhoon,19,Scorpion,2,1,119.7,21426.8,180,212,-32
22,Typhoon,19,Scorpion,2,2,119.7,27016.4,226,212,14
22,Typhoon,20,Fire Badger,0,0,88.0,4222.0,48,48,0
22,Typhoon,20,Fire Badger,0,1,88.0,4855.3,56,48,8
22,Typhoon,20,Fire Badger,0,2,88.0,6121.9,70,48,22
22,Typhoon,20,Fire Badger,1,0,98.6,4222.0,43,48,-5
22,Typhoon,20,Fire Badger,1,1,98.6,4855.3,50,48,2
22,Typhoon,20,Fire Badger,1,2,98.6,6121.9,63,48,15
22,Typhoon,20,Fire Badger,2,0,119.7,4222.0,36,48,-12
22,Typhoon,20,Fire Badger,2,1,119.7,4855.3,41,48,-7
22,Typhoon,20,Fire Badger,2,2,119.7,6121.9,52,48,4
22,Typhoon,21,Sabertooth,0,0,88.0,14886.0,170,170,0
22,Typhoon,21,Sabertooth,0,1,88.0,17118.9,195,170,25
22,Typhoon,21,Sabertooth,0,2,88.0,21584.7,246,170,76
22,Typhoon,21,Sabertooth,1,0,98.6,14886.0,152,170,-18
22,Typhoon,21,Sabertooth,1,1,98.6,17118.9,174,170,4
22,Typhoon,21,Sabertooth,1,2,98.6,21584.7,220,170,50
22,Typhoon,21,Sabertooth,2,0,119.7,14886.0,125,170,-45
22,Typhoon,21,Sabertooth,2,1,119.7,17118.9,144,170,-26
22,Typhoon,21,Sabertooth,2,2,119.7,21584.7,181,170,11
22,Typhoon,22,Typhoon,0,0,88.0,9529.0,109,109,0
22,Typhoon,22,Typhoon,0,1,88.0,10958.3,125,109,16
22,Typhoon,22,Typhoon,0,2,88.0,13817.0,158,109,49
22,Typhoon,22,Typhoon,1,0,98.6,9529.0,97,109,-12
22,Typhoon,22,Typhoon,1,1,98.6,10958.3,112,109,3
22,Typhoon,22,Typhoon,1,2,98.6,13817.0,141,109,32
22,Typhoon,22,Typhoon,2,0,119.7,9529.0,80,109,-29
22,Typhoon,22,Typhoon,2,1,119.7,10958.3,92,109,-17
22,Typhoon,22,Typhoon,2,2,119.7,13817.0,116,109,7
22,Typhoon,23,Sandworm,0,0,88.0,48645.0,553,553,0
22,Typhoon,23,Sandworm,0,1,88.0,55941.7,636,553,83
22,Typhoon,23,Sandworm,0,2,88.0,70535.2,802,553,249
22,Typhoon,23,Sandworm,1,0,98.6,48645.0,494,553,-59
22,Typhoon,23,Sandworm,1,1,98.6,55941.7,568,553,15
22,Typhoon,23,Sandworm,1,2,98.6,70535.2,716,553,163
22,Typhoon,23,Sandworm,2,0,119.7,48645.0,407,553,-146
22,Typhoon,23,Sandworm,2,1,119.7,55941.7,468,553,-85
22,Typhoon,23,Sandworm,2,2,119.7,70535.2,590,553,37
22,Typhoon,24,Tarantula,0,0,88.0,14773.0,168,168,0
22,Typhoon,24,Tarantula,0,1,88.0,16988.9,194,168,26
22,Typhoon,24,Tarantula,0,2,88.0,21420.8,244,168,76
22,Typhoon,24,Tarantula,1,0,98.6,14773.0,150,168,-18
22,Typhoon,24,Tarantula,1,1,98.6,16988.9,173,168,5
22,Typhoon,24,Tarantula,1,2,98.6,21420.8,218,168,50
22,Typhoon,24,Tarantula,2,0,119.7,14773.0,124,168,-44
22,Typhoon,24,Tarantula,2,1,119.7,16988.9,142,168,-26
22,Typhoon,24,Tarantula,2,2,119.7,21420.8,179,168,11
22,Typhoon,25,Phantom Ray,0,0,88.0,3412.0,39,39,0
22,Typhoon,25,Phantom Ray,0,1,88.0,3923.8,45,39,6
22,Typhoon,25,Phantom Ray,0,2,88.0,4947.4,57,39,18
22,Typhoon,25,Phantom Ray,1,0,98.6,3412.0,35,39,-4
22,Typhoon,25,Phantom Ray,1,1,98.6,3923.8,40,39,1
22,Typhoon,25,Phantom Ray,1,2,98.6,4947.4,51,39,12
22,Typhoon,25,Phantom Ray,2,0,119.7,3412.0,29,39,-10
22,Typhoon,25,Phantom Ray,2,1,119.7,3923.8,33,39,-6
22,Typhoon,25,Phantom Ray,2,2,119.7,4947.4,42,39,3
22,Typhoon,26,Farseer,0,0,88.0,11991.0,137,137,0
22,Typhoon,26,Farseer,0,1,88.0,13789.6,157,137,20
22,Typhoon,26,Farseer,0,2,88.0,17387.0,198,137,61
22,Typhoon,26,Farseer,1,0,98.6,11991.0,122,137,-15
22,Typhoon,26,Farseer,1,1,98.6,13789.6,140,137,3
22,Typhoon,26,Farseer,1,2,98.6,17387.0,177,137,40
22,Typhoon,26,Farseer,2,0,119.7,11991.0,101,137,-36
22,Typhoon,26,Farseer,2,1,119.7,13789.6,116,137,-21
22,Typhoon,26,Farseer,2,2,119.7,17387.0,146,137,9
22,Typhoon,27,Raiden,0,0,88.0,16065.0,183,183,0
22,Typhoon,27,Raiden,0,1,88.0,18474.8,210,183,27
22,Typhoon,27,Raiden,0,2,88.0,23294.2,265,183,82
22,Typhoon,27,Raiden,1,0,98.6,16065.0,163,183,-20
22,Typhoon,27,Raiden,1,1,98.6,18474.8,188,183,5
22,Typhoon,27,Raiden,1,2,98.6,23294.2,237,183,54
22,Typhoon,27,Raiden,2,0,119.7,16065.0,135,183,-48
22,Typhoon,27,Raiden,2,1,119.7,18474.8,155,183,-28
22,Typhoon,27,Raiden,2,2,119.7,23294.2,195,183,12
22,Typhoon,28,Hound,0,0,88.0,879.0,10,10,0
22,Typhoon,28,Hound,0,1,88.0,1010.8,12,10,2
22,Typhoon,28,Hound,0,2,88.0,1274.5,15,10,5
22,Typhoon,28,Hound,1,0,98.6,879.0,9,10,-1
22,Typhoon,28,Hound,1,1,98.6,1010.8,11,10,1
22,Typhoon,28,Hound,1,2,98.6,1274.5,13,10,3
22,Typhoon,28,Hound,2,0,119.7,879.0,8,10,-2
22,Typhoon,28,Hound,2,1,119.7,1010.8,9,10,-1
22,Typhoon,28,Hound,2,2,119.7,1274.5,11,10,1
22,Typhoon,29,Abyss,0,0,88.0,66955.0,761,761,0
22,Typhoon,29,Abyss,0,1,88.0,76998.2,875,761,114
22,Typhoon,29,Abyss,0,2,88.0,97084.8,1104,761,343
22,Typhoon,29,Abyss,1,0,98.6,66955.0,680,761,-81
22,Typhoon,29,Abyss,1,1,98.6,76998.2,782,761,21
22,Typhoon,29,Abyss,1,2,98.6,97084.8,986,761,225
22,Typhoon,29,Abyss,2,0,119.7,66955.0,560,761,-201
22,Typhoon,29,Abyss,2,1,119.7,76998.2,644,761,-117
22,Typhoon,29,Abyss,2,2,119.7,97084.8,812,761,51
22,Typhoon,30,Void Eye,0,0,88.0,1522.0,18,18,0
22,Typhoon,30,Void Eye,0,1,88.0,1750.3,20,18,2
22,Typhoon,30,Void Eye,0,2,88.0,2206.9,26,18,8
22,Typhoon,30,Void Eye,1,0,98.6,1522.0,16,18,-2
22,Typhoon,30,Void Eye,1,1,98.6,1750.3,18,18,0
22,Typhoon,30,Void Eye,1,2,98.6,2206.9,23,18,5
22,Typhoon,30,Void Eye,2,0,119.7,1522.0,13,18,-5
22,Typhoon,30,Void Eye,2,1,119.7,1750.3,15,18,-3
22,Typhoon,30,Void Eye,2,2,119.7,2206.9,19,18,1
22,Typhoon,31,Vortex,0,0,88.0,7425.0,85,85,0
22,Typhoon,31,Vortex,0,1,88.0,8538.8,98,85,13
22,Typhoon,31,Vortex,0,2,88.0,10766.2,123,85,38
22,Typhoon,31,Vortex,1,0,98.6,7425.0,76,85,-9
22,Typhoon,31,Vortex,1,1,98.6,8538.8,87,85,2
22,Typhoon,31,Vortex,1,2,98.6,10766.2,110,85,25
22,Typhoon,31,Vortex,2,0,119.7,7425.0,63,85,-22
22,Typhoon,31,Vortex,2,1,119.7,8538.8,72,85,-13
22,Typhoon,31,Vortex,2,2,119.7,10766.2,90,85,5
22,Typhoon,2002,Mountain,0,0,88.0,136657.0,1553,1553,0
22,Typhoon,2002,Mountain,0,1,88.0,157155.5,1786,1553,233
22,Typhoon,2002,Mountain,0,2,88.0,198152.6,2252,1553,699
22,Typhoon,2002,Mountain,1,0,98.6,136657.0,1387,1553,-166
22,Typhoon,2002,Mountain,1,1,98.6,157155.5,1595,1553,42
22,Typhoon,2002,Mountain,1,2,98.6,198152.6,2011,1553,458
22,Typhoon,2002,Mountain,2,0,119.7,136657.0,1142,1553,-411
22,Typhoon,2002,Mountain,2,1,119.7,157155.5,1314,1553,-239
22,Typhoon,2002,Mountain,2,2,119.7,198152.6,1656,1553,103
23,Sandworm,1,Fortress,0,0,9726.0,43938.0,5,5,0
23,Sandworm,1,Fortress,0,1,9726.0,50528.7,6,5,1
23,Sandworm,1,Fortress,0,2,9726.0,63710.1,7,5,2
23,Sandworm,1,Fortress,1,0,10893.1,43938.0,5,5,0
23,Sandworm,1,Fortress,1,1,10893.1,50528.7,5,5,0
23,Sandworm,1,Fortress,1,2,10893.1,63710.1,6,5,1
23,Sandworm,1,Fortress,2,0,13227.4,43938.0,4,5,-1
23,Sandworm,1,Fortress,2,1,13227.4,50528.7,4,5,-1
23,Sandworm,1,Fortress,2,2,13227.4,63710.1,5,5,0
23,Sandworm,2,Marksman,0,0,9726.0,1622.0,1,1,0
23,Sandworm,2,Marksman,0,1,9726.0,1865.3,1,1,0
23,Sandworm,2,Marksman,0,2,9726.0,2351.9,1,1,0
23,Sandworm,2,Marksman,1,0,10893.1,1622.0,1,1,0
23,Sandworm,2,Marksman,1,1,10893.1,1865.3,1,1,0
23,Sandworm,2,Marksman,1,2,10893.1,2351.9,1,1,0
23,Sandworm,2,Marksman,2,0,13227.4,1622.0,1,1,0
23,Sandworm,2,Marksman,2,1,13227.4,1865.3,1,1,0
23,Sandworm,2,Marksman,2,2,13227.4,2351.9,1,1,0
23,Sandworm,3,Vulcan,0,0,9726.0,30279.0,4,4,0
23,Sandworm,3,Vulcan,0,1,9726.0,34820.8,4,4,0
23,Sandworm,3,Vulcan,0,2,9726.0,43904.5,5,4,1
23,Sandworm,3,Vulcan,1,0,10893.1,30279.0,3,4,-1
23,Sandworm,3,Vulcan,1,1,10893.1,34820.8,4,4,0
23,Sandworm,3,Vulcan,1,2,10893.1,43904.5,5,4,1
23,Sandworm,3,Vulcan,2,0,13227.4,30279.0,3,4,-1
23,Sandworm,3,Vulcan,2,1,13227.4,34820.8,3,4,-1
23,Sandworm,3,Vulcan,2,2,13227.4,43904.5,4,4,0
23,Sandworm,4,Melting Point,0,0,9726.0,30907.0,4,4,0
23,Sandworm,4,Melting Point,0,1,9726.0,35543.0,4,4,0
23,Sandworm,4,Melting Point,0,2,9726.0,44815.2,5,4,1
23,Sandworm,4,Melting Point,1,0,10893.1,30907.0,3,4,-1
23,Sandworm,4,Melting Point,1,1,10893.1,35543.0,4,4,0
23,Sandworm,4,Melting Point,1,2,10893.1,44815.2,5,4,1
23,Sandworm,4,Melting Point,2,0,13227.4,30907.0,3,4,-1
23,Sandworm,4,Melting Point,2,1,13227.4,35543.0,3,4,-1
23,Sandworm,4,Melting Point,2,2,13227.4,44815.2,4,4,0
23,Sandworm,5,Rhino,0,0,9726.0,19297.0,2,2,0
23,Sandworm,5,Rhino,0,1,9726.0,22191.5,3,2,1
23,Sandworm,5,Rhino,0,2,9726.0,27980.6,3,2,1
23,Sandworm,5,Rhino,1,0,10893.1,19297.0,2,2,0
23,Sandworm,5,Rhino,1,1,10893.1,22191.5,3,2,1
23,Sandworm,5,Rhino,1,2,10893.1,27980.6,3,2,1
23,Sandworm,5,Rhino,2,0,13227.4,19297.0,2,2,0
23,Sandworm,5,Rhino,2,1,13227.4,22191.5,2,2,0
23,Sandworm,5,Rhino,2,2,13227.4,27980.6,3,2,1
23,Sandworm,7,Mustang,0,0,9726.0,343.0,1,1,0
23,Sandworm,7,Mustang,0,1,9726.0,394.4,1,1,0
23,Sandworm,7,Mustang,0,2,9726.0,497.3,1,1,0
23,Sandworm,7,Mustang,1,0,10893.1,343.0,1,1,0
23,Sandworm,7,Mustang,1,1,10893.1,394.4,1,1,0
23,Sandworm,7,Mustang,1,2,10893.1,497.3,1,1,0
23,Sandworm,7,Mustang,2,0,13227.4,343.0,1,1,0
23,Sandworm,7,Mustang,2,1,13227.4,394.4,1,1,0
23,Sandworm,7,Mustang,2,2,13227.4,497.3,1,1,0
23,Sandworm,8,Steel Ball,0,0,9726.0,4571.0,1,1,0
23,Sandworm,8,Steel Ball,0,1,9726.0,5256.6,1,1,0
23,Sandworm,8,Steel Ball,0,2,9726.0,6627.9,1,1,0
23,Sandworm,8,Steel Ball,1,0,10893.1,4571.0,1,1,0
23,Sandworm,8,Steel Ball,1,1,10893.1,5256.6,1,1,0
23,Sandworm,8,Steel Ball,1,2,10893.1,6627.9,1,1,0
23,Sandworm,8,Steel Ball,2,0,13227.4,4571.0,1,1,0
23,Sandworm,8,Steel Ball,2,1,13227.4,5256.6,1,1,0
23,Sandworm,8,Steel Ball,2,2,13227.4,6627.9,1,1,0
23,Sandworm,9,Fang,0,0,9726.0,117.0,1,1,0
23,Sandworm,9,Fang,0,1,9726.0,134.5,1,1,0
23,Sandworm,9,Fang,0,2,9726.0,169.7,1,1,0
23,Sandworm,9,Fang,1,0,10893.1,117.0,1,1,0
23,Sandworm,9,Fang,1,1,10893.1,134.5,1,1,0
23,Sandworm,9,Fang,1,2,10893.1,169.7,1,1,0
23,Sandworm,9,Fang,2,0,13227.4,117.0,1,1,0
23,Sandworm,9,Fang,2,1,13227.4,134.5,1,1,0
23,Sandworm,9,Fang,2,2,13227.4,169.7,1,1,0
23,Sandworm,10,Crawler,0,0,9726.0,263.0,1,1,0
23,Sandworm,10,Crawler,0,1,9726.0,302.4,1,1,0
23,Sandworm,10,Crawler,0,2,9726.0,381.3,1,1,0
23,Sandworm,10,Crawler,1,0,10893.1,263.0,1,1,0
23,Sandworm,10,Crawler,1,1,10893.1,302.4,1,1,0
23,Sandworm,10,Crawler,1,2,10893.1,381.3,1,1,0
23,Sandworm,10,Crawler,2,0,13227.4,263.0,1,1,0
23,Sandworm,10,Crawler,2,1,13227.4,302.4,1,1,0
23,Sandworm,10,Crawler,2,2,13227.4,381.3,1,1,0
23,Sandworm,12,Stormcaller,0,0,9726.0,1149.0,1,1,0
23,Sandworm,12,Stormcaller,0,1,9726.0,1321.3,1,1,0
23,Sandworm,12,Stormcaller,0,2,9726.0,1666.0,1,1,0
23,Sandworm,12,Stormcaller,1,0,10893.1,1149.0,1,1,0
23,Sandworm,12,Stormcaller,1,1,10893.1,1321.3,1,1,0
23,Sandworm,12,Stormcaller,1,2,10893.1,1666.0,1,1,0
23,Sandworm,12,Stormcaller,2,0,13227.4,1149.0,1,1,0
23,Sandworm,12,Stormcaller,2,1,13227.4,1321.3,1,1,0
23,Sandworm,12,Stormcaller,2,2,13227.4,1666.0,1,1,0
23,Sandworm,13,Sledgehammer,0,0,9726.0,3478.0,1,1,0
23,Sandworm,13,Sledgehammer,0,1,9726.0,3999.7,1,1,0
23,Sandworm,13,Sledgehammer,0,2,9726.0,5043.1,1,1,0
23,Sandworm,13,Sledgehammer,1,0,10893.1,3478.0,1,1,0
23,Sandworm,13,Sledgehammer,1,1,10893.1,3999.7,1,1,0
23,Sandworm,13,Sledgehammer,1,2,10893.1,5043.1,1,1,0
23,Sandworm,13,Sledgehammer,2,0,13227.4,3478.0,1,1,0
23,Sandworm,13,Sledgehammer,2,1,13227.4,3999.7,1,1,0
23,Sandworm,13,Sledgehammer,2,2,13227.4,5043.1,1,1,0
23,Sandworm,14,Hacker,0,0,9726.0,3249.0,1,1,0
23,Sandworm,14,Hacker,0,1,9726.0,3736.3,1,1,0
23,Sandworm,14,Hacker,0,2,9726.0,4711.1,1,1,0
23,Sandworm,14,Hacker,1,0,10893.1,3249.0,1,1,0
23,Sandworm,14,Hacker,1,1,10893.1,3736.3,1,1,0
23,Sandworm,14,Hacker,1,2,10893.1,4711.1,1,1,0
23,Sandworm,14,Hacker,2,0,13227.4,3249.0,1,1,0
23,Sandworm,14,Hacker,2,1,13227.4,3736.3,1,1,0
23,Sandworm,14,Hacker,2,2,13227.4,4711.1,1,1,0
23,Sandworm,15,Arclight,0,0,9726.0,4813.0,1,1,0
23,Sandworm,15,Arclight,0,1,9726.0,5534.9,1,1,0
23,Sandworm,15,Arclight,0,2,9726.0,6978.8,1,1,0
23,Sandworm,15,Arclight,1,0,10893.1,4813.0,1,1,0
23,Sandworm,15,Arclight,1,1,10893.1,5534.9,1,1,0
23,Sandworm,15,Arclight,1,2,10893.1,6978.8,1,1,0
23,Sandworm,15,Arclight,2,0,13227.4,4813.0,1,1,0
23,Sandworm,15,Arclight,2,1,13227.4,5534.9,1,1,0
23,Sandworm,15,Arclight,2,2,13227.4,6978.8,1,1,0
23,Sandworm,17,War Factory,0,0,9726.0,113593.0,12,12,0
23,Sandworm,17,War Factory,0,1,9726.0,130631.9,14,12,2
23,Sandworm,17,War Factory,0,2,9726.0,164709.9,17,12,5
23,Sandworm,17,War Factory,1,0,10893.1,113593.0,11,12,-1
23,Sandworm,17,War Factory,1,1,10893.1,130631.9,12,12,0
23,Sandworm,17,War Factory,1,2,10893.1,164709.9,16,12,4
23,Sandworm,17,War Factory,2,0,13227.4,113593.0,9,12,-3
23,Sandworm,17,War Factory,2,1,13227.4,130631.9,10,12,-2
23,Sandworm,17,War Factory,2,2,13227.4,164709.9,13,12,1
23,Sandworm,19,Scorpion,0,0,9726.0,18632.0,2,2,0
23,Sandworm,19,Scorpion,0,1,9726.0,21426.8,3,2,1
23,Sandworm,19,Scorpion,0,2,9726.0,27016.4,3,2,1
23,Sandworm,19,Scorpion,1,0,10893.1,18632.0,2,2,0
23,Sandworm,19,Scorpion,1,1,10893.1,21426.8,2,2,0
23,Sandworm,19,Scorpion,1,2,10893.1,27016.4,3,2,1
23,Sandworm,19,Scorpion,2,0,13227.4,18632.0,2,2,0
23,Sandworm,19,Scorpion,2,1,13227.4,21426.8,2,2,0
23,Sandworm,19,Scorpion,2,2,13227.4,27016.4,3,2,1
23,Sandworm,20,Fire Badger,0,0,9726.0,4222.0,1,1,0
23,Sandworm,20,Fire Badger,0,1,9726.0,4855.3,1,1,0
23,Sandworm,20,Fire Badger,0,2,9726.0,6121.9,1,1,0
23,Sandworm,20,Fire Badger,1,0,10893.1,4222.0,1,1,0
23,Sandworm,20,Fire Badger,1,1,10893.1,4855.3,1,1,0
23,Sandworm,20,Fire Badger,1,2,10893.1,6121.9,1,1,0
23,Sandworm,20,Fire Badger,2,0,13227.4,4222.0,1,1,0
23,Sandworm,20,Fire Badger,2,1,13227.4,4855.3,1,1,0
23,Sandworm,20,Fire Badger,2,2,13227.4,6121.9,1,1,0
23,Sandworm,21,Sabertooth,0,0,9726.0,14886.0,2,2,0
23,Sandworm,21,Sabertooth,0,1,9726.0,17118.9,2,2,0
23,Sandworm,21,Sabertooth,0,2,9726.0,21584.7,3,2,1
23,Sandworm,21,Sabertooth,1,0,10893.1,14886.0,2,2,0
23,Sandworm,21,Sabertooth,1,1,10893.1,17118.9,2,2,0
23,Sandworm,21,Sabertooth,1,2,10893.1,21584.7,2,2,0
23,Sandworm,21,Sabertooth,2,0,13227.4,14886.0,2,2,0
23,Sandworm,21,Sabertooth,2,1,13227.4,17118.9,2,2,0
23,Sandworm,21,Sabertooth,2,2,13227.4,21584.7,2,2,0
23,Sandworm,22,Typhoon,0,0,9726.0,9529.0,1,1,0
23,Sandworm,22,Typhoon,0,1,9726.0,10958.3,2,1,1
23,Sandworm,22,Typhoon,0,2,9726.0,13817.0,2,1,1
23,Sandworm,22,Typhoon,1,0,10893.1,9529.0,1,1,0
23,Sandworm,22,Typhoon,1,1,10893.1,10958.3,2,1,1
23,Sandworm,22,Typhoon,1,2,10893.1,13817.0,2,1,1
23,Sandworm,22,Typhoon,2,0,13227.4,9529.0,1,1,0
23,Sandworm,22,Typhoon,2,1,13227.4,10958.3,1,1,0
23,Sandworm,22,Typhoon,2,2,13227.4,13817.0,2,1,1
23,Sandworm,23,Sandworm,0,0,9726.0,48645.0,6,6,0
23,Sandworm,23,Sandworm,0,1,9726.0,55941.7,6,6,0
23,Sandworm,23,Sandworm,0,2,9726.0,70535.2,8,6,2
23,Sandworm,23,Sandworm,1,0,10893.1,48645.0,5,6,-1
23,Sandworm,23,Sandworm,1,1,10893.1,55941.7,6,6,0
23,Sandworm,23,Sandworm,1,2,10893.1,70535.2,7,6,1
23,Sandworm,23,Sandworm,2,0,13227.4,48645.0,4,6,-2
23,Sandworm,23,Sandworm,2,1,13227.4,55941.7,5,6,-1
23,Sandworm,23,Sandworm,2,2,13227.4,70535.2,6,6,0
23,Sandworm,24,Tarantula,0,0,9726.0,14773.0,2,2,0
23,Sandworm,24,Tarantula,0,1,9726.0,16988.9,2,2,0
23,Sandworm,24,Tarantula,0,2,9726.0,21420.8,3,2,1
23,Sandworm,24,Tarantula,1,0,10893.1,14773.0,2,2,0
23,Sandworm,24,Tarantula,1,1,10893.1,16988.9,2,2,0
23,Sandworm,24,Tarantula,1,2,10893.1,21420.8,2,2,0
23,Sandworm,24,Tarantula,2,0,13227.4,14773.0,2,2,0
23,Sandworm,24,Tarantula,2,1,13227.4,16988.9,2,2,0
23,Sandworm,24,Tarantula,2,2,13227.4,21420.8,2,2,0
23,Sandworm,26,Farseer,0,0,9726.0,11991.0,2,2,0
23,Sandworm,26,Farseer,0,1,9726.0,13789.6,2,2,0
23,Sandworm,26,Farseer,0,2,9726.0,17387.0,2,2,0
23,Sandworm,26,Farseer,1,0,10893.1,11991.0,2,2,0
23,Sandworm,26,Farseer,1,1,10893.1,13789.6,2,2,0
23,Sandworm,26,Farseer,1,2,10893.1,17387.0,2,2,0
23,Sandworm,26,Farseer,2,0,13227.4,11991.0,1,2,-1
23,Sandworm,26,Farseer,2,1,13227.4,13789.6,2,2,0
23,Sandworm,26,Farseer,2,2,13227.4,17387.0,2,2,0
23,Sandworm,28,Hound,0,0,9726.0,879.0,1,1,0
23,Sandworm,28,Hound,0,1,9726.0,1010.8,1,1,0
23,Sandworm,28,Hound,0,2,9726.0,1274.5,1,1,0
23,Sandworm,28,Hound,1,0,10893.1,879.0,1,1,0
23,Sandworm,28,Hound,1,1,10893.1,1010.8,1,1,0
23,Sandworm,28,Hound,1,2,10893.1,1274.5,1,1,0
23,Sandworm,28,Hound,2,0,13227.4,879.0,1,1,0
23,Sandworm,28,Hound,2,1,13227.4,1010.8,1,1,0
23,Sandworm,28,Hound,2,2,13227.4,1274.5,1,1,0
23,Sandworm,30,Void Eye,0,0,9726.0,1522.0,1,1,0
23,Sandworm,30,Void Eye,0,1,9726.0,1750.3,1,1,0
23,Sandworm,30,Void Eye,0,2,9726.0,2206.9,1,1,0
23,Sandworm,30,Void Eye,1,0,10893.1,1522.0,1,1,0
23,Sandworm,30,Void Eye,1,1,10893.1,1750.3,1,1,0
23,Sandworm,30,Void Eye,1,2,10893.1,2206.9,1,1,0
23,Sandworm,30,Void Eye,2,0,13227.4,1522.0,1,1,0
23,Sandworm,30,Void Eye,2,1,13227.4,1750.3,1,1,0
23,Sandworm,30,Void Eye,2,2,13227.4,2206.9,1,1,0
23,Sandworm,31,Vortex,0,0,9726.0,7425.0,1,1,0
23,Sandworm,31,Vortex,0,1,9726.0,8538.8,1,1,0
23,Sandworm,31,Vortex,0,2,9726.0,10766.2,2,1,1
23,Sandworm,31,Vortex,1,0,10893.1,7425.0,1,1,0
23,Sandworm,31,Vortex,1,1,10893.1,8538.8,1,1,0
23,Sandworm,31,Vortex,1,2,10893.1,10766.2,1,1,0
23,Sandworm,31,Vortex,2,0,13227.4,7425.0,1,1,0
23,Sandworm,31,Vortex,2,1,13227.4,8538.8,1,1,0
23,Sandworm,31,Vortex,2,2,13227.4,10766.2,1,1,0
23,Sandworm,2002,Mountain,0,0,9726.0,136657.0,15,15,0
23,Sandworm,2002,Mountain,0,1,9726.0,157155.5,17,15,2
23,Sandworm,2002,Mountain,0,2,9726.0,198152.6,21,15,6
23,Sandworm,2002,Mountain,1,0,10893.1,136657.0,13,15,-2
23,Sandworm,2002,Mountain,1,1,10893.1,157155.5,15,15,0
23,Sandworm,2002,Mountain,1,2,10893.1,198152.6,19,15,4
23,Sandworm,2002,Mountain,2,0,13227.4,136657.0,11,15,-4
23,Sandworm,2002,Mountain,2,1,13227.4,157155.5,12,15,-3
23,Sandworm,2002,Mountain,2,2,13227.4,198152.6,15,15,0
24,Tarantula,1,Fortress,0,0,496.0,43938.0,89,89,0
24,Tarantula,1,Fortress,0,1,496.0,50528.7,102,89,13
24,Tarantula,1,Fortress,0,2,496.0,63710.1,129,89,40
24,Tarantula,1,Fortress,1,0,555.5,43938.0,80,89,-9
24,Tarantula,1,Fortress,1,1,555.5,50528.7,91,89,2
24,Tarantula,1,Fortress,1,2,555.5,63710.1,115,89,26
24,Tarantula,1,Fortress,2,0,674.6,43938.0,66,89,-23
24,Tarantula,1,Fortress,2,1,674.6,50528.7,75,89,-14
24,Tarantula,1,Fortress,2,2,674.6,63710.1,95,89,6
24,Tarantula,2,Marksman,0,0,496.0,1622.0,4,4,0
24,Tarantula,2,Marksman,0,1,496.0,1865.3,4,4,0
24,Tarantula,2,Marksman,0,2,496.0,2351.9,5,4,1
24,Tarantula,2,Marksman,1,0,555.5,1622.0,3,4,-1
24,Tarantula,2,Marksman,1,1,555.5,1865.3,4,4,0
24,Tarantula,2,Marksman,1,2,555.5,2351.9,5,4,1
24,Tarantula,2,Marksman,2,0,674.6,1622.0,3,4,-1
24,Tarantula,2,Marksman,2,1,674.6,1865.3,3,4,-1
24,Tarantula,2,Marksman,2,2,674.6,2351.9,4,4,0
24,Tarantula,3,Vulcan,0,0,496.0,30279.0,62,62,0
24,Tarantula,3,Vulcan,0,1,496.0,34820.8,71,62,9
24,Tarantula,3,Vulcan,0,2,496.0,43904.5,89,62,27
24,Tarantula,3,Vulcan,1,0,555.5,30279.0,55,62,-7
24,Tarantula,3,Vulcan,1,1,555.5,34820.8,63,62,1
24,Tarantula,3,Vulcan,1,2,555.5,43904.5,80,62,18
24,Tarantula,3,Vulcan,2,0,674.6,30279.0,45,62,-17
24,Tarantula,3,Vulcan,2,1,674.6,34820.8,52,62,-10
24,Tarantula,3,Vulcan,2,2,674.6,43904.5,66,62,4
24,Tarantula,4,Melting Point,0,0,496.0,30907.0,63,63,0
24,Tarantula,4,Melting Point,0,1,496.0,35543.0,72,63,9
24,Tarantula,4,Melting Point,0,2,496.0,44815.2,91,63,28
24,Tarantula,4,Melting Point,1,0,555.5,30907.0,56,63,-7
24,Tarantula,4,Melting Point,1,1,555.5,35543.0,64,63,1
24,Tarantula,4,Melting Point,1,2,555.5,44815.2,81,63,18
24,Tarantula,4,Melting Point,2,0,674.6,30907.0,46,63,-17
24,Tarantula,4,Melting Point,2,1,674.6,35543.0,53,63,-10
24,Tarantula,4,Melting Point,2,2,674.6,44815.2,67,63,4
24,Tarantula,5,Rhino,0,0,496.0,19297.0,39,39,0
24,Tarantula,5,Rhino,0,1,496.0,22191.5,45,39,6
24,Tarantula,5,Rhino,0,2,496.0,27980.6,57,39,18
24,Tarantula,5,Rhino,1,0,555.5,19297.0,35,39,-4
24,Tarantula,5,Rhino,1,1,555.5,22191.5,40,39,1
24,Tarantula,5,Rhino,1,2,555.5,27980.6,51,39,12
24,Tarantula,5,Rhino,2,0,674.6,19297.0,29,39,-10
24,Tarantula,5,Rhino,2,1,674.6,22191.5,33,39,-6
24,Tarantula,5,Rhino,2,2,674.6,27980.6,42,39,3
24,Tarantula,7,Mustang,0,0,496.0,343.0,1,1,0
24,Tarantula,7,Mustang,0,1,496.0,394.4,1,1,0
24,Tarantula,7,Mustang,0,2,496.0,497.3,2,1,1
24,Tarantula,7,Mustang,1,0,555.5,343.0,1,1,0
24,Tarantula,7,Mustang,1,1,555.5,394.4,1,1,0
24,Tarantula,7,Mustang,1,2,555.5,497.3,1,1,0
24,Tarantula,7,Mustang,2,0,674.6,343.0,1,1,0
24,Tarantula,7,Mustang,2,1,674.6,394.4,1,1,0
24,Tarantula,7,Mustang,2,2,674.6,497.3,1,1,0
24,Tarantula,8,Steel Ball,0,0,496.0,4571.0,10,10,0
24,Tarantula,8,Steel Ball,0,1,496.0,5256.6,11,10,1
24,Tarantula,8,Steel Ball,0,2,496.0,6627.9,14,10,4
24,Tarantula,8,Steel Ball,1,0,555.5,4571.0,9,10,-1
24,Tarantula,8,Steel Ball,1,1,555.5,5256.6,10,10,0
24,Tarantula,8,Steel Ball,1,2,555.5,6627.9,12,10,2
24,Tarantula,8,Steel Ball,2,0,674.6,4571.0,7,10,-3
24,Tarantula,8,Steel Ball,2,1,674.6,5256.6,8,10,-2
24,Tarantula,8,Steel Ball,2,2,674.6,6627.9,10,10,0
24,Tarantula,9,Fang,0,0,496.0,117.0,1,1,0
24,Tarantula,9,Fang,0,1,496.0,134.5,1,1,0
24,Tarantula,9,Fang,0,2,496.0,169.7,1,1,0
24,Tarantula,9,Fang,1,0,555.5,117.0,1,1,0
24,Tarantula,9,Fang,1,1,555.5,134.5,1,1,0
24,Tarantula,9,Fang,1,2,555.5,169.7,1,1,0
24,Tarantula,9,Fang,2,0,674.6,117.0,1,1,0
24,Tarantula,9,Fang,2,1,674.6,134.5,1,1,0
24,Tarantula,9,Fang,2,2,674.6,169.7,1,1,0
24,Tarantula,10,Crawler,0,0,496.0,263.0,1,1,0
24,Tarantula,10,Crawler,0,1,496.0,302.4,1,1,0
24,Tarantula,10,Crawler,0,2,496.0,381.3,1,1,0
24,Tarantula,10,Crawler,1,0,555.5,263.0,1,1,0
24,Tarantula,10,Crawler,1,1,555.5,302.4,1,1,0
24,Tarantula,10,Crawler,1,2,555.5,381.3,1,1,0
24,Tarantula,10,Crawler,2,0,674.6,263.0,1,1,0
24,Tarantula,10,Crawler,2,1,674.6,302.4,1,1,0
24,Tarantula,10,Crawler,2,2,674.6,381.3,1,1,0
24,Tarantula,12,Stormcaller,0,0,496.0,1149.0,3,3,0
24,Tarantula,12,Stormcaller,0,1,496.0,1321.3,3,3,0
24,Tarantula,12,Stormcaller,0,2,496.0,1666.0,4,3,1
24,Tarantula,12,Stormcaller,1,0,555.5,1149.0,3,3,0
24,Tarantula,12,Stormcaller,1,1,555.5,1321.3,3,3,0
24,Tarantula,12,Stormcaller,1,2,555.5,1666.0,3,3,0
24,Tarantula,12,Stormcaller,2,0,674.6,1149.0,2,3,-1
24,Tarantula,12,Stormcaller,2,1,674.6,1321.3,2,3,-1
24,Tarantula,12,Stormcaller,2,2,674.6,1666.0,3,3,0
24,Tarantula,13,Sledgehammer,0,0,496.0,3478.0,8,8,0
24,Tarantula,13,Sledgehammer,0,1,496.0,3999.7,9,8,1
24,Tarantula,13,Sledgehammer,0,2,496.0,5043.1,11,8,3
24,Tarantula,13,Sledgehammer,1,0,555.5,3478.0,7,8,-1
24,Tarantula,13,Sledgehammer,1,1,555.5,3999.7,8,8,0
24,Tarantula,13,Sledgehammer,1,2,555.5,5043.1,10,8,2
24,Tarantula,13,Sledgehammer,2,0,674.6,3478.0,6,8,-2
24,Tarantula,13,Sledgehammer,2,1,674.6,3999.7,6,8,-2
24,Tarantula,13,Sledgehammer,2,2,674.6,5043.1,8,8,0
24,Tarantula,14,Hacker,0,0,496.0,3249.0,7,7,0
24,Tarantula,14,Hacker,0,1,496.0,3736.3,8,7,1
24,Tarantula,14,Hacker,0,2,496.0,4711.1,10,7,3
24,Tarantula,14,Hacker,1,0,555.5,3249.0,6,7,-1
24,Tarantula,14,Hacker,1,1,555.5,3736.3,7,7,0
24,Tarantula,14,Hacker,1,2,555.5,4711.1,9,7,2
24,Tarantula,14,Hacker,2,0,674.6,3249.0,5,7,-2
24,Tarantula,14,Hacker,2,1,674.6,3736.3,6,7,-1
24,Tarantula,14,Hacker,2,2,674.6,4711.1,7,7,0
24,Tarantula,15,Arclight,0,0,496.0,4813.0,10,10,0
24,Tarantula,15,Arclight,0,1,496.0,5534.9,12,10,2
24,Tarantula,15,Arclight,0,2,496.0,6978.8,15,10,5
24,Tarantula,15,Arclight,1,0,555.5,4813.0,9,10,-1
24,Tarantula,15,Arclight,1,1,555.5,5534.9,10,10,0
24,Tarantula,15,Arclight,1,2,555.5,6978.8,13,10,3
24,Tarantula,15,Arclight,2,0,674.6,4813.0,8,10,-2
24,Tarantula,15,Arclight,2,1,674.6,5534.9,9,10,-1
24,Tarantula,15,Arclight,2,2,674.6,6978.8,11,10,1
24,Tarantula,17,War Factory,0,0,496.0,113593.0,230,230,0
24,Tarantula,17,War Factory,0,1,496.0,130631.9,264,230,34
24,Tarantula,17,War Factory,0,2,496.0,164709.9,333,230,103
24,Tarantula,17,War Factory,1,0,555.5,113593.0,205,230,-25
24,Tarantula,17,War Factory,1,1,555.5,130631.9,236,230,6
24,Tarantula,17,War Factory,1,2,555.5,164709.9,297,230,67
24,Tarantula,17,War Factory,2,0,674.6,113593.0,169,230,-61
24,Tarantula,17,War Factory,2,1,674.6,130631.9,194,230,-36
24,Tarantula,17,War Factory,2,2,674.6,164709.9,245,230,15
24,Tarantula,19,Scorpion,0,0,496.0,18632.0,38,38,0
24,Tarantula,19,Scorpion,0,1,496.0,21426.8,44,38,6
24,Tarantula,19,Scorpion,0,2,496.0,27016.4,55,38,17
24,Tarantula,19,Scorpion,1,0,555.5,18632.0,34,38,-4
24,Tarantula,19,Scorpion,1,1,555.5,21426.8,39,38,1
24,Tarantula,19,Scorpion,1,2,555.5,27016.4,49,38,11
24,Tarantula,19,Scorpion,2,0,674.6,18632.0,28,38,-10
24,Tarantula,19,Scorpion,2,1,674.6,21426.8,32,38,-6
24,Tarantula,19,Scorpion,2,2,674.6,27016.4,41,38,3
24,Tarantula,20,Fire Badger,0,0,496.0,4222.0,9,9,0
24,Tarantula,20,Fire Badger,0,1,496.0,4855.3,10,9,1
24,Tarantula,20,Fire Badger,0,2,496.0,6121.9,13,9,4
24,Tarantula,20,Fire Badger,1,0,555.5,4222.0,8,9,-1
24,Tarantula,20,Fire Badger,1,1,555.5,4855.3,9,9,0
24,Tarantula,20,Fire Badger,1,2,555.5,6121.9,12,9,3
24,Tarantula,20,Fire Badger,2,0,674.6,4222.0,7,9,-2
24,Tarantula,20,Fire Badger,2,1,674.6,4855.3,8,9,-1
24,Tarantula,20,Fire Badger,2,2,674.6,6121.9,10,9,1
24,Tarantula,21,Sabertooth,0,0,496.0,14886.0,31,31,0
24,Tarantula,21,Sabertooth,0,1,496.0,17118.9,35,31,4
24,Tarantula,21,Sabertooth,0,2,496.0,21584.7,44,31,13
24,Tarantula,21,Sabertooth,1,0,555.5,14886.0,27,31,-4
24,Tarantula,21,Sabertooth,1,1,555.5,17118.9,31,31,0
24,Tarantula,21,Sabertooth,1,2,555.5,21584.7,39,31,8
24,Tarantula,21,Sabertooth,2,0,674.6,14886.0,23,31,-8
24,Tarantula,21,Sabertooth,2,1,674.6,17118.9,26,31,-5
24,Tarantula,21,Sabertooth,2,2,674.6,21584.7,32,31,1
24,Tarantula,22,Typhoon,0,0,496.0,9529.0,20,20,0
24,Tarantula,22,Typhoon,0,1,496.0,10958.3,23,20,3
24,Tarantula,22,Typhoon,0,2,496.0,13817.0,28,20,8
24,Tarantula,22,Typhoon,1,0,555.5,9529.0,18,20,-2
24,Tarantula,22,Typhoon,1,1,555.5,10958.3,20,20,0
24,Tarantula,22,Typhoon,1,2,555.5,13817.0,25,20,5
24,Tarantula,22,Typhoon,2,0,674.6,9529.0,15,20,-5
24,Tarantula,22,Typhoon,2,1,674.6,10958.3,17,20,-3
24,Tarantula,22,Typhoon,2,2,674.6,13817.0,21,20,1
24,Tarantula,23,Sandworm,0,0,496.0,48645.0,99,99,0
24,Tarantula,23,Sandworm,0,1,496.0,55941.7,113,99,14
24,Tarantula,23,Sandworm,0,2,496.0,70535.2,143,99,44
24,Tarantula,23,Sandworm,1,0,555.5,48645.0,88,99,-11
24,Tarantula,23,Sandworm,1,1,555.5,55941.7,101,99,2
24,Tarantula,23,Sandworm,1,2,555.5,70535.2,127,99,28
24,Tarantula,23,Sandworm,2,0,674.6,48645.0,73,99,-26
24,Tarantula,23,Sandworm,2,1,674.6,55941.7,83,99,-16
24,Tarantula,23,Sandworm,2,2,674.6,70535.2,105,99,6
24,Tarantula,24,Tarantula,0,0,496.0,14773.0,30,30,0
24,Tarantula,24,Tarantula,0,1,496.0,16988.9,35,30,5
24,Tarantula,24,Tarantula,0,2,496.0,21420.8,44,30,14
24,Tarantula,24,Tarantula,1,0,555.5,14773.0,27,30,-3
24,Tarantula,24,Tarantula,1,1,555.5,16988.9,31,30,1
24,Tarantula,24,Tarantula,1,2,555.5,21420.8,39,30,9
24,Tarantula,24,Tarantula,2,0,674.6,14773.0,22,30,-8
24,Tarantula,24,Tarantula,2,1,674.6,16988.9,26,30,-4
24,Tarantula,24,Tarantula,2,2,674.6,21420.8,32,30,2
24,Tarantula,26,Farseer,0,0,496.0,11991.0,25,25,0
24,Tarantula,26,Farseer,0,1,496.0,13789.6,28,25,3
24,Tarantula,26,Farseer,0,2,496.0,17387.0,36,25,11
24,Tarantula,26,Farseer,1,0,555.5,11991.0,22,25,-3
24,Tarantula,26,Farseer,1,1,555.5,13789.6,25,25,0
24,Tarantula,26,Farseer,1,2,555.5,17387.0,32,25,7
24,Tarantula,26,Farseer,2,0,674.6,11991.0,18,25,-7
24,Tarantula,26,Farseer,2,1,674.6,13789.6,21,25,-4
24,Tarantula,26,Farseer,2,2,674.6,17387.0,26,25,1
24,Tarantula,28,Hound,0,0,496.0,879.0,2,2,0
24,Tarantula,28,Hound,0,1,496.0,1010.8,3,2,1
24,Tarantula,28,Hound,0,2,496.0,1274.5,3,2,1
24,Tarantula,28,Hound,1,0,555.5,879.0,2,2,0
24,Tarantula,28,Hound,1,1,555.5,1010.8,2,2,0
24,Tarantula,28,Hound,1,2,555.5,1274.5,3,2,1
24,Tarantula,28,Hound,2,0,674.6,879.0,2,2,0
24,Tarantula,28,Hound,2,1,674.6,1010.8,2,2,0
24,Tarantula,28,Hound,2,2,674.6,1274.5,2,2,0
24,Tarantula,30,Void Eye,0,0,496.0,1522.0,4,4,0
24,Tarantula,30,Void Eye,0,1,496.0,1750.3,4,4,0
24,Tarantula,30,Void Eye,0,2,496.0,2206.9,5,4,1
24,Tarantula,30,Void Eye,1,0,555.5,1522.0,3,4,-1
24,Tarantula,30,Void Eye,1,1,555.5,1750.3,4,4,0
24,Tarantula,30,Void Eye,1,2,555.5,2206.9,4,4,0
24,Tarantula,30,Void Eye,2,0,674.6,1522.0,3,4,-1
24,Tarantula,30,Void Eye,2,1,674.6,1750.3,3,4,-1
24,Tarantula,30,Void Eye,2,2,674.6,2206.9,4,4,0
24,Tarantula,31,Vortex,0,0,496.0,7425.0,15,15,0
24,Tarantula,31,Vortex,0,1,496.0,8538.8,18,15,3
24,Tarantula,31,Vortex,0,2,496.0,10766.2,22,15,7
24,Tarantula,31,Vortex,1,0,555.5,7425.0,14,15,-1
24,Tarantula,31,Vortex,1,1,555.5,8538.8,16,15,1
24,Tarantula,31,Vortex,1,2,555.5,10766.2,20,15,5
24,Tarantula,31,Vortex,2,0,674.6,7425.0,12,15,-3
24,Tarantula,31,Vortex,2,1,674.6,8538.8,13,15,-2
24,Tarantula,31,Vortex,2,2,674.6,10766.2,16,15,1
24,Tarantula,2002,Mountain,0,0,496.0,136657.0,276,276,0
24,Tarantula,2002,Mountain,0,1,496.0,157155.5,317,276,41
24,Tarantula,2002,Mountain,0,2,496.0,198152.6,400,276,124
24,Tarantula,2002,Mountain,1,0,555.5,136657.0,246,276,-30
24,Tarantula,2002,Mountain,1,1,555.5,157155.5,283,276,7
24,Tarantula,2002,Mountain,1,2,555.5,198152.6,357,276,81
24,Tarantula,2002,Mountain,2,0,674.6,136657.0,203,276,-73
24,Tarantula,2002,Mountain,2,1,674.6,157155.5,233,276,-43
24,Tarantula,2002,Mountain,2,2,674.6,198152.6,294,276,18
25,Phantom Ray,1,Fortress,0,0,1087.0,43938.0,41,41,0
25,Phantom Ray,1,Fortress,0,1,1087.0,50528.7,47,41,6
25,Phantom Ray,1,Fortress,0,2,1087.0,63710.1,59,41,18
25,Phantom Ray,1,Fortress,1,0,1217.4,43938.0,37,41,-4
25,Phantom Ray,1,Fortress,1,1,1217.4,50528.7,42,41,1
25,Phantom Ray,1,Fortress,1,2,1217.4,63710.1,53,41,12
25,Phantom Ray,1,Fortress,2,0,1478.3,43938.0,30,41,-11
25,Phantom Ray,1,Fortress,2,1,1478.3,50528.7,35,41,-6
25,Phantom Ray,1,Fortress,2,2,1478.3,63710.1,44,41,3
25,Phantom Ray,2,Marksman,0,0,1087.0,1622.0,2,2,0
25,Phantom Ray,2,Marksman,0,1,1087.0,1865.3,2,2,0
25,Phantom Ray,2,Marksman,0,2,1087.0,2351.9,3,2,1
25,Phantom Ray,2,Marksman,1,0,1217.4,1622.0,2,2,0
25,Phantom Ray,2,Marksman,1,1,1217.4,1865.3,2,2,0
25,Phantom Ray,2,Marksman,1,2,1217.4,2351.9,2,2,0
25,Phantom Ray,2,Marksman,2,0,1478.3,1622.0,2,2,0
25,Phantom Ray,2,Marksman,2,1,1478.3,1865.3,2,2,0
25,Phantom Ray,2,Marksman,2,2,1478.3,2351.9,2,2,0
25,Phantom Ray,3,Vulcan,0,0,1087.0,30279.0,28,28,0
25,Phantom Ray,3,Vulcan,0,1,1087.0,34820.8,33,28,5
25,Phantom Ray,3,Vulcan,0,2,1087.0,43904.5,41,28,13
25,Phantom Ray,3,Vulcan,1,0,1217.4,30279.0,25,28,-3
25,Phantom Ray,3,Vulcan,1,1,1217.4,34820.8,29,28,1
25,Phantom Ray,3,Vulcan,1,2,1217.4,43904.5,37,28,9
25,Phantom Ray,3,Vulcan,2,0,1478.3,30279.0,21,28,-7
25,Phantom Ray,3,Vulcan,2,1,1478.3,34820.8,24,28,-4
25,Phantom Ray,3,Vulcan,2,2,1478.3,43904.5,30,28,2
25,Phantom Ray,4,Melting Point,0,0,1087.0,30907.0,29,29,0
25,Phantom Ray,4,Melting Point,0,1,1087.0,35543.0,33,29,4
25,Phantom Ray,4,Melting Point,0,2,1087.0,44815.2,42,29,13
25,Phantom Ray,4,Melting Point,1,0,1217.4,30907.0,26,29,-3
25,Phantom Ray,4,Melting Point,1,1,1217.4,35543.0,30,29,1
25,Phantom Ray,4,Melting Point,1,2,1217.4,44815.2,37,29,8
25,Phantom Ray,4,Melting Point,2,0,1478.3,30907.0,21,29,-8
25,Phantom Ray,4,Melting Point,2,1,1478.3,35543.0,25,29,-4
25,Phantom Ray,4,Melting Point,2,2,1478.3,44815.2,31,29,2
25,Phantom Ray,5,Rhino,0,0,1087.0,19297.0,18,18,0
25,Phantom Ray,5,Rhino,0,1,1087.0,22191.5,21,18,3
25,Phantom Ray,5,Rhino,0,2,1087.0,27980.6,26,18,8
25,Phantom Ray,5,Rhino,1,0,1217.4,19297.0,16,18,-2
25,Phantom Ray,5,Rhino,1,1,1217.4,22191.5,19,18,1
25,Phantom Ray,5,Rhino,1,2,1217.4,27980.6,23,18,5
25,Phantom Ray,5,Rhino,2,0,1478.3,19297.0,14,18,-4
25,Phantom Ray,5,Rhino,2,1,1478.3,22191.5,16,18,-2
25,Phantom Ray,5,Rhino,2,2,1478.3,27980.6,19,18,1
25,Phantom Ray,6,Wasp,0,0,1087.0,311.0,1,1,0
25,Phantom Ray,6,Wasp,0,1,1087.0,357.6,1,1,0
25,Phantom Ray,6,Wasp,0,2,1087.0,450.9,1,1,0
25,Phantom Ray,6,Wasp,1,0,1217.4,311.0,1,1,0
25,Phantom Ray,6,Wasp,1,1,1217.4,357.6,1,1,0
25,Phantom Ray,6,Wasp,1,2,1217.4,450.9,1,1,0
25,Phantom Ray,6,Wasp,2,0,1478.3,311.0,1,1,0
25,Phantom Ray,6,Wasp,2,1,1478.3,357.6,1,1,0
25,Phantom Ray,6,Wasp,2,2,1478.3,450.9,1,1,0
25,Phantom Ray,7,Mustang,0,0,1087.0,343.0,1,1,0
25,Phantom Ray,7,Mustang,0,1,1087.0,394.4,1,1,0
25,Phantom Ray,7,Mustang,0,2,1087.0,497.3,1,1,0
25,Phantom Ray,7,Mustang,1,0,1217.4,343.0,1,1,0
25,Phantom Ray,7,Mustang,1,1,1217.4,394.4,1,1,0
25,Phantom Ray,7,Mustang,1,2,1217.4,497.3,1,1,0
25,Phantom Ray,7,Mustang,2,0,1478.3,343.0,1,1,0
25,Phantom Ray,7,Mustang,2,1,1478.3,394.4,1,1,0
25,Phantom Ray,7,Mustang,2,2,1478.3,497.3,1,1,0
25,Phantom Ray,8,Steel Ball,0,0,1087.0,4571.0,5,5,0
25,Phantom Ray,8,Steel Ball,0,1,1087.0,5256.6,5,5,0
25,Phantom Ray,8,Steel Ball,0,2,1087.0,6627.9,7,5,2
25,Phantom Ray,8,Steel Ball,1,0,1217.4,4571.0,4,5,-1
25,Phantom Ray,8,Steel Ball,1,1,1217.4,5256.6,5,5,0
25,Phantom Ray,8,Steel Ball,1,2,1217.4,6627.9,6,5,1
25,Phantom Ray,8,Steel Ball,2,0,1478.3,4571.0,4,5,-1
25,Phantom Ray,8,Steel Ball,2,1,1478.3,5256.6,4,5,-1
25,Phantom Ray,8,Steel Ball,2,2,1478.3,6627.9,5,5,0
25,Phantom Ray,9,Fang,0,0,1087.0,117.0,1,1,0
25,Phantom Ray,9,Fang,0,1,1087.0,134.5,1,1,0
25,Phantom Ray,9,Fang,0,2,1087.0,169.7,1,1,0
25,Phantom Ray,9,Fang,1,0,1217.4,117.0,1,1,0
25,Phantom Ray,9,Fang,1,1,1217.4,134.5,1,1,0
25,Phantom Ray,9,Fang,1,2,1217.4,169.7,1,1,0
25,Phantom Ray,9,Fang,2,0,1478.3,117.0,1,1,0
25,Phantom Ray,9,Fang,2,1,1478.3,134.5,1,1,0
25,Phantom Ray,9,Fang,2,2,1478.3,169.7,1,1,0
25,Phantom Ray,10,Crawler,0,0,1087.0,263.0,1,1,0
25,Phantom Ray,10,Crawler,0,1,1087.0,302.4,1,1,0
25,Phantom Ray,10,Crawler,0,2,1087.0,381.3,1,1,0
25,Phantom Ray,10,Crawler,1,0,1217.4,263.0,1,1,0
25,Phantom Ray,10,Crawler,1,1,1217.4,302.4,1,1,0
25,Phantom Ray,10,Crawler,1,2,1217.4,381.3,1,1,0
25,Phantom Ray,10,Crawler,2,0,1478.3,263.0,1,1,0
25,Phantom Ray,10,Crawler,2,1,1478.3,302.4,1,1,0
25,Phantom Ray,10,Crawler,2,2,1478.3,381.3,1,1,0
25,Phantom Ray,11,Overlord,0,0,1087.0,21339.0,20,20,0
25,Phantom Ray,11,Overlord,0,1,1087.0,24539.8,23,20,3
25,Phantom Ray,11,Overlord,0,2,1087.0,30941.5,29,20,9
25,Phantom Ray,11,Overlord,1,0,1217.4,21339.0,18,20,-2
25,Phantom Ray,11,Overlord,1,1,1217.4,24539.8,21,20,1
25,Phantom Ray,11,Overlord,1,2,1217.4,30941.5,26,20,6
25,Phantom Ray,11,Overlord,2,0,1478.3,21339.0,15,20,-5
25,Phantom Ray,11,Overlord,2,1,1478.3,24539.8,17,20,-3
25,Phantom Ray,11,Overlord,2,2,1478.3,30941.5,21,20,1
25,Phantom Ray,12,Stormcaller,0,0,1087.0,1149.0,2,2,0
25,Phantom Ray,12,Stormcaller,0,1,1087.0,1321.3,2,2,0
25,Phantom Ray,12,Stormcaller,0,2,1087.0,1666.0,2,2,0
25,Phantom Ray,12,Stormcaller,1,0,1217.4,1149.0,1,2,-1
25,Phantom Ray,12,Stormcaller,1,1,1217.4,1321.3,2,2,0
25,Phantom Ray,12,Stormcaller,1,2,1217.4,1666.0,2,2,0
25,Phantom Ray,12,Stormcaller,2,0,1478.3,1149.0,1,2,-1
25,Phantom Ray,12,Stormcaller,2,1,1478.3,1321.3,1,2,-1
25,Phantom Ray,12,Stormcaller,2,2,1478.3,1666.0,2,2,0
25,Phantom Ray,13,Sledgehammer,0,0,1087.0,3478.0,4,4,0
25,Phantom Ray,13,Sledgehammer,0,1,1087.0,3999.7,4,4,0
25,Phantom Ray,13,Sledgehammer,0,2,1087.0,5043.1,5,4,1
25,Phantom Ray,13,Sledgehammer,1,0,1217.4,3478.0,3,4,-1
25,Phantom Ray,13,Sledgehammer,1,1,1217.4,3999.7,4,4,0
25,Phantom Ray,13,Sledgehammer,1,2,1217.4,5043.1,5,4,1
25,Phantom Ray,13,Sledgehammer,2,0,1478.3,3478.0,3,4,-1
25,Phantom Ray,13,Sledgehammer,2,1,1478.3,3999.7,3,4,-1
25,Phantom Ray,13,Sledgehammer,2,2,1478.3,5043.1,4,4,0
25,Phantom Ray,14,Hacker,0,0,1087.0,3249.0,3,3,0
25,Phantom Ray,14,Hacker,0,1,1087.0,3736.3,4,3,1
25,Phantom Ray,14,Hacker,0,2,1087.0,4711.1,5,3,2
25,Phantom Ray,14,Hacker,1,0,1217.4,3249.0,3,3,0
25,Phantom Ray,14,Hacker,1,1,1217.4,3736.3,4,3,1
25,Phantom Ray,14,Hacker,1,2,1217.4,4711.1,4,3,1
25,Phantom Ray,14,Hacker,2,0,1478.3,3249.0,3,3,0
25,Phantom Ray,14,Hacker,2,1,1478.3,3736.3,3,3,0
25,Phantom Ray,14,Hacker,2,2,1478.3,4711.1,4,3,1
25,Phantom Ray,15,Arclight,0,0,1087.0,4813.0,5,5,0
25,Phantom Ray,15,Arclight,0,1,1087.0,5534.9,6,5,1
25,Phantom Ray,15,Arclight,0,2,1087.0,6978.8,7,5,2
25,Phantom Ray,15,Arclight,1,0,1217.4,4813.0,4,5,-1
25,Phantom Ray,15,Arclight,1,1,1217.4,5534.9,5,5,0
25,Phantom Ray,15,Arclight,1,2,1217.4,6978.8,6,5,1
25,Phantom Ray,15,Arclight,2,0,1478.3,4813.0,4,5,-1
25,Phantom Ray,15,Arclight,2,1,1478.3,5534.9,4,5,-1
25,Phantom Ray,15,Arclight,2,2,1478.3,6978.8,5,5,0
25,Phantom Ray,16,Phoenix,0,0,1087.0,1491.0,2,2,0
25,Phantom Ray,16,Phoenix,0,1,1087.0,1714.6,2,2,0
25,Phantom Ray,16,Phoenix,0,2,1087.0,2161.9,2,2,0
25,Phantom Ray,16,Phoenix,1,0,1217.4,1491.0,2,2,0
25,Phantom Ray,16,Phoenix,1,1,1217.4,1714.6,2,2,0
25,Phantom Ray,16,Phoenix,1,2,1217.4,2161.9,2,2,0
25,Phantom Ray,16,Phoenix,2,0,1478.3,1491.0,2,2,0
25,Phantom Ray,16,Phoenix,2,1,1478.3,1714.6,2,2,0
25,Phantom Ray,16,Phoenix,2,2,1478.3,2161.9,2,2,0
25,Phantom Ray,17,War Factory,0,0,1087.0,113593.0,105,105,0
25,Phantom Ray,17,War Factory,0,1,1087.0,130631.9,121,105,16
25,Phantom Ray,17,War Factory,0,2,1087.0,164709.9,152,105,47
25,Phantom Ray,17,War Factory,1,0,1217.4,113593.0,94,105,-11
25,Phantom Ray,17,War Factory,1,1,1217.4,130631.9,108,105,3
25,Phantom Ray,17,War Factory,1,2,1217.4,164709.9,136,105,31
25,Phantom Ray,17,War Factory,2,0,1478.3,113593.0,77,105,-28
25,Phantom Ray,17,War Factory,2,1,1478.3,130631.9,89,105,-16
25,Phantom Ray,17,War Factory,2,2,1478.3,164709.9,112,105,7
25,Phantom Ray,18,Wraith,0,0,1087.0,14115.0,13,13,0
25,Phantom Ray,18,Wraith,0,1,1087.0,16232.2,15,13,2
25,Phantom Ray,18,Wraith,0,2,1087.0,20466.8,19,13,6
25,Phantom Ray,18,Wraith,1,0,1217.4,14115.0,12,13,-1
25,Phantom Ray,18,Wraith,1,1,1217.4,16232.2,14,13,1
25,Phantom Ray,18,Wraith,1,2,1217.4,20466.8,17,13,4
25,Phantom Ray,18,Wraith,2,0,1478.3,14115.0,10,13,-3
25,Phantom Ray,18,Wraith,2,1,1478.3,16232.2,11,13,-2
25,Phantom Ray,18,Wraith,2,2,1478.3,20466.8,14,13,1
25,Phantom Ray,19,Scorpion,0,0,1087.0,18632.0,18,18,0
25,Phantom Ray,19,Scorpion,0,1,1087.0,21426.8,20,18,2
25,Phantom Ray,19,Scorpion,0,2,1087.0,27016.4,25,18,7
25,Phantom Ray,19,Scorpion,1,0,1217.4,18632.0,16,18,-2
25,Phantom Ray,19,Scorpion,1,1,1217.4,21426.8,18,18,0
25,Phantom Ray,19,Scorpion,1,2,1217.4,27016.4,23,18,5
25,Phantom Ray,19,Scorpion,2,0,1478.3,18632.0,13,18,-5
25,Phantom Ray,19,Scorpion,2,1,1478.3,21426.8,15,18,-3
25,Phantom Ray,19,Scorpion,2,2,1478.3,27016.4,19,18,1
25,Phantom Ray,20,Fire Badger,0,0,1087.0,4222.0,4,4,0
25,Phantom Ray,20,Fire Badger,0,1,1087.0,4855.3,5,4,1
25,Phantom Ray,20,Fire Badger,0,2,1087.0,6121.9,6,4,2
25,Phantom Ray,20,Fire Badger,1,0,1217.4,4222.0,4,4,0
25,Phantom Ray,20,Fire Badger,1,1,1217.4,4855.3,4,4,0
25,Phantom Ray,20,Fire Badger,1,2,1217.4,6121.9,6,4,2
25,Phantom Ray,20,Fire Badger,2,0,1478.3,4222.0,3,4,-1
25,Phantom Ray,20,Fire Badger,2,1,1478.3,4855.3,4,4,0
25,Phantom Ray,20,Fire Badger,2,2,1478.3,6121.9,5,4,1
25,Phantom Ray,21,Sabertooth,0,0,1087.0,14886.0,14,14,0
25,Phantom Ray,21,Sabertooth,0,1,1087.0,17118.9,16,14,2
25,Phantom Ray,21,Sabertooth,0,2,1087.0,21584.7,20,14,6
25,Phantom Ray,21,Sabertooth,1,0,1217.4,14886.0,13,14,-1
25,Phantom Ray,21,Sabertooth,1,1,1217.4,17118.9,15,14,1
25,Phantom Ray,21,Sabertooth,1,2,1217.4,21584.7,18,14,4
25,Phantom Ray,21,Sabertooth,2,0,1478.3,14886.0,11,14,-3
25,Phantom Ray,21,Sabertooth,2,1,1478.3,17118.9,12,14,-2
25,Phantom Ray,21,Sabertooth,2,2,1478.3,21584.7,15,14,1
25,Phantom Ray,22,Typhoon,0,0,1087.0,9529.0,9,9,0
25,Phantom Ray,22,Typhoon,0,1,1087.0,10958.3,11,9,2
25,Phantom Ray,22,Typhoon,0,2,1087.0,13817.0,13,9,4
25,Phantom Ray,22,Typhoon,1,0,1217.4,9529.0,8,9,-1
25,Phantom Ray,22,Typhoon,1,1,1217.4,10958.3,10,9,1
25,Phantom Ray,22,Typhoon,1,2,1217.4,13817.0,12,9,3
25,Phantom Ray,22,Typhoon,2,0,1478.3,9529.0,7,9,-2
25,Phantom Ray,22,Typhoon,2,1,1478.3,10958.3,8,9,-1
25,Phantom Ray,22,Typhoon,2,2,1478.3,13817.0,10,9,1
25,Phantom Ray,23,Sandworm,0,0,1087.0,48645.0,45,45,0
25,Phantom Ray,23,Sandworm,0,1,1087.0,55941.7,52,45,7
25,Phantom Ray,23,Sandworm,0,2,1087.0,70535.2,65,45,20
25,Phantom Ray,23,Sandworm,1,0,1217.4,48645.0,40,45,-5
25,Phantom Ray,23,Sandworm,1,1,1217.4,55941.7,46,45,1
25,Phantom Ray,23,Sandworm,1,2,1217.4,70535.2,58,45,13
25,Phantom Ray,23,Sandworm,2,0,1478.3,48645.0,33,45,-12
25,Phantom Ray,23,Sandworm,2,1,1478.3,55941.7,38,45,-7
25,Phantom Ray,23,Sandworm,2,2,1478.3,70535.2,48,45,3
25,Phantom Ray,24,Tarantula,0,0,1087.0,14773.0,14,14,0
25,Phantom Ray,24,Tarantula,0,1,1087.0,16988.9,16,14,2
25,Phantom Ray,24,Tarantula,0,2,1087.0,21420.8,20,14,6
25,Phantom Ray,24,Tarantula,1,0,1217.4,14773.0,13,14,-1
25,Phantom Ray,24,Tarantula,1,1,1217.4,16988.9,14,14,0
25,Phantom Ray,24,Tarantula,1,2,1217.4,21420.8,18,14,4
25,Phantom Ray,24,Tarantula,2,0,1478.3,14773.0,10,14,-4
25,Phantom Ray,24,Tarantula,2,1,1478.3,16988.9,12,14,-2
25,Phantom Ray,24,Tarantula,2,2,1478.3,21420.8,15,14,1
25,Phantom Ray,25,Phantom Ray,0,0,1087.0,3412.0,4,4,0
25,Phantom Ray,25,Phantom Ray,0,1,1087.0,3923.8,4,4,0
25,Phantom Ray,25,Phantom Ray,0,2,1087.0,4947.4,5,4,1
25,Phantom Ray,25,Phantom Ray,1,0,1217.4,3412.0,3,4,-1
25,Phantom Ray,25,Phantom Ray,1,1,1217.4,3923.8,4,4,0
25,Phantom Ray,25,Phantom Ray,1,2,1217.4,4947.4,5,4,1
25,Phantom Ray,25,Phantom Ray,2,0,1478.3,3412.0,3,4,-1
25,Phantom Ray,25,Phantom Ray,2,1,1478.3,3923.8,3,4,-1
25,Phantom Ray,25,Phantom Ray,2,2,1478.3,4947.4,4,4,0
25,Phantom Ray,26,Farseer,0,0,1087.0,11991.0,12,12,0
25,Phantom Ray,26,Farseer,0,1,1087.0,13789.6,13,12,1
25,Phantom Ray,26,Farseer,0,2,1087.0,17387.0,16,12,4
25,Phantom Ray,26,Farseer,1,0,1217.4,11991.0,10,12,-2
25,Phantom Ray,26,Farseer,1,1,1217.4,13789.6,12,12,0
25,Phantom Ray,26,Farseer,1,2,1217.4,17387.0,15,12,3
25,Phantom Ray,26,Farseer,2,0,1478.3,11991.0,9,12,-3
25,Phantom Ray,26,Farseer,2,1,1478.3,13789.6,10,12,-2
25,Phantom Ray,26,Farseer,2,2,1478.3,17387.0,12,12,0
25,Phantom Ray,27,Raiden,0,0,1087.0,16065.0,15,15,0
25,Phantom Ray,27,Raiden,0,1,1087.0,18474.8,17,15,2
25,Phantom Ray,27,Raiden,0,2,1087.0,23294.2,22,15,7
25,Phantom Ray,27,Raiden,1,0,1217.4,16065.0,14,15,-1
25,Phantom Ray,27,Raiden,1,1,1217.4,18474.8,16,15,1
25,Phantom Ray,27,Raiden,1,2,1217.4,23294.2,20,15,5
25,Phantom Ray,27,Raiden,2,0,1478.3,16065.0,11,15,-4
25,Phantom Ray,27,Raiden,2,1,1478.3,18474.8,13,15,-2
25,Phantom Ray,27,Raiden,2,2,1478.3,23294.2,16,15,1
25,Phantom Ray,28,Hound,0,0,1087.0,879.0,1,1,0
25,Phantom Ray,28,Hound,0,1,1087.0,1010.8,1,1,0
25,Phantom Ray,28,Hound,0,2,1087.0,1274.5,2,1,1
25,Phantom Ray,28,Hound,1,0,1217.4,879.0,1,1,0
25,Phantom Ray,28,Hound,1,1,1217.4,1010.8,1,1,0
25,Phantom Ray,28,Hound,1,2,1217.4,1274.5,2,1,1
25,Phantom Ray,28,Hound,2,0,1478.3,879.0,1,1,0
25,Phantom Ray,28,Hound,2,1,1478.3,1010.8,1,1,0
25,Phantom Ray,28,Hound,2,2,1478.3,1274.5,1,1,0
25,Phantom Ray,29,Abyss,0,0,1087.0,66955.0,62,62,0
25,Phantom Ray,29,Abyss,0,1,1087.0,76998.2,71,62,9
25,Phantom Ray,29,Abyss,0,2,1087.0,97084.8,90,62,28
25,Phantom Ray,29,Abyss,1,0,1217.4,66955.0,55,62,-7
25,Phantom Ray,29,Abyss,1,1,1217.4,76998.2,64,62,2
25,Phantom Ray,29,Abyss,1,2,1217.4,97084.8,80,62,18
25,Phantom Ray,29,Abyss,2,0,1478.3,66955.0,46,62,-16
25,Phantom Ray,29,Abyss,2,1,1478.3,76998.2,53,62,-9
25,Phantom Ray,29,Abyss,2,2,1478.3,97084.8,66,62,4
25,Phantom Ray,30,Void Eye,0,0,1087.0,1522.0,2,2,0
25,Phantom Ray,30,Void Eye,0,1,1087.0,1750.3,2,2,0
25,Phantom Ray,30,Void Eye,0,2,1087.0,2206.9,3,2,1
25,Phantom Ray,30,Void Eye,1,0,1217.4,1522.0,2,2,0
25,Phantom Ray,30,Void Eye,1,1,1217.4,1750.3,2,2,0
25,Phantom Ray,30,Void Eye,1,2,1217.4,2206.9,2,2,0
25,Phantom Ray,30,Void Eye,2,0,1478.3,1522.0,2,2,0
25,Phantom Ray,30,Void Eye,2,1,1478.3,1750.3,2,2,0
25,Phantom Ray,30,Void Eye,2,2,1478.3,2206.9,2,2,0
25,Phantom Ray,31,Vortex,0,0,1087.0,7425.0,7,7,0
25,Phantom Ray,31,Vortex,0,1,1087.0,8538.8,8,7,1
25,Phantom Ray,31,Vortex,0,2,1087.0,10766.2,10,7,3
25,Phantom Ray,31,Vortex,1,0,1217.4,7425.0,7,7,0
25,Phantom Ray,31,Vortex,1,1,1217.4,8538.8,8,7,1
25,Phantom Ray,31,Vortex,1,2,1217.4,10766.2,9,7,2
25,Phantom Ray,31,Vortex,2,0,1478.3,7425.0,6,7,-1
25,Phantom Ray,31,Vortex,2,1,1478.3,8538.8,6,7,-1
25,Phantom Ray,31,Vortex,2,2,1478.3,10766.2,8,7,1
25,Phantom Ray,2002,Mountain,0,0,1087.0,136657.0,126,126,0
25,Phantom Ray,2002,Mountain,0,1,1087.0,157155.5,145,126,19
25,Phantom Ray,2002,Mountain,0,2,1087.0,198152.6,183,126,57
25,Phantom Ray,2002,Mountain,1,0,1217.4,136657.0,113,126,-13
25,Phantom Ray,2002,Mountain,1,1,1217.4,157155.5,130,126,4
25,Phantom Ray,2002,Mountain,1,2,1217.4,198152.6,163,126,37
25,Phantom Ray,2002,Mountain,2,0,1478.3,136657.0,93,126,-33
25,Phantom Ray,2002,Mountain,2,1,1478.3,157155.5,107,126,-19
25,Phantom Ray,2002,Mountain,2,2,1478.3,198152.6,135,126,9
26,Farseer,1,Fortress,0,0,1348.0,43938.0,33,33,0
26,Farseer,1,Fortress,0,1,1348.0,50528.7,38,33,5
26,Farseer,1,Fortress,0,2,1348.0,63710.1,48,33,15
26,Farseer,1,Fortress,1,0,1509.8,43938.0,30,33,-3
26,Farseer,1,Fortress,1,1,1509.8,50528.7,34,33,1
26,Farseer,1,Fortress,1,2,1509.8,63710.1,43,33,10
26,Farseer,1,Fortress,2,0,1833.3,43938.0,24,33,-9
26,Farseer,1,Fortress,2,1,1833.3,50528.7,28,33,-5
26,Farseer,1,Fortress,2,2,1833.3,63710.1,35,33,2
26,Farseer,2,Marksman,0,0,1348.0,1622.0,2,2,0
26,Farseer,2,Marksman,0,1,1348.0,1865.3,2,2,0
26,Farseer,2,Marksman,0,2,1348.0,2351.9,2,2,0
26,Farseer,2,Marksman,1,0,1509.8,1622.0,2,2,0
26,Farseer,2,Marksman,1,1,1509.8,1865.3,2,2,0
26,Farseer,2,Marksman,1,2,1509.8,2351.9,2,2,0
26,Farseer,2,Marksman,2,0,1833.3,1622.0,1,2,-1
26,Farseer,2,Marksman,2,1,1833.3,1865.3,2,2,0
26,Farseer,2,Marksman,2,2,1833.3,2351.9,2,2,0
26,Farseer,3,Vulcan,0,0,1348.0,30279.0,23,23,0
26,Farseer,3,Vulcan,0,1,1348.0,34820.8,26,23,3
26,Farseer,3,Vulcan,0,2,1348.0,43904.5,33,23,10
26,Farseer,3,Vulcan,1,0,1509.8,30279.0,21,23,-2
26,Farseer,3,Vulcan,1,1,1509.8,34820.8,24,23,1
26,Farseer,3,Vulcan,1,2,1509.8,43904.5,30,23,7
26,Farseer,3,Vulcan,2,0,1833.3,30279.0,17,23,-6
26,Farseer,3,Vulcan,2,1,1833.3,34820.8,19,23,-4
26,Farseer,3,Vulcan,2,2,1833.3,43904.5,24,23,1
26,Farseer,4,Melting Point,0,0,1348.0,30907.0,23,23,0
26,Farseer,4,Melting Point,0,1,1348.0,35543.0,27,23,4
26,Farseer,4,Melting Point,0,2,1348.0,44815.2,34,23,11
26,Farseer,4,Melting Point,1,0,1509.8,30907.0,21,23,-2
26,Farseer,4,Melting Point,1,1,1509.8,35543.0,24,23,1
26,Farseer,4,Melting Point,1,2,1509.8,44815.2,30,23,7
26,Farseer,4,Melting Point,2,0,1833.3,30907.0,17,23,-6
26,Farseer,4,Melting Point,2,1,1833.3,35543.0,20,23,-3
26,Farseer,4,Melting Point,2,2,1833.3,44815.2,25,23,2
26,Farseer,5,Rhino,0,0,1348.0,19297.0,15,15,0
26,Farseer,5,Rhino,0,1,1348.0,22191.5,17,15,2
26,Farseer,5,Rhino,0,2,1348.0,27980.6,21,15,6
26,Farseer,5,Rhino,1,0,1509.8,19297.0,13,15,-2
26,Farseer,5,Rhino,1,1,1509.8,22191.5,15,15,0
26,Farseer,5,Rhino,1,2,1509.8,27980.6,19,15,4
26,Farseer,5,Rhino,2,0,1833.3,19297.0,11,15,-4
26,Farseer,5,Rhino,2,1,1833.3,22191.5,13,15,-2
26,Farseer,5,Rhino,2,2,1833.3,27980.6,16,15,1
26,Farseer,6,Wasp,0,0,1348.0,311.0,1,1,0
26,Farseer,6,Wasp,0,1,1348.0,357.6,1,1,0
26,Farseer,6,Wasp,0,2,1348.0,450.9,1,1,0
26,Farseer,6,Wasp,1,0,1509.8,311.0,1,1,0
26,Farseer,6,Wasp,1,1,1509.8,357.6,1,1,0
26,Farseer,6,Wasp,1,2,1509.8,450.9,1,1,0
26,Farseer,6,Wasp,2,0,1833.3,311.0,1,1,0
26,Farseer,6,Wasp,2,1,1833.3,357.6,1,1,0
26,Farseer,6,Wasp,2,2,1833.3,450.9,1,1,0
26,Farseer,7,Mustang,0,0,1348.0,343.0,1,1,0
26,Farseer,7,Mustang,0,1,1348.0,394.4,1,1,0
26,Farseer,7,Mustang,0,2,1348.0,497.3,1,1,0
26,Farseer,7,Mustang,1,0,1509.8,343.0,1,1,0
26,Farseer,7,Mustang,1,1,1509.8,394.4,1,1,0
26,Farseer,7,Mustang,1,2,1509.8,497.3,1,1,0
26,Farseer,7,Mustang,2,0,1833.3,343.0,1,1,0
26,Farseer,7,Mustang,2,1,1833.3,394.4,1,1,0
26,Farseer,7,Mustang,2,2,1833.3,497.3,1,1,0
26,Farseer,8,Steel Ball,0,0,1348.0,4571.0,4,4,0
26,Farseer,8,Steel Ball,0,1,1348.0,5256.6,4,4,0
26,Farseer,8,Steel Ball,0,2,1348.0,6627.9,5,4,1
26,Farseer,8,Steel Ball,1,0,1509.8,4571.0,4,4,0
26,Farseer,8,Steel Ball,1,1,1509.8,5256.6,4,4,0
26,Farseer,8,Steel Ball,1,2,1509.8,6627.9,5,4,1
26,Farseer,8,Steel Ball,2,0,1833.3,4571.0,3,4,-1
26,Farseer,8,Steel Ball,2,1,1833.3,5256.6,3,4,-1
26,Farseer,8,Steel Ball,2,2,1833.3,6627.9,4,4,0
26,Farseer,9,Fang,0,0,1348.0,117.0,1,1,0
26,Farseer,9,Fang,0,1,1348.0,134.5,1,1,0
26,Farseer,9,Fang,0,2,1348.0,169.7,1,1,0
26,Farseer,9,Fang,1,0,1509.8,117.0,1,1,0
26,Farseer,9,Fang,1,1,1509.8,134.5,1,1,0
26,Farseer,9,Fang,1,2,1509.8,169.7,1,1,0
26,Farseer,9,Fang,2,0,1833.3,117.0,1,1,0
26,Farseer,9,Fang,2,1,1833.3,134.5,1,1,0
26,Farseer,9,Fang,2,2,1833.3,169.7,1,1,0
26,Farseer,10,Crawler,0,0,1348.0,263.0,1,1,0
26,Farseer,10,Crawler,0,1,1348.0,302.4,1,1,0
26,Farseer,10,Crawler,0,2,1348.0,381.3,1,1,0
26,Farseer,10,Crawler,1,0,1509.8,263.0,1,1,0
26,Farseer,10,Crawler,1,1,1509.8,302.4,1,1,0
26,Farseer,10,Crawler,1,2,1509.8,381.3,1,1,0
26,Farseer,10,Crawler,2,0,1833.3,263.0,1,1,0
26,Farseer,10,Crawler,2,1,1833.3,302.4,1,1,0
26,Farseer,10,Crawler,2,2,1833.3,381.3,1,1,0
26,Farseer,11,Overlord,0,0,1348.0,21339.0,16,16,0
26,Farseer,11,Overlord,0,1,1348.0,24539.8,19,16,3
26,Farseer,11,Overlord,0,2,1348.0,30941.5,23,16,7
26,Farseer,11,Overlord,1,0,1509.8,21339.0,15,16,-1
26,Farseer,11,Overlord,1,1,1509.8,24539.8,17,16,1
26,Farseer,11,Overlord,1,2,1509.8,30941.5,21,16,5
26,Farseer,11,Overlord,2,0,1833.3,21339.0,12,16,-4
26,Farseer,11,Overlord,2,1,1833.3,24539.8,14,16,-2
26,Farseer,11,Overlord,2,2,1833.3,30941.5,17,16,1
26,Farseer,12,Stormcaller,0,0,1348.0,1149.0,1,1,0
26,Farseer,12,Stormcaller,0,1,1348.0,1321.3,1,1,0
26,Farseer,12,Stormcaller,0,2,1348.0,1666.0,2,1,1
26,Farseer,12,Stormcaller,1,0,1509.8,1149.0,1,1,0
26,Farseer,12,Stormcaller,1,1,1509.8,1321.3,1,1,0
26,Farseer,12,Stormcaller,1,2,1509.8,1666.0,2,1,1
26,Farseer,12,Stormcaller,2,0,1833.3,1149.0,1,1,0
26,Farseer,12,Stormcaller,2,1,1833.3,1321.3,1,1,0
26,Farseer,12,Stormcaller,2,2,1833.3,1666.0,1,1,0
26,Farseer,13,Sledgehammer,0,0,1348.0,3478.0,3,3,0
26,Farseer,13,Sledgehammer,0,1,1348.0,3999.7,3,3,0
26,Farseer,13,Sledgehammer,0,2,1348.0,5043.1,4,3,1
26,Farseer,13,Sledgehammer,1,0,1509.8,3478.0,3,3,0
26,Farseer,13,Sledgehammer,1,1,1509.8,3999.7,3,3,0
26,Farseer,13,Sledgehammer,1,2,1509.8,5043.1,4,3,1
26,Farseer,13,Sledgehammer,2,0,1833.3,3478.0,2,3,-1
26,Farseer,13,Sledgehammer,2,1,1833.3,3999.7,3,3,0
26,Farseer,13,Sledgehammer,2,2,1833.3,5043.1,3,3,0
26,Farseer,14,Hacker,0,0,1348.0,3249.0,3,3,0
26,Farseer,14,Hacker,0,1,1348.0,3736.3,3,3,0
26,Farseer,14,Hacker,0,2,1348.0,4711.1,4,3,1
26,Farseer,14,Hacker,1,0,1509.8,3249.0,3,3,0
26,Farseer,14,Hacker,1,1,1509.8,3736.3,3,3,0
26,Farseer,14,Hacker,1,2,1509.8,4711.1,4,3,1
26,Farseer,14,Hacker,2,0,1833.3,3249.0,2,3,-1
26,Farseer,14,Hacker,2,1,1833.3,3736.3,3,3,0
26,Farseer,14,Hacker,2,2,1833.3,4711.1,3,3,0
26,Farseer,15,Arclight,0,0,1348.0,4813.0,4,4,0
26,Farseer,15,Arclight,0,1,1348.0,5534.9,5,4,1
26,Farseer,15,Arclight,0,2,1348.0,6978.8,6,4,2
26,Farseer,15,Arclight,1,0,1509.8,4813.0,4,4,0
26,Farseer,15,Arclight,1,1,1509.8,5534.9,4,4,0
26,Farseer,15,Arclight,1,2,1509.8,6978.8,5,4,1
26,Farseer,15,Arclight,2,0,1833.3,4813.0,3,4,-1
26,Farseer,15,Arclight,2,1,1833.3,5534.9,4,4,0
26,Farseer,15,Arclight,2,2,1833.3,6978.8,4,4,0
26,Farseer,16,Phoenix,0,0,1348.0,1491.0,2,2,0
26,Farseer,16,Phoenix,0,1,1348.0,1714.6,2,2,0
26,Farseer,16,Phoenix,0,2,1348.0,2161.9,2,2,0
26,Farseer,16,Phoenix,1,0,1509.8,1491.0,1,2,-1
26,Farseer,16,Phoenix,1,1,1509.8,1714.6,2,2,0
26,Farseer,16,Phoenix,1,2,1509.8,2161.9,2,2,0
26,Farseer,16,Phoenix,2,0,1833.3,1491.0,1,2,-1
26,Farseer,16,Phoenix,2,1,1833.3,1714.6,1,2,-1
26,Farseer,16,Phoenix,2,2,1833.3,2161.9,2,2,0
26,Farseer,17,War Factory,0,0,1348.0,113593.0,85,85,0
26,Farseer,17,War Factory,0,1,1348.0,130631.9,97,85,12
26,Farseer,17,War Factory,0,2,1348.0,164709.9,123,85,38
26,Farseer,17,War Factory,1,0,1509.8,113593.0,76,85,-9
26,Farseer,17,War Factory,1,1,1509.8,130631.9,87,85,2
26,Farseer,17,War Factory,1,2,1509.8,164709.9,110,85,25
26,Farseer,17,War Factory,2,0,1833.3,113593.0,62,85,-23
26,Farseer,17,War Factory,2,1,1833.3,130631.9,72,85,-13
26,Farseer,17,War Factory,2,2,1833.3,164709.9,90,85,5
26,Farseer,18,Wraith,0,0,1348.0,14115.0,11,11,0
26,Farseer,18,Wraith,0,1,1348.0,16232.2,13,11,2
26,Farseer,18,Wraith,0,2,1348.0,20466.8,16,11,5
26,Farseer,18,Wraith,1,0,1509.8,14115.0,10,11,-1
26,Farseer,18,Wraith,1,1,1509.8,16232.2,11,11,0
26,Farseer,18,Wraith,1,2,1509.8,20466.8,14,11,3
26,Farseer,18,Wraith,2,0,1833.3,14115.0,8,11,-3
26,Farseer,18,Wraith,2,1,1833.3,16232.2,9,11,-2
26,Farseer,18,Wraith,2,2,1833.3,20466.8,12,11,1
26,Farseer,19,Scorpion,0,0,1348.0,18632.0,14,14,0
26,Farseer,19,Scorpion,0,1,1348.0,21426.8,16,14,2
26,Farseer,19,Scorpion,0,2,1348.0,27016.4,21,14,7
26,Farseer,19,Scorpion,1,0,1509.8,18632.0,13,14,-1
26,Farseer,19,Scorpion,1,1,1509.8,21426.8,15,14,1
26,Farseer,19,Scorpion,1,2,1509.8,27016.4,18,14,4
26,Farseer,19,Scorpion,2,0,1833.3,18632.0,11,14,-3
26,Farseer,19,Scorpion,2,1,1833.3,21426.8,12,14,-2
26,Farseer,19,Scorpion,2,2,1833.3,27016.4,15,14,1
26,Farseer,20,Fire Badger,0,0,1348.0,4222.0,4,4,0
26,Farseer,20,Fire Badger,0,1,1348.0,4855.3,4,4,0
26,Farseer,20,Fire Badger,0,2,1348.0,6121.9,5,4,1
26,Farseer,20,Fire Badger,1,0,1509.8,4222.0,3,4,-1
26,Farseer,20,Fire Badger,1,1,1509.8,4855.3,4,4,0
26,Farseer,20,Fire Badger,1,2,1509.8,6121.9,5,4,1
26,Farseer,20,Fire Badger,2,0,1833.3,4222.0,3,4,-1
26,Farseer,20,Fire Badger,2,1,1833.3,4855.3,3,4,-1
26,Farseer,20,Fire Badger,2,2,1833.3,6121.9,4,4,0
26,Farseer,21,Sabertooth,0,0,1348.0,14886.0,12,12,0
26,Farseer,21,Sabertooth,0,1,1348.0,17118.9,13,12,1
26,Farseer,21,Sabertooth,0,2,1348.0,21584.7,17,12,5
26,Farseer,21,Sabertooth,1,0,1509.8,14886.0,10,12,-2
26,Farseer,21,Sabertooth,1,1,1509.8,17118.9,12,12,0
26,Farseer,21,Sabertooth,1,2,1509.8,21584.7,15,12,3
26,Farseer,21,Sabertooth,2,0,1833.3,14886.0,9,12,-3
26,Farseer,21,Sabertooth,2,1,1833.3,17118.9,10,12,-2
26,Farseer,21,Sabertooth,2,2,1833.3,21584.7,12,12,0
26,Farseer,22,Typhoon,0,0,1348.0,9529.0,8,8,0
26,Farseer,22,Typhoon,0,1,1348.0,10958.3,9,8,1
26,Farseer,22,Typhoon,0,2,1348.0,13817.0,11,8,3
26,Farseer,22,Typhoon,1,0,1509.8,9529.0,7,8,-1
26,Farseer,22,Typhoon,1,1,1509.8,10958.3,8,8,0
26,Farseer,22,Typhoon,1,2,1509.8,13817.0,10,8,2
26,Farseer,22,Typhoon,2,0,1833.3,9529.0,6,8,-2
26,Farseer,22,Typhoon,2,1,1833.3,10958.3,6,8,-2
26,Farseer,22,Typhoon,2,2,1833.3,13817.0,8,8,0
26,Farseer,23,Sandworm,0,0,1348.0,48645.0,37,37,0
26,Farseer,23,Sandworm,0,1,1348.0,55941.7,42,37,5
26,Farseer,23,Sandworm,0,2,1348.0,70535.2,53,37,16
26,Farseer,23,Sandworm,1,0,1509.8,48645.0,33,37,-4
26,Farseer,23,Sandworm,1,1,1509.8,55941.7,38,37,1
26,Farseer,23,Sandworm,1,2,1509.8,70535.2,47,37,10
26,Farseer,23,Sandworm,2,0,1833.3,48645.0,27,37,-10
26,Farseer,23,Sandworm,2,1,1833.3,55941.7,31,37,-6
26,Farseer,23,Sandworm,2,2,1833.3,70535.2,39,37,2
26,Farseer,24,Tarantula,0,0,1348.0,14773.0,11,11,0
26,Farseer,24,Tarantula,0,1,1348.0,16988.9,13,11,2
26,Farseer,24,Tarantula,0,2,1348.0,21420.8,16,11,5
26,Farseer,24,Tarantula,1,0,1509.8,14773.0,10,11,-1
26,Farseer,24,Tarantula,1,1,1509.8,16988.9,12,11,1
26,Farseer,24,Tarantula,1,2,1509.8,21420.8,15,11,4
26,Farseer,24,Tarantula,2,0,1833.3,14773.0,9,11,-2
26,Farseer,24,Tarantula,2,1,1833.3,16988.9,10,11,-1
26,Farseer,24,Tarantula,2,2,1833.3,21420.8,12,11,1
26,Farseer,25,Phantom Ray,0,0,1348.0,3412.0,3,3,0
26,Farseer,25,Phantom Ray,0,1,1348.0,3923.8,3,3,0
26,Farseer,25,Phantom Ray,0,2,1348.0,4947.4,4,3,1
26,Farseer,25,Phantom Ray,1,0,1509.8,3412.0,3,3,0
26,Farseer,25,Phantom Ray,1,1,1509.8,3923.8,3,3,0
26,Farseer,25,Phantom Ray,1,2,1509.8,4947.4,4,3,1
26,Farseer,25,Phantom Ray,2,0,1833.3,3412.0,2,3,-1
26,Farseer,25,Phantom Ray,2,1,1833.3,3923.8,3,3,0
26,Farseer,25,Phantom Ray,2,2,1833.3,4947.4,3,3,0
26,Farseer,26,Farseer,0,0,1348.0,11991.0,9,9,0
26,Farseer,26,Farseer,0,1,1348.0,13789.6,11,9,2
26,Farseer,26,Farseer,0,2,1348.0,17387.0,13,9,4
26,Farseer,26,Farseer,1,0,1509.8,11991.0,8,9,-1
26,Farseer,26,Farseer,1,1,1509.8,13789.6,10,9,1
26,Farseer,26,Farseer,1,2,1509.8,17387.0,12,9,3
26,Farseer,26,Farseer,2,0,1833.3,11991.0,7,9,-2
26,Farseer,26,Farseer,2,1,1833.3,13789.6,8,9,-1
26,Farseer,26,Farseer,2,2,1833.3,17387.0,10,9,1
26,Farseer,27,Raiden,0,0,1348.0,16065.0,12,12,0
26,Farseer,27,Raiden,0,1,1348.0,18474.8,14,12,2
26,Farseer,27,Raiden,0,2,1348.0,23294.2,18,12,6
26,Farseer,27,Raiden,1,0,1509.8,16065.0,11,12,-1
26,Farseer,27,Raiden,1,1,1509.8,18474.8,13,12,1
26,Farseer,27,Raiden,1,2,1509.8,23294.2,16,12,4
26,Farseer,27,Raiden,2,0,1833.3,16065.0,9,12,-3
26,Farseer,27,Raiden,2,1,1833.3,18474.8,11,12,-1
26,Farseer,27,Raiden,2,2,1833.3,23294.2,13,12,1
26,Farseer,28,Hound,0,0,1348.0,879.0,1,1,0
26,Farseer,28,Hound,0,1,1348.0,1010.8,1,1,0
26,Farseer,28,Hound,0,2,1348.0,1274.5,1,1,0
26,Farseer,28,Hound,1,0,1509.8,879.0,1,1,0
26,Farseer,28,Hound,1,1,1509.8,1010.8,1,1,0
26,Farseer,28,Hound,1,2,1509.8,1274.5,1,1,0
26,Farseer,28,Hound,2,0,1833.3,879.0,1,1,0
26,Farseer,28,Hound,2,1,1833.3,1010.8,1,1,0
26,Farseer,28,Hound,2,2,1833.3,1274.5,1,1,0
26,Farseer,29,Abyss,0,0,1348.0,66955.0,50,50,0
26,Farseer,29,Abyss,0,1,1348.0,76998.2,58,50,8
26,Farseer,29,Abyss,0,2,1348.0,97084.8,73,50,23
26,Farseer,29,Abyss,1,0,1509.8,66955.0,45,50,-5
26,Farseer,29,Abyss,1,1,1509.8,76998.2,52,50,2
26,Farseer,29,Abyss,1,2,1509.8,97084.8,65,50,15
26,Farseer,29,Abyss,2,0,1833.3,66955.0,37,50,-13
26,Farseer,29,Abyss,2,1,1833.3,76998.2,43,50,-7
26,Farseer,29,Abyss,2,2,1833.3,97084.8,53,50,3
26,Farseer,30,Void Eye,0,0,1348.0,1522.0,2,2,0
26,Farseer,30,Void Eye,0,1,1348.0,1750.3,2,2,0
26,Farseer,30,Void Eye,0,2,1348.0,2206.9,2,2,0
26,Farseer,30,Void Eye,1,0,1509.8,1522.0,2,2,0
26,Farseer,30,Void Eye,1,1,1509.8,1750.3,2,2,0
26,Farseer,30,Void Eye,1,2,1509.8,2206.9,2,2,0
26,Farseer,30,Void Eye,2,0,1833.3,1522.0,1,2,-1
26,Farseer,30,Void Eye,2,1,1833.3,1750.3,1,2,-1
26,Farseer,30,Void Eye,2,2,1833.3,2206.9,2,2,0
26,Farseer,31,Vortex,0,0,1348.0,7425.0,6,6,0
26,Farseer,31,Vortex,0,1,1348.0,8538.8,7,6,1
26,Farseer,31,Vortex,0,2,1348.0,10766.2,8,6,2
26,Farseer,31,Vortex,1,0,1509.8,7425.0,5,6,-1
26,Farseer,31,Vortex,1,1,1509.8,8538.8,6,6,0
26,Farseer,31,Vortex,1,2,1509.8,10766.2,8,6,2
26,Farseer,31,Vortex,2,0,1833.3,7425.0,5,6,-1
26,Farseer,31,Vortex,2,1,1833.3,8538.8,5,6,-1
26,Farseer,31,Vortex,2,2,1833.3,10766.2,6,6,0
26,Farseer,2002,Mountain,0,0,1348.0,136657.0,102,102,0
26,Farseer,2002,Mountain,0,1,1348.0,157155.5,117,102,15
26,Farseer,2002,Mountain,0,2,1348.0,198152.6,147,102,45
26,Farseer,2002,Mountain,1,0,1509.8,136657.0,91,102,-11
26,Farseer,2002,Mountain,1,1,1509.8,157155.5,105,102,3
26,Farseer,2002,Mountain,1,2,1509.8,198152.6,132,102,30
26,Farseer,2002,Mountain,2,0,1833.3,136657.0,75,102,-27
26,Farseer,2002,Mountain,2,1,1833.3,157155.5,86,102,-16
26,Farseer,2002,Mountain,2,2,1833.3,198152.6,109,102,7
27,Raiden,1,Fortress,0,0,5027.0,43938.0,9,9,0
27,Raiden,1,Fortress,0,1,5027.0,50528.7,11,9,2
27,Raiden,1,Fortress,0,2,5027.0,63710.1,13,9,4
27,Raiden,1,Fortress,1,0,5630.2,43938.0,8,9,-1
27,Raiden,1,Fortress,1,1,5630.2,50528.7,9,9,0
27,Raiden,1,Fortress,1,2,5630.2,63710.1,12,9,3
27,Raiden,1,Fortress,2,0,6836.7,43938.0,7,9,-2
27,Raiden,1,Fortress,2,1,6836.7,50528.7,8,9,-1
27,Raiden,1,Fortress,2,2,6836.7,63710.1,10,9,1
27,Raiden,2,Marksman,0,0,5027.0,1622.0,1,1,0
27,Raiden,2,Marksman,0,1,5027.0,1865.3,1,1,0
27,Raiden,2,Marksman,0,2,5027.0,2351.9,1,1,0
27,Raiden,2,Marksman,1,0,5630.2,1622.0,1,1,0
27,Raiden,2,Marksman,1,1,5630.2,1865.3,1,1,0
27,Raiden,2,Marksman,1,2,5630.2,2351.9,1,1,0
27,Raiden,2,Marksman,2,0,6836.7,1622.0,1,1,0
27,Raiden,2,Marksman,2,1,6836.7,1865.3,1,1,0
27,Raiden,2,Marksman,2,2,6836.7,2351.9,1,1,0
27,Raiden,3,Vulcan,0,0,5027.0,30279.0,7,7,0
27,Raiden,3,Vulcan,0,1,5027.0,34820.8,7,7,0
27,Raiden,3,Vulcan,0,2,5027.0,43904.5,9,7,2
27,Raiden,3,Vulcan,1,0,5630.2,30279.0,6,7,-1
27,Raiden,3,Vulcan,1,1,5630.2,34820.8,7,7,0
27,Raiden,3,Vulcan,1,2,5630.2,43904.5,8,7,1
27,Raiden,3,Vulcan,2,0,6836.7,30279.0,5,7,-2
27,Raiden,3,Vulcan,2,1,6836.7,34820.8,6,7,-1
27,Raiden,3,Vulcan,2,2,6836.7,43904.5,7,7,0
27,Raiden,4,Melting Point,0,0,5027.0,30907.0,7,7,0
27,Raiden,4,Melting Point,0,1,5027.0,35543.0,8,7,1
27,Raiden,4,Melting Point,0,2,5027.0,44815.2,9,7,2
27,Raiden,4,Melting Point,1,0,5630.2,30907.0,6,7,-1
27,Raiden,4,Melting Point,1,1,5630.2,35543.0,7,7,0
27,Raiden,4,Melting Point,1,2,5630.2,44815.2,8,7,1
27,Raiden,4,Melting Point,2,0,6836.7,30907.0,5,7,-2
27,Raiden,4,Melting Point,2,1,6836.7,35543.0,6,7,-1
27,Raiden,4,Melting Point,2,2,6836.7,44815.2,7,7,0
27,Raiden,5,Rhino,0,0,5027.0,19297.0,4,4,0
27,Raiden,5,Rhino,0,1,5027.0,22191.5,5,4,1
27,Raiden,5,Rhino,0,2,5027.0,27980.6,6,4,2
27,Raiden,5,Rhino,1,0,5630.2,19297.0,4,4,0
27,Raiden,5,Rhino,1,1,5630.2,22191.5,4,4,0
27,Raiden,5,Rhino,1,2,5630.2,27980.6,5,4,1
27,Raiden,5,Rhino,2,0,6836.7,19297.0,3,4,-1
27,Raiden,5,Rhino,2,1,6836.7,22191.5,4,4,0
27,Raiden,5,Rhino,2,2,6836.7,27980.6,5,4,1
27,Raiden,6,Wasp,0,0,5027.0,311.0,1,1,0
27,Raiden,6,Wasp,0,1,5027.0,357.6,1,1,0
27,Raiden,6,Wasp,0,2,5027.0,450.9,1,1,0
27,Raiden,6,Wasp,1,0,5630.2,311.0,1,1,0
27,Raiden,6,Wasp,1,1,5630.2,357.6,1,1,0
27,Raiden,6,Wasp,1,2,5630.2,450.9,1,1,0
27,Raiden,6,Wasp,2,0,6836.7,311.0,1,1,0
27,Raiden,6,Wasp,2,1,6836.7,357.6,1,1,0
27,Raiden,6,Wasp,2,2,6836.7,450.9,1,1,0
27,Raiden,7,Mustang,0,0,5027.0,343.0,1,1,0
27,Raiden,7,Mustang,0,1,5027.0,394.4,1,1,0
27,Raiden,7,Mustang,0,2,5027.0,497.3,1,1,0
27,Raiden,7,Mustang,1,0,5630.2,343.0,1,1,0
27,Raiden,7,Mustang,1,1,5630.2,394.4,1,1,0
27,Raiden,7,Mustang,1,2,5630.2,497.3,1,1,0
27,Raiden,7,Mustang,2,0,6836.7,343.0,1,1,0
27,Raiden,7,Mustang,2,1,6836.7,394.4,1,1,0
27,Raiden,7,Mustang,2,2,6836.7,497.3,1,1,0
27,Raiden,8,Steel Ball,0,0,5027.0,4571.0,1,1,0
27,Raiden,8,Steel Ball,0,1,5027.0,5256.6,2,1,1
27,Raiden,8,Steel Ball,0,2,5027.0,6627.9,2,1,1
27,Raiden,8,Steel Ball,1,0,5630.2,4571.0,1,1,0
27,Raiden,8,Steel Ball,1,1,5630.2,5256.6,1,1,0
27,Raiden,8,Steel Ball,1,2,5630.2,6627.9,2,1,1
27,Raiden,8,Steel Ball,2,0,6836.7,4571.0,1,1,0
27,Raiden,8,Steel Ball,2,1,6836.7,5256.6,1,1,0
27,Raiden,8,Steel Ball,2,2,6836.7,6627.9,1,1,0
27,Raiden,9,Fang,0,0,5027.0,117.0,1,1,0
27,Raiden,9,Fang,0,1,5027.0,134.5,1,1,0
27,Raiden,9,Fang,0,2,5027.0,169.7,1,1,0
27,Raiden,9,Fang,1,0,5630.2,117.0,1,1,0
27,Raiden,9,Fang,1,1,5630.2,134.5,1,1,0
27,Raiden,9,Fang,1,2,5630.2,169.7,1,1,0
27,Raiden,9,Fang,2,0,6836.7,117.0,1,1,0
27,Raiden,9,Fang,2,1,6836.7,134.5,1,1,0
27,Raiden,9,Fang,2,2,6836.7,169.7,1,1,0
27,Raiden,10,Crawler,0,0,5027.0,263.0,1,1,0
27,Raiden,10,Crawler,0,1,5027.0,302.4,1,1,0
27,Raiden,10,Crawler,0,2,5027.0,381.3,1,1,0
27,Raiden,10,Crawler,1,0,5630.2,263.0,1,1,0
27,Raiden,10,Crawler,1,1,5630.2,302.4,1,1,0
27,Raiden,10,Crawler,1,2,5630.2,381.3,1,1,0
27,Raiden,10,Crawler,2,0,6836.7,263.0,1,1,0
27,Raiden,10,Crawler,2,1,6836.7,302.4,1,1,0
27,Raiden,10,Crawler,2,2,6836.7,381.3,1,1,0
27,Raiden,11,Overlord,0,0,5027.0,21339.0,5,5,0
27,Raiden,11,Overlord,0,1,5027.0,24539.8,5,5,0
27,Raiden,11,Overlord,0,2,5027.0,30941.5,7,5,2
27,Raiden,11,Overlord,1,0,5630.2,21339.0,4,5,-1
27,Raiden,11,Overlord,1,1,5630.2,24539.8,5,5,0
27,Raiden,11,Overlord,1,2,5630.2,30941.5,6,5,1
27,Raiden,11,Overlord,2,0,6836.7,21339.0,4,5,-1
27,Raiden,11,Overlord,2,1,6836.7,24539.8,4,5,-1
27,Raiden,11,Overlord,2,2,6836.7,30941.5,5,5,0
27,Raiden,12,Stormcaller,0,0,5027.0,1149.0,1,1,0
27,Raiden,12,Stormcaller,0,1,5027.0,1321.3,1,1,0
27,Raiden,12,Stormcaller,0,2,5027.0,1666.0,1,1,0
27,Raiden,12,Stormcaller,1,0,5630.2,1149.0,1,1,0
27,Raiden,12,Stormcaller,1,1,5630.2,1321.3,1,1,0
27,Raiden,12,Stormcaller,1,2,5630.2,1666.0,1,1,0
27,Raiden,12,Stormcaller,2,0,6836.7,1149.0,1,1,0
27,Raiden,12,Stormcaller,2,1,6836.7,1321.3,1,1,0
27,Raiden,12,Stormcaller,2,2,6836.7,1666.0,1,1,0
27,Raiden,13,Sledgehammer,0,0,5027.0,3478.0,1,1,0
27,Raiden,13,Sledgehammer,0,1,5027.0,3999.7,1,1,0
27,Raiden,13,Sledgehammer,0,2,5027.0,5043.1,2,1,1
27,Raiden,13,Sledgehammer,1,0,5630.2,3478.0,1,1,0
27,Raiden,13,Sledgehammer,1,1,5630.2,3999.7,1,1,0
27,Raiden,13,Sledgehammer,1,2,5630.2,5043.1,1,1,0
27,Raiden,13,Sledgehammer,2,0,6836.7,3478.0,1,1,0
27,Raiden,13,Sledgehammer,2,1,6836.7,3999.7,1,1,0
27,Raiden,13,Sledgehammer,2,2,6836.7,5043.1,1,1,0
27,Raiden,14,Hacker,0,0,5027.0,3249.0,1,1,0
27,Raiden,14,Hacker,0,1,5027.0,3736.3,1,1,0
27,Raiden,14,Hacker,0,2,5027.0,4711.1,1,1,0
27,Raiden,14,Hacker,1,0,5630.2,3249.0,1,1,0
27,Raiden,14,Hacker,1,1,5630.2,3736.3,1,1,0
27,Raiden,14,Hacker,1,2,5630.2,4711.1,1,1,0
27,Raiden,14,Hacker,2,0,6836.7,3249.0,1,1,0
27,Raiden,14,Hacker,2,1,6836.7,3736.3,1,1,0
27,Raiden,14,Hacker,2,2,6836.7,4711.1,1,1,0
27,Raiden,15,Arclight,0,0,5027.0,4813.0,1,1,0
27,Raiden,15,Arclight,0,1,5027.0,5534.9,2,1,1
27,Raiden,15,Arclight,0,2,5027.0,6978.8,2,1,1
27,Raiden,15,Arclight,1,0,5630.2,4813.0,1,1,0
27,Raiden,15,Arclight,1,1,5630.2,5534.9,1,1,0
27,Raiden,15,Arclight,1,2,5630.2,6978.8,2,1,1
27,Raiden,15,Arclight,2,0,6836.7,4813.0,1,1,0
27,Raiden,15,Arclight,2,1,6836.7,5534.9,1,1,0
27,Raiden,15,Arclight,2,2,6836.7,6978.8,2,1,1
27,Raiden,16,Phoenix,0,0,5027.0,1491.0,1,1,0
27,Raiden,16,Phoenix,0,1,5027.0,1714.6,1,1,0
27,Raiden,16,Phoenix,0,2,5027.0,2161.9,1,1,0
27,Raiden,16,Phoenix,1,0,5630.2,1491.0,1,1,0
27,Raiden,16,Phoenix,1,1,5630.2,1714.6,1,1,0
27,Raiden,16,Phoenix,1,2,5630.2,2161.9,1,1,0
27,Raiden,16,Phoenix,2,0,6836.7,1491.0,1,1,0
27,Raiden,16,Phoenix,2,1,6836.7,1714.6,1,1,0
27,Raiden,16,Phoenix,2,2,6836.7,2161.9,1,1,0
27,Raiden,17,War Factory,0,0,5027.0,113593.0,23,23,0
27,Raiden,17,War Factory,0,1,5027.0,130631.9,26,23,3
27,Raiden,17,War Factory,0,2,5027.0,164709.9,33,23,10
27,Raiden,17,War Factory,1,0,5630.2,113593.0,21,23,-2
27,Raiden,17,War Factory,1,1,5630.2,130631.9,24,23,1
27,Raiden,17,War Factory,1,2,5630.2,164709.9,30,23,7
27,Raiden,17,War Factory,2,0,6836.7,113593.0,17,23,-6
27,Raiden,17,War Factory,2,1,6836.7,130631.9,20,23,-3
27,Raiden,17,War Factory,2,2,6836.7,164709.9,25,23,2
27,Raiden,18,Wraith,0,0,5027.0,14115.0,3,3,0
27,Raiden,18,Wraith,0,1,5027.0,16232.2,4,3,1
27,Raiden,18,Wraith,0,2,5027.0,20466.8,5,3,2
27,Raiden,18,Wraith,1,0,5630.2,14115.0,3,3,0
27,Raiden,18,Wraith,1,1,5630.2,16232.2,3,3,0
27,Raiden,18,Wraith,1,2,5630.2,20466.8,4,3,1
27,Raiden,18,Wraith,2,0,6836.7,14115.0,3,3,0
27,Raiden,18,Wraith,2,1,6836.7,16232.2,3,3,0
27,Raiden,18,Wraith,2,2,6836.7,20466.8,3,3,0
27,Raiden,19,Scorpion,0,0,5027.0,18632.0,4,4,0
27,Raiden,19,Scorpion,0,1,5027.0,21426.8,5,4,1
27,Raiden,19,Scorpion,0,2,5027.0,27016.4,6,4,2
27,Raiden,19,Scorpion,1,0,5630.2,18632.0,4,4,0
27,Raiden,19,Scorpion,1,1,5630.2,21426.8,4,4,0
27,Raiden,19,Scorpion,1,2,5630.2,27016.4,5,4,1
27,Raiden,19,Scorpion,2,0,6836.7,18632.0,3,4,-1
27,Raiden,19,Scorpion,2,1,6836.7,21426.8,4,4,0
27,Raiden,19,Scorpion,2,2,6836.7,27016.4,4,4,0
27,Raiden,20,Fire Badger,0,0,5027.0,4222.0,1,1,0
27,Raiden,20,Fire Badger,0,1,5027.0,4855.3,1,1,0
27,Raiden,20,Fire Badger,0,2,5027.0,6121.9,2,1,1
27,Raiden,20,Fire Badger,1,0,5630.2,4222.0,1,1,0
27,Raiden,20,Fire Badger,1,1,5630.2,4855.3,1,1,0
27,Raiden,20,Fire Badger,1,2,5630.2,6121.9,2,1,1
27,Raiden,20,Fire Badger,2,0,6836.7,4222.0,1,1,0
27,Raiden,20,Fire Badger,2,1,6836.7,4855.3,1,1,0
27,Raiden,20,Fire Badger,2,2,6836.7,6121.9,1,1,0
27,Raiden,21,Sabertooth,0,0,5027.0,14886.0,3,3,0
27,Raiden,21,Sabertooth,0,1,5027.0,17118.9,4,3,1
27,Raiden,21,Sabertooth,0,2,5027.0,21584.7,5,3,2
27,Raiden,21,Sabertooth,1,0,5630.2,14886.0,3,3,0
27,Raiden,21,Sabertooth,1,1,5630.2,17118.9,4,3,1
27,Raiden,21,Sabertooth,1,2,5630.2,21584.7,4,3,1
27,Raiden,21,Sabertooth,2,0,6836.7,14886.0,3,3,0
27,Raiden,21,Sabertooth,2,1,6836.7,17118.9,3,3,0
27,Raiden,21,Sabertooth,2,2,6836.7,21584.7,4,3,1
27,Raiden,22,Typhoon,0,0,5027.0,9529.0,2,2,0
27,Raiden,22,Typhoon,0,1,5027.0,10958.3,3,2,1
27,Raiden,22,Typhoon,0,2,5027.0,13817.0,3,2,1
27,Raiden,22,Typhoon,1,0,5630.2,9529.0,2,2,0
27,Raiden,22,Typhoon,1,1,5630.2,10958.3,2,2,0
27,Raiden,22,Typhoon,1,2,5630.2,13817.0,3,2,1
27,Raiden,22,Typhoon,2,0,6836.7,9529.0,2,2,0
27,Raiden,22,Typhoon,2,1,6836.7,10958.3,2,2,0
27,Raiden,22,Typhoon,2,2,6836.7,13817.0,3,2,1
27,Raiden,23,Sandworm,0,0,5027.0,48645.0,10,10,0
27,Raiden,23,Sandworm,0,1,5027.0,55941.7,12,10,2
27,Raiden,23,Sandworm,0,2,5027.0,70535.2,15,10,5
27,Raiden,23,Sandworm,1,0,5630.2,48645.0,9,10,-1
27,Raiden,23,Sandworm,1,1,5630.2,55941.7,10,10,0
27,Raiden,23,Sandworm,1,2,5630.2,70535.2,13,10,3
27,Raiden,23,Sandworm,2,0,6836.7,48645.0,8,10,-2
27,Raiden,23,Sandworm,2,1,6836.7,55941.7,9,10,-1
27,Raiden,23,Sandworm,2,2,6836.7,70535.2,11,10,1
27,Raiden,24,Tarantula,0,0,5027.0,14773.0,3,3,0
27,Raiden,24,Tarantula,0,1,5027.0,16988.9,4,3,1
27,Raiden,24,Tarantula,0,2,5027.0,21420.8,5,3,2
27,Raiden,24,Tarantula,1,0,5630.2,14773.0,3,3,0
27,Raiden,24,Tarantula,1,1,5630.2,16988.9,4,3,1
27,Raiden,24,Tarantula,1,2,5630.2,21420.8,4,3,1
27,Raiden,24,Tarantula,2,0,6836.7,14773.0,3,3,0
27,Raiden,24,Tarantula,2,1,6836.7,16988.9,3,3,0
27,Raiden,24,Tarantula,2,2,6836.7,21420.8,4,3,1
27,Raiden,25,Phantom Ray,0,0,5027.0,3412.0,1,1,0
27,Raiden,25,Phantom Ray,0,1,5027.0,3923.8,1,1,0
27,Raiden,25,Phantom Ray,0,2,5027.0,4947.4,1,1,0
27,Raiden,25,Phantom Ray,1,0,5630.2,3412.0,1,1,0
27,Raiden,25,Phantom Ray,1,1,5630.2,3923.8,1,1,0
27,Raiden,25,Phantom Ray,1,2,5630.2,4947.4,1,1,0
27,Raiden,25,Phantom Ray,2,0,6836.7,3412.0,1,1,0
27,Raiden,25,Phantom Ray,2,1,6836.7,3923.8,1,1,0
27,Raiden,25,Phantom Ray,2,2,6836.7,4947.4,1,1,0
27,Raiden,26,Farseer,0,0,5027.0,11991.0,3,3,0
27,Raiden,26,Farseer,0,1,5027.0,13789.6,3,3,0
27,Raiden,26,Farseer,0,2,5027.0,17387.0,4,3,1
27,Raiden,26,Farseer,1,0,5630.2,11991.0,3,3,0
27,Raiden,26,Farseer,1,1,5630.2,13789.6,3,3,0
27,Raiden,26,Farseer,1,2,5630.2,17387.0,4,3,1
27,Raiden,26,Farseer,2,0,6836.7,11991.0,2,3,-1
27,Raiden,26,Farseer,2,1,6836.7,13789.6,3,3,0
27,Raiden,26,Farseer,2,2,6836.7,17387.0,3,3,0
27,Raiden,27,Raiden,0,0,5027.0,16065.0,4,4,0
27,Raiden,27,Raiden,0,1,5027.0,18474.8,4,4,0
27,Raiden,27,Raiden,0,2,5027.0,23294.2,5,4,1
27,Raiden,27,Raiden,1,0,5630.2,16065.0,3,4,-1
27,Raiden,27,Raiden,1,1,5630.2,18474.8,4,4,0
27,Raiden,27,Raiden,1,2,5630.2,23294.2,5,4,1
27,Raiden,27,Raiden,2,0,6836.7,16065.0,3,4,-1
27,Raiden,27,Raiden,2,1,6836.7,18474.8,3,4,-1
27,Raiden,27,Raiden,2,2,6836.7,23294.2,4,4,0
27,Raiden,28,Hound,0,0,5027.0,879.0,1,1,0
27,Raiden,28,Hound,0,1,5027.0,1010.8,1,1,0
27,Raiden,28,Hound,0,2,5027.0,1274.5,1,1,0
27,Raiden,28,Hound,1,0,5630.2,879.0,1,1,0
27,Raiden,28,Hound,1,1,5630.2,1010.8,1,1,0
27,Raiden,28,Hound,1,2,5630.2,1274.5,1,1,0
27,Raiden,28,Hound,2,0,6836.7,879.0,1,1,0
27,Raiden,28,Hound,2,1,6836.7,1010.8,1,1,0
27,Raiden,28,Hound,2,2,6836.7,1274.5,1,1,0
27,Raiden,29,Abyss,0,0,5027.0,66955.0,14,14,0
27,Raiden,29,Abyss,0,1,5027.0,76998.2,16,14,2
27,Raiden,29,Abyss,0,2,5027.0,97084.8,20,14,6
27,Raiden,29,Abyss,1,0,5630.2,66955.0,12,14,-2
27,Raiden,29,Abyss,1,1,5630.2,76998.2,14,14,0
27,Raiden,29,Abyss,1,2,5630.2,97084.8,18,14,4
27,Raiden,29,Abyss,2,0,6836.7,66955.0,10,14,-4
27,Raiden,29,Abyss,2,1,6836.7,76998.2,12,14,-2
27,Raiden,29,Abyss,2,2,6836.7,97084.8,15,14,1
27,Raiden,30,Void Eye,0,0,5027.0,1522.0,1,1,0
27,Raiden,30,Void Eye,0,1,5027.0,1750.3,1,1,0
27,Raiden,30,Void Eye,0,2,5027.0,2206.9,1,1,0
27,Raiden,30,Void Eye,1,0,5630.2,1522.0,1,1,0
27,Raiden,30,Void Eye,1,1,5630.2,1750.3,1,1,0
27,Raiden,30,Void Eye,1,2,5630.2,2206.9,1,1,0
27,Raiden,30,Void Eye,2,0,6836.7,1522.0,1,1,0
27,Raiden,30,Void Eye,2,1,6836.7,1750.3,1,1,0
27,Raiden,30,Void Eye,2,2,6836.7,2206.9,1,1,0
27,Raiden,31,Vortex,0,0,5027.0,7425.0,2,2,0
27,Raiden,31,Vortex,0,1,5027.0,8538.8,2,2,0
27,Raiden,31,Vortex,0,2,5027.0,10766.2,3,2,1
27,Raiden,31,Vortex,1,0,5630.2,7425.0,2,2,0
27,Raiden,31,Vortex,1,1,5630.2,8538.8,2,2,0
27,Raiden,31,Vortex,1,2,5630.2,10766.2,2,2,0
27,Raiden,31,Vortex,2,0,6836.7,7425.0,2,2,0
27,Raiden,31,Vortex,2,1,6836.7,8538.8,2,2,0
27,Raiden,31,Vortex,2,2,6836.7,10766.2,2,2,0
27,Raiden,2002,Mountain,0,0,5027.0,136657.0,28,28,0
27,Raiden,2002,Mountain,0,1,5027.0,157155.5,32,28,4
27,Raiden,2002,Mountain,0,2,5027.0,198152.6,40,28,12
27,Raiden,2002,Mountain,1,0,5630.2,136657.0,25,28,-3
27,Raiden,2002,Mountain,1,1,5630.2,157155.5,28,28,0
27,Raiden,2002,Mountain,1,2,5630.2,198152.6,36,28,8
27,Raiden,2002,Mountain,2,0,6836.7,136657.0,20,28,-8
27,Raiden,2002,Mountain,2,1,6836.7,157155.5,23,28,-5
27,Raiden,2002,Mountain,2,2,6836.7,198152.6,29,28,1
28,Hound,1,Fortress,0,0,246.0,43938.0,179,179,0
28,Hound,1,Fortress,0,1,246.0,50528.7,206,179,27
28,Hound,1,Fortress,0,2,246.0,63710.1,259,179,80
28,Hound,1,Fortress,1,0,275.5,43938.0,160,179,-19
28,Hound,1,Fortress,1,1,275.5,50528.7,184,179,5
28,Hound,1,Fortress,1,2,275.5,63710.1,232,179,53
28,Hound,1,Fortress,2,0,334.6,43938.0,132,179,-47
28,Hound,1,Fortress,2,1,334.6,50528.7,152,179,-27
28,Hound,1,Fortress,2,2,334.6,63710.1,191,179,12
28,Hound,2,Marksman,0,0,246.0,1622.0,7,7,0
28,Hound,2,Marksman,0,1,246.0,1865.3,8,7,1
28,Hound,2,Marksman,0,2,246.0,2351.9,10,7,3
28,Hound,2,Marksman,1,0,275.5,1622.0,6,7,-1
28,Hound,2,Marksman,1,1,275.5,1865.3,7,7,0
28,Hound,2,Marksman,1,2,275.5,2351.9,9,7,2
28,Hound,2,Marksman,2,0,334.6,1622.0,5,7,-2
28,Hound,2,Marksman,2,1,334.6,1865.3,6,7,-1
28,Hound,2,Marksman,2,2,334.6,2351.9,8,7,1
28,Hound,3,Vulcan,0,0,246.0,30279.0,124,124,0
28,Hound,3,Vulcan,0,1,246.0,34820.8,142,124,18
28,Hound,3,Vulcan,0,2,246.0,43904.5,179,124,55
28,Hound,3,Vulcan,1,0,275.5,30279.0,110,124,-14
28,Hound,3,Vulcan,1,1,275.5,34820.8,127,124,3
28,Hound,3,Vulcan,1,2,275.5,43904.5,160,124,36
28,Hound,3,Vulcan,2,0,334.6,30279.0,91,124,-33
28,Hound,3,Vulcan,2,1,334.6,34820.8,105,124,-19
28,Hound,3,Vulcan,2,2,334.6,43904.5,132,124,8
28,Hound,4,Melting Point,0,0,246.0,30907.0,126,126,0
28,Hound,4,Melting Point,0,1,246.0,35543.0,145,126,19
28,Hound,4,Melting Point,0,2,246.0,44815.2,183,126,57
28,Hound,4,Melting Point,1,0,275.5,30907.0,113,126,-13
28,Hound,4,Melting Point,1,1,275.5,35543.0,130,126,4
28,Hound,4,Melting Point,1,2,275.5,44815.2,163,126,37
28,Hound,4,Melting Point,2,0,334.6,30907.0,93,126,-33
28,Hound,4,Melting Point,2,1,334.6,35543.0,107,126,-19
28,Hound,4,Melting Point,2,2,334.6,44815.2,134,126,8
28,Hound,5,Rhino,0,0,246.0,19297.0,79,79,0
28,Hound,5,Rhino,0,1,246.0,22191.5,91,79,12
28,Hound,5,Rhino,0,2,246.0,27980.6,114,79,35
28,Hound,5,Rhino,1,0,275.5,19297.0,71,79,-8
28,Hound,5,Rhino,1,1,275.5,22191.5,81,79,2
28,Hound,5,Rhino,1,2,275.5,27980.6,102,79,23
28,Hound,5,Rhino,2,0,334.6,19297.0,58,79,-21
28,Hound,5,Rhino,2,1,334.6,22191.5,67,79,-12
28,Hound,5,Rhino,2,2,334.6,27980.6,84,79,5
28,Hound,7,Mustang,0,0,246.0,343.0,2,2,0
28,Hound,7,Mustang,0,1,246.0,394.4,2,2,0
28,Hound,7,Mustang,0,2,246.0,497.3,3,2,1
28,Hound,7,Mustang,1,0,275.5,343.0,2,2,0
28,Hound,7,Mustang,1,1,275.5,394.4,2,2,0
28,Hound,7,Mustang,1,2,275.5,497.3,2,2,0
28,Hound,7,Mustang,2,0,334.6,343.0,2,2,0
28,Hound,7,Mustang,2,1,334.6,394.4,2,2,0
28,Hound,7,Mustang,2,2,334.6,497.3,2,2,0
28,Hound,8,Steel Ball,0,0,246.0,4571.0,19,19,0
28,Hound,8,Steel Ball,0,1,246.0,5256.6,22,19,3
28,Hound,8,Steel Ball,0,2,246.0,6627.9,27,19,8
28,Hound,8,Steel Ball,1,0,275.5,4571.0,17,19,-2
28,Hound,8,Steel Ball,1,1,275.5,5256.6,20,19,1
28,Hound,8,Steel Ball,1,2,275.5,6627.9,25,19,6
28,Hound,8,Steel Ball,2,0,334.6,4571.0,14,19,-5
28,Hound,8,Steel Ball,2,1,334.6,5256.6,16,19,-3
28,Hound,8,Steel Ball,2,2,334.6,6627.9,20,19,1
28,Hound,9,Fang,0,0,246.0,117.0,1,1,0
28,Hound,9,Fang,0,1,246.0,134.5,1,1,0
28,Hound,9,Fang,0,2,246.0,169.7,1,1,0
28,Hound,9,Fang,1,0,275.5,117.0,1,1,0
28,Hound,9,Fang,1,1,275.5,134.5,1,1,0
28,Hound,9,Fang,1,2,275.5,169.7,1,1,0
28,Hound,9,Fang,2,0,334.6,117.0,1,1,0
28,Hound,9,Fang,2,1,334.6,134.5,1,1,0
28,Hound,9,Fang,2,2,334.6,169.7,1,1,0
28,Hound,10,Crawler,0,0,246.0,263.0,2,2,0
28,Hound,10,Crawler,0,1,246.0,302.4,2,2,0
28,Hound,10,Crawler,0,2,246.0,381.3,2,2,0
28,Hound,10,Crawler,1,0,275.5,263.0,1,2,-1
28,Hound,10,Crawler,1,1,275.5,302.4,2,2,0
28,Hound,10,Crawler,1,2,275.5,381.3,2,2,0
28,Hound,10,Crawler,2,0,334.6,263.0,1,2,-1
28,Hound,10,Crawler,2,1,334.6,302.4,1,2,-1
28,Hound,10,Crawler,2,2,334.6,381.3,2,2,0
28,Hound,12,Stormcaller,0,0,246.0,1149.0,5,5,0
28,Hound,12,Stormcaller,0,1,246.0,1321.3,6,5,1
28,Hound,12,Stormcaller,0,2,246.0,1666.0,7,5,2
28,Hound,12,Stormcaller,1,0,275.5,1149.0,5,5,0
28,Hound,12,Stormcaller,1,1,275.5,1321.3,5,5,0
28,Hound,12,Stormcaller,1,2,275.5,1666.0,7,5,2
28,Hound,12,Stormcaller,2,0,334.6,1149.0,4,5,-1
28,Hound,12,Stormcaller,2,1,334.6,1321.3,4,5,-1
28,Hound,12,Stormcaller,2,2,334.6,1666.0,5,5,0
28,Hound,13,Sledgehammer,0,0,246.0,3478.0,15,15,0
28,Hound,13,Sledgehammer,0,1,246.0,3999.7,17,15,2
28,Hound,13,Sledgehammer,0,2,246.0,5043.1,21,15,6
28,Hound,13,Sledgehammer,1,0,275.5,3478.0,13,15,-2
28,Hound,13,Sledgehammer,1,1,275.5,3999.7,15,15,0
28,Hound,13,Sledgehammer,1,2,275.5,5043.1,19,15,4
28,Hound,13,Sledgehammer,2,0,334.6,3478.0,11,15,-4
28,Hound,13,Sledgehammer,2,1,334.6,3999.7,12,15,-3
28,Hound,13,Sledgehammer,2,2,334.6,5043.1,16,15,1
28,Hound,14,Hacker,0,0,246.0,3249.0,14,14,0
28,Hound,14,Hacker,0,1,246.0,3736.3,16,14,2
28,Hound,14,Hacker,0,2,246.0,4711.1,20,14,6
28,Hound,14,Hacker,1,0,275.5,3249.0,12,14,-2
28,Hound,14,Hacker,1,1,275.5,3736.3,14,14,0
28,Hound,14,Hacker,1,2,275.5,4711.1,18,14,4
28,Hound,14,Hacker,2,0,334.6,3249.0,10,14,-4
28,Hound,14,Hacker,2,1,334.6,3736.3,12,14,-2
28,Hound,14,Hacker,2,2,334.6,4711.1,15,14,1
28,Hound,15,Arclight,0,0,246.0,4813.0,20,20,0
28,Hound,15,Arclight,0,1,246.0,5534.9,23,20,3
28,Hound,15,Arclight,0,2,246.0,6978.8,29,20,9
28,Hound,15,Arclight,1,0,275.5,4813.0,18,20,-2
28,Hound,15,Arclight,1,1,275.5,5534.9,21,20,1
28,Hound,15,Arclight,1,2,275.5,6978.8,26,20,6
28,Hound,15,Arclight,2,0,334.6,4813.0,15,20,-5
28,Hound,15,Arclight,2,1,334.6,5534.9,17,20,-3
28,Hound,15,Arclight,2,2,334.6,6978.8,21,20,1
28,Hound,17,War Factory,0,0,246.0,113593.0,462,462,0
28,Hound,17,War Factory,0,1,246.0,130631.9,532,462,70
28,Hound,17,War Factory,0,2,246.0,164709.9,670,462,208
28,Hound,17,War Factory,1,0,275.5,113593.0,413,462,-49
28,Hound,17,War Factory,1,1,275.5,130631.9,475,462,13
28,Hound,17,War Factory,1,2,275.5,164709.9,598,462,136
28,Hound,17,War Factory,2,0,334.6,113593.0,340,462,-122
28,Hound,17,War Factory,2,1,334.6,130631.9,391,462,-71
28,Hound,17,War Factory,2,2,334.6,164709.9,493,462,31
28,Hound,19,Scorpion,0,0,246.0,18632.0,76,76,0
28,Hound,19,Scorpion,0,1,246.0,21426.8,88,76,12
28,Hound,19,Scorpion,0,2,246.0,27016.4,110,76,34
28,Hound,19,Scorpion,1,0,275.5,18632.0,68,76,-8
28,Hound,19,Scorpion,1,1,275.5,21426.8,78,76,2
28,Hound,19,Scorpion,1,2,275.5,27016.4,99,76,23
28,Hound,19,Scorpion,2,0,334.6,18632.0,56,76,-20
28,Hound,19,Scorpion,2,1,334.6,21426.8,65,76,-11
28,Hound,19,Scorpion,2,2,334.6,27016.4,81,76,5
28,Hound,20,Fire Badger,0,0,246.0,4222.0,18,18,0
28,Hound,20,Fire Badger,0,1,246.0,4855.3,20,18,2
28,Hound,20,Fire Badger,0,2,246.0,6121.9,25,18,7
28,Hound,20,Fire Badger,1,0,275.5,4222.0,16,18,-2
28,Hound,20,Fire Badger,1,1,275.5,4855.3,18,18,0
28,Hound,20,Fire Badger,1,2,275.5,6121.9,23,18,5
28,Hound,20,Fire Badger,2,0,334.6,4222.0,13,18,-5
28,Hound,20,Fire Badger,2,1,334.6,4855.3,15,18,-3
28,Hound,20,Fire Badger,2,2,334.6,6121.9,19,18,1
28,Hound,21,Sabertooth,0,0,246.0,14886.0,61,61,0
28,Hound,21,Sabertooth,0,1,246.0,17118.9,70,61,9
28,Hound,21,Sabertooth,0,2,246.0,21584.7,88,61,27
28,Hound,21,Sabertooth,1,0,275.5,14886.0,55,61,-6
28,Hound,21,Sabertooth,1,1,275.5,17118.9,63,61,2
28,Hound,21,Sabertooth,1,2,275.5,21584.7,79,61,18
28,Hound,21,Sabertooth,2,0,334.6,14886.0,45,61,-16
28,Hound,21,Sabertooth,2,1,334.6,17118.9,52,61,-9
28,Hound,21,Sabertooth,2,2,334.6,21584.7,65,61,4
28,Hound,22,Typhoon,0,0,246.0,9529.0,39,39,0
28,Hound,22,Typhoon,0,1,246.0,10958.3,45,39,6
28,Hound,22,Typhoon,0,2,246.0,13817.0,57,39,18
28,Hound,22,Typhoon,1,0,275.5,9529.0,35,39,-4
28,Hound,22,Typhoon,1,1,275.5,10958.3,40,39,1
28,Hound,22,Typhoon,1,2,275.5,13817.0,51,39,12
28,Hound,22,Typhoon,2,0,334.6,9529.0,29,39,-10
28,Hound,22,Typhoon,2,1,334.6,10958.3,33,39,-6
28,Hound,22,Typhoon,2,2,334.6,13817.0,42,39,3
28,Hound,23,Sandworm,0,0,246.0,48645.0,198,198,0
28,Hound,23,Sandworm,0,1,246.0,55941.7,228,198,30
28,Hound,23,Sandworm,0,2,246.0,70535.2,287,198,89
28,Hound,23,Sandworm,1,0,275.5,48645.0,177,198,-21
28,Hound,23,Sandworm,1,1,275.5,55941.7,204,198,6
28,Hound,23,Sandworm,1,2,275.5,70535.2,257,198,59
28,Hound,23,Sandworm,2,0,334.6,48645.0,146,198,-52
28,Hound,23,Sandworm,2,1,334.6,55941.7,168,198,-30
28,Hound,23,Sandworm,2,2,334.6,70535.2,211,198,13
28,Hound,24,Tarantula,0,0,246.0,14773.0,61,61,0
28,Hound,24,Tarantula,0,1,246.0,16988.9,70,61,9
28,Hound,24,Tarantula,0,2,246.0,21420.8,88,61,27
28,Hound,24,Tarantula,1,0,275.5,14773.0,54,61,-7
28,Hound,24,Tarantula,1,1,275.5,16988.9,62,61,1
28,Hound,24,Tarantula,1,2,275.5,21420.8,78,61,17
28,Hound,24,Tarantula,2,0,334.6,14773.0,45,61,-16
28,Hound,24,Tarantula,2,1,334.6,16988.9,51,61,-10
28,Hound,24,Tarantula,2,2,334.6,21420.8,65,61,4
28,Hound,26,Farseer,0,0,246.0,11991.0,49,49,0
28,Hound,26,Farseer,0,1,246.0,13789.6,57,49,8
28,Hound,26,Farseer,0,2,246.0,17387.0,71,49,22
28,Hound,26,Farseer,1,0,275.5,11991.0,44,49,-5
28,Hound,26,Farseer,1,1,275.5,13789.6,51,49,2
28,Hound,26,Farseer,1,2,275.5,17387.0,64,49,15
28,Hound,26,Farseer,2,0,334.6,11991.0,36,49,-13
28,Hound,26,Farseer,2,1,334.6,13789.6,42,49,-7
28,Hound,26,Farseer,2,2,334.6,17387.0,52,49,3
28,Hound,28,Hound,0,0,246.0,879.0,4,4,0
28,Hound,28,Hound,0,1,246.0,1010.8,5,4,1
28,Hound,28,Hound,0,2,246.0,1274.5,6,4,2
28,Hound,28,Hound,1,0,275.5,879.0,4,4,0
28,Hound,28,Hound,1,1,275.5,1010.8,4,4,0
28,Hound,28,Hound,1,2,275.5,1274.5,5,4,1
28,Hound,28,Hound,2,0,334.6,879.0,3,4,-1
28,Hound,28,Hound,2,1,334.6,1010.8,4,4,0
28,Hound,28,Hound,2,2,334.6,1274.5,4,4,0
28,Hound,30,Void Eye,0,0,246.0,1522.0,7,7,0
28,Hound,30,Void Eye,0,1,246.0,1750.3,8,7,1
28,Hound,30,Void Eye,0,2,246.0,2206.9,9,7,2
28,Hound,30,Void Eye,1,0,275.5,1522.0,6,7,-1
28,Hound,30,Void Eye,1,1,275.5,1750.3,7,7,0
28,Hound,30,Void Eye,1,2,275.5,2206.9,9,7,2
28,Hound,30,Void Eye,2,0,334.6,1522.0,5,7,-2
28,Hound,30,Void Eye,2,1,334.6,1750.3,6,7,-1
28,Hound,30,Void Eye,2,2,334.6,2206.9,7,7,0
28,Hound,31,Vortex,0,0,246.0,7425.0,31,31,0
28,Hound,31,Vortex,0,1,246.0,8538.8,35,31,4
28,Hound,31,Vortex,0,2,246.0,10766.2,44,31,13
28,Hound,31,Vortex,1,0,275.5,7425.0,27,31,-4
28,Hound,31,Vortex,1,1,275.5,8538.8,31,31,0
28,Hound,31,Vortex,1,2,275.5,10766.2,40,31,9
28,Hound,31,Vortex,2,0,334.6,7425.0,23,31,-8
28,Hound,31,Vortex,2,1,334.6,8538.8,26,31,-5
28,Hound,31,Vortex,2,2,334.6,10766.2,33,31,2
28,Hound,2002,Mountain,0,0,246.0,136657.0,556,556,0
28,Hound,2002,Mountain,0,1,246.0,157155.5,639,556,83
28,Hound,2002,Mountain,0,2,246.0,198152.6,806,556,250
28,Hound,2002,Mountain,1,0,275.5,136657.0,496,556,-60
28,Hound,2002,Mountain,1,1,275.5,157155.5,571,556,15
28,Hound,2002,Mountain,1,2,275.5,198152.6,720,556,164
28,Hound,2002,Mountain,2,0,334.6,136657.0,409,556,-147
28,Hound,2002,Mountain,2,1,334.6,157155.5,470,556,-86
28,Hound,2002,Mountain,2,2,334.6,198152.6,593,556,37
29,Abyss,1,Fortress,0,0,3859.0,43938.0,12,12,0
29,Abyss,1,Fortress,0,1,3859.0,50528.7,14,12,2
29,Abyss,1,Fortress,0,2,3859.0,63710.1,17,12,5
29,Abyss,1,Fortress,1,0,4322.1,43938.0,11,12,-1
29,Abyss,1,Fortress,1,1,4322.1,50528.7,12,12,0
29,Abyss,1,Fortress,1,2,4322.1,63710.1,15,12,3
29,Abyss,1,Fortress,2,0,5248.2,43938.0,9,12,-3
29,Abyss,1,Fortress,2,1,5248.2,50528.7,10,12,-2
29,Abyss,1,Fortress,2,2,5248.2,63710.1,13,12,1
29,Abyss,2,Marksman,0,0,3859.0,1622.0,1,1,0
29,Abyss,2,Marksman,0,1,3859.0,1865.3,1,1,0
29,Abyss,2,Marksman,0,2,3859.0,2351.9,1,1,0
29,Abyss,2,Marksman,1,0,4322.1,1622.0,1,1,0
29,Abyss,2,Marksman,1,1,4322.1,1865.3,1,1,0
29,Abyss,2,Marksman,1,2,4322.1,2351.9,1,1,0
29,Abyss,2,Marksman,2,0,5248.2,1622.0,1,1,0
29,Abyss,2,Marksman,2,1,5248.2,1865.3,1,1,0
29,Abyss,2,Marksman,2,2,5248.2,2351.9,1,1,0
29,Abyss,3,Vulcan,0,0,3859.0,30279.0,8,8,0
29,Abyss,3,Vulcan,0,1,3859.0,34820.8,10,8,2
29,Abyss,3,Vulcan,0,2,3859.0,43904.5,12,8,4
29,Abyss,3,Vulcan,1,0,4322.1,30279.0,8,8,0
29,Abyss,3,Vulcan,1,1,4322.1,34820.8,9,8,1
29,Abyss,3,Vulcan,1,2,4322.1,43904.5,11,8,3
29,Abyss,3,Vulcan,2,0,5248.2,30279.0,6,8,-2
29,Abyss,3,Vulcan,2,1,5248.2,34820.8,7,8,-1
29,Abyss,3,Vulcan,2,2,5248.2,43904.5,9,8,1
29,Abyss,4,Melting Point,0,0,3859.0,30907.0,9,9,0
29,Abyss,4,Melting Point,0,1,3859.0,35543.0,10,9,1
29,Abyss,4,Melting Point,0,2,3859.0,44815.2,12,9,3
29,Abyss,4,Melting Point,1,0,4322.1,30907.0,8,9,-1
29,Abyss,4,Melting Point,1,1,4322.1,35543.0,9,9,0
29,Abyss,4,Melting Point,1,2,4322.1,44815.2,11,9,2
29,Abyss,4,Melting Point,2,0,5248.2,30907.0,6,9,-3
29,Abyss,4,Melting Point,2,1,5248.2,35543.0,7,9,-2
29,Abyss,4,Melting Point,2,2,5248.2,44815.2,9,9,0
29,Abyss,5,Rhino,0,0,3859.0,19297.0,6,6,0
29,Abyss,5,Rhino,0,1,3859.0,22191.5,6,6,0
29,Abyss,5,Rhino,0,2,3859.0,27980.6,8,6,2
29,Abyss,5,Rhino,1,0,4322.1,19297.0,5,6,-1
29,Abyss,5,Rhino,1,1,4322.1,22191.5,6,6,0
29,Abyss,5,Rhino,1,2,4322.1,27980.6,7,6,1
29,Abyss,5,Rhino,2,0,5248.2,19297.0,4,6,-2
29,Abyss,5,Rhino,2,1,5248.2,22191.5,5,6,-1
29,Abyss,5,Rhino,2,2,5248.2,27980.6,6,6,0
29,Abyss,6,Wasp,0,0,3859.0,311.0,1,1,0
29,Abyss,6,Wasp,0,1,3859.0,357.6,1,1,0
29,Abyss,6,Wasp,0,2,3859.0,450.9,1,1,0
29,Abyss,6,Wasp,1,0,4322.1,311.0,1,1,0
29,Abyss,6,Wasp,1,1,4322.1,357.6,1,1,0
29,Abyss,6,Wasp,1,2,4322.1,450.9,1,1,0
29,Abyss,6,Wasp,2,0,5248.2,311.0,1,1,0
29,Abyss,6,Wasp,2,1,5248.2,357.6,1,1,0
29,Abyss,6,Wasp,2,2,5248.2,450.9,1,1,0
29,Abyss,7,Mustang,0,0,3859.0,343.0,1,1,0
29,Abyss,7,Mustang,0,1,3859.0,394.4,1,1,0
29,Abyss,7,Mustang,0,2,3859.0,497.3,1,1,0
29,Abyss,7,Mustang,1,0,4322.1,343.0,1,1,0
29,Abyss,7,Mustang,1,1,4322.1,394.4,1,1,0
29,Abyss,7,Mustang,1,2,4322.1,497.3,1,1,0
29,Abyss,7,Mustang,2,0,5248.2,343.0,1,1,0
29,Abyss,7,Mustang,2,1,5248.2,394.4,1,1,0
29,Abyss,7,Mustang,2,2,5248.2,497.3,1,1,0
29,Abyss,8,Steel Ball,0,0,3859.0,4571.0,2,2,0
29,Abyss,8,Steel Ball,0,1,3859.0,5256.6,2,2,0
29,Abyss,8,Steel Ball,0,2,3859.0,6627.9,2,2,0
29,Abyss,8,Steel Ball,1,0,4322.1,4571.0,2,2,0
29,Abyss,8,Steel Ball,1,1,4322.1,5256.6,2,2,0
29,Abyss,8,Steel Ball,1,2,4322.1,6627.9,2,2,0
29,Abyss,8,Steel Ball,2,0,5248.2,4571.0,1,2,-1
29,Abyss,8,Steel Ball,2,1,5248.2,5256.6,2,2,0
29,Abyss,8,Steel Ball,2,2,5248.2,6627.9,2,2,0
29,Abyss,9,Fang,0,0,3859.0,117.0,1,1,0
29,Abyss,9,Fang,0,1,3859.0,134.5,1,1,0
29,Abyss,9,Fang,0,2,3859.0,169.7,1,1,0
29,Abyss,9,Fang,1,0,4322.1,117.0,1,1,0
29,Abyss,9,Fang,1,1,4322.1,134.5,1,1,0
29,Abyss,9,Fang,1,2,4322.1,169.7,1,1,0
29,Abyss,9,Fang,2,0,5248.2,117.0,1,1,0
29,Abyss,9,Fang,2,1,5248.2,134.5,1,1,0
29,Abyss,9,Fang,2,2,5248.2,169.7,1,1,0
29,Abyss,10,Crawler,0,0,3859.0,263.0,1,1,0
29,Abyss,10,Crawler,0,1,3859.0,302.4,1,1,0
29,Abyss,10,Crawler,0,2,3859.0,381.3,1,1,0
29,Abyss,10,Crawler,1,0,4322.1,263.0,1,1,0
29,Abyss,10,Crawler,1,1,4322.1,302.4,1,1,0
29,Abyss,10,Crawler,1,2,4322.1,381.3,1,1,0
29,Abyss,10,Crawler,2,0,5248.2,263.0,1,1,0
29,Abyss,10,Crawler,2,1,5248.2,302.4,1,1,0
29,Abyss,10,Crawler,2,2,5248.2,381.3,1,1,0
29,Abyss,11,Overlord,0,0,3859.0,21339.0,6,6,0
29,Abyss,11,Overlord,0,1,3859.0,24539.8,7,6,1
29,Abyss,11,Overlord,0,2,3859.0,30941.5,9,6,3
29,Abyss,11,Overlord,1,0,4322.1,21339.0,5,6,-1
29,Abyss,11,Overlord,1,1,4322.1,24539.8,6,6,0
29,Abyss,11,Overlord,1,2,4322.1,30941.5,8,6,2
29,Abyss,11,Overlord,2,0,5248.2,21339.0,5,6,-1
29,Abyss,11,Overlord,2,1,5248.2,24539.8,5,6,-1
29,Abyss,11,Overlord,2,2,5248.2,30941.5,6,6,0
29,Abyss,12,Stormcaller,0,0,3859.0,1149.0,1,1,0
29,Abyss,12,Stormcaller,0,1,3859.0,1321.3,1,1,0
29,Abyss,12,Stormcaller,0,2,3859.0,1666.0,1,1,0
29,Abyss,12,Stormcaller,1,0,4322.1,1149.0,1,1,0
29,Abyss,12,Stormcaller,1,1,4322.1,1321.3,1,1,0
29,Abyss,12,Stormcaller,1,2,4322.1,1666.0,1,1,0
29,Abyss,12,Stormcaller,2,0,5248.2,1149.0,1,1,0
29,Abyss,12,Stormcaller,2,1,5248.2,1321.3,1,1,0
29,Abyss,12,Stormcaller,2,2,5248.2,1666.0,1,1,0
29,Abyss,13,Sledgehammer,0,0,3859.0,3478.0,1,1,0
29,Abyss,13,Sledgehammer,0,1,3859.0,3999.7,2,1,1
29,Abyss,13,Sledgehammer,0,2,3859.0,5043.1,2,1,1
29,Abyss,13,Sledgehammer,1,0,4322.1,3478.0,1,1,0
29,Abyss,13,Sledgehammer,1,1,4322.1,3999.7,1,1,0
29,Abyss,13,Sledgehammer,1,2,4322.1,5043.1,2,1,1
29,Abyss,13,Sledgehammer,2,0,5248.2,3478.0,1,1,0
29,Abyss,13,Sledgehammer,2,1,5248.2,3999.7,1,1,0
29,Abyss,13,Sledgehammer,2,2,5248.2,5043.1,1,1,0
29,Abyss,14,Hacker,0,0,3859.0,3249.0,1,1,0
29,Abyss,14,Hacker,0,1,3859.0,3736.3,1,1,0
29,Abyss,14,Hacker,0,2,3859.0,4711.1,2,1,1
29,Abyss,14,Hacker,1,0,4322.1,3249.0,1,1,0
29,Abyss,14,Hacker,1,1,4322.1,3736.3,1,1,0
29,Abyss,14,Hacker,1,2,4322.1,4711.1,2,1,1
29,Abyss,14,Hacker,2,0,5248.2,3249.0,1,1,0
29,Abyss,14,Hacker,2,1,5248.2,3736.3,1,1,0
29,Abyss,14,Hacker,2,2,5248.2,4711.1,1,1,0
29,Abyss,15,Arclight,0,0,3859.0,4813.0,2,2,0
29,Abyss,15,Arclight,0,1,3859.0,5534.9,2,2,0
29,Abyss,15,Arclight,0,2,3859.0,6978.8,2,2,0
29,Abyss,15,Arclight,1,0,4322.1,4813.0,2,2,0
29,Abyss,15,Arclight,1,1,4322.1,5534.9,2,2,0
29,Abyss,15,Arclight,1,2,4322.1,6978.8,2,2,0
29,Abyss,15,Arclight,2,0,5248.2,4813.0,1,2,-1
29,Abyss,15,Arclight,2,1,5248.2,5534.9,2,2,0
29,Abyss,15,Arclight,2,2,5248.2,6978.8,2,2,0
29,Abyss,16,Phoenix,0,0,3859.0,1491.0,1,1,0
29,Abyss,16,Phoenix,0,1,3859.0,1714.6,1,1,0
29,Abyss,16,Phoenix,0,2,3859.0,2161.9,1,1,0
29,Abyss,16,Phoenix,1,0,4322.1,1491.0,1,1,0
29,Abyss,16,Phoenix,1,1,4322.1,1714.6,1,1,0
29,Abyss,16,Phoenix,1,2,4322.1,2161.9,1,1,0
29,Abyss,16,Phoenix,2,0,5248.2,1491.0,1,1,0
29,Abyss,16,Phoenix,2,1,5248.2,1714.6,1,1,0
29,Abyss,16,Phoenix,2,2,5248.2,2161.9,1,1,0
29,Abyss,17,War Factory,0,0,3859.0,113593.0,30,30,0
29,Abyss,17,War Factory,0,1,3859.0,130631.9,34,30,4
29,Abyss,17,War Factory,0,2,3859.0,164709.9,43,30,13
29,Abyss,17,War Factory,1,0,4322.1,113593.0,27,30,-3
29,Abyss,17,War Factory,1,1,4322.1,130631.9,31,30,1
29,Abyss,17,War Factory,1,2,4322.1,164709.9,39,30,9
29,Abyss,17,War Factory,2,0,5248.2,113593.0,22,30,-8
29,Abyss,17,War Factory,2,1,5248.2,130631.9,25,30,-5
29,Abyss,17,War Factory,2,2,5248.2,164709.9,32,30,2
29,Abyss,18,Wraith,0,0,3859.0,14115.0,4,4,0
29,Abyss,18,Wraith,0,1,3859.0,16232.2,5,4,1
29,Abyss,18,Wraith,0,2,3859.0,20466.8,6,4,2
29,Abyss,18,Wraith,1,0,4322.1,14115.0,4,4,0
29,Abyss,18,Wraith,1,1,4322.1,16232.2,4,4,0
29,Abyss,18,Wraith,1,2,4322.1,20466.8,5,4,1
29,Abyss,18,Wraith,2,0,5248.2,14115.0,3,4,-1
29,Abyss,18,Wraith,2,1,5248.2,16232.2,4,4,0
29,Abyss,18,Wraith,2,2,5248.2,20466.8,4,4,0
29,Abyss,19,Scorpion,0,0,3859.0,18632.0,5,5,0
29,Abyss,19,Scorpion,0,1,3859.0,21426.8,6,5,1
29,Abyss,19,Scorpion,0,2,3859.0,27016.4,8,5,3
29,Abyss,19,Scorpion,1,0,4322.1,18632.0,5,5,0
29,Abyss,19,Scorpion,1,1,4322.1,21426.8,5,5,0
29,Abyss,19,Scorpion,1,2,4322.1,27016.4,7,5,2
29,Abyss,19,Scorpion,2,0,5248.2,18632.0,4,5,-1
29,Abyss,19,Scorpion,2,1,5248.2,21426.8,5,5,0
29,Abyss,19,Scorpion,2,2,5248.2,27016.4,6,5,1
29,Abyss,20,Fire Badger,0,0,3859.0,4222.0,2,2,0
29,Abyss,20,Fire Badger,0,1,3859.0,4855.3,2,2,0
29,Abyss,20,Fire Badger,0,2,3859.0,6121.9,2,2,0
29,Abyss,20,Fire Badger,1,0,4322.1,4222.0,1,2,-1
29,Abyss,20,Fire Badger,1,1,4322.1,4855.3,2,2,0
29,Abyss,20,Fire Badger,1,2,4322.1,6121.9,2,2,0
29,Abyss,20,Fire Badger,2,0,5248.2,4222.0,1,2,-1
29,Abyss,20,Fire Badger,2,1,5248.2,4855.3,1,2,-1
29,Abyss,20,Fire Badger,2,2,5248.2,6121.9,2,2,0
29,Abyss,21,Sabertooth,0,0,3859.0,14886.0,4,4,0
29,Abyss,21,Sabertooth,0,1,3859.0,17118.9,5,4,1
29,Abyss,21,Sabertooth,0,2,3859.0,21584.7,6,4,2
29,Abyss,21,Sabertooth,1,0,4322.1,14886.0,4,4,0
29,Abyss,21,Sabertooth,1,1,4322.1,17118.9,4,4,0
29,Abyss,21,Sabertooth,1,2,4322.1,21584.7,5,4,1
29,Abyss,21,Sabertooth,2,0,5248.2,14886.0,3,4,-1
29,Abyss,21,Sabertooth,2,1,5248.2,17118.9,4,4,0
29,Abyss,21,Sabertooth,2,2,5248.2,21584.7,5,4,1
29,Abyss,22,Typhoon,0,0,3859.0,9529.0,3,3,0
29,Abyss,22,Typhoon,0,1,3859.0,10958.3,3,3,0
29,Abyss,22,Typhoon,0,2,3859.0,13817.0,4,3,1
29,Abyss,22,Typhoon,1,0,4322.1,9529.0,3,3,0
29,Abyss,22,Typhoon,1,1,4322.1,10958.3,3,3,0
29,Abyss,22,Typhoon,1,2,4322.1,13817.0,4,3,1
29,Abyss,22,Typhoon,2,0,5248.2,9529.0,2,3,-1
29,Abyss,22,Typhoon,2,1,5248.2,10958.3,3,3,0
29,Abyss,22,Typhoon,2,2,5248.2,13817.0,3,3,0
29,Abyss,23,Sandworm,0,0,3859.0,48645.0,13,13,0
29,Abyss,23,Sandworm,0,1,3859.0,55941.7,15,13,2
29,Abyss,23,Sandworm,0,2,3859.0,70535.2,19,13,6
29,Abyss,23,Sandworm,1,0,4322.1,48645.0,12,13,-1
29,Abyss,23,Sandworm,1,1,4322.1,55941.7,13,13,0
29,Abyss,23,Sandworm,1,2,4322.1,70535.2,17,13,4
29,Abyss,23,Sandworm,2,0,5248.2,48645.0,10,13,-3
29,Abyss,23,Sandworm,2,1,5248.2,55941.7,11,13,-2
29,Abyss,23,Sandworm,2,2,5248.2,70535.2,14,13,1
29,Abyss,24,Tarantula,0,0,3859.0,14773.0,4,4,0
29,Abyss,24,Tarantula,0,1,3859.0,16988.9,5,4,1
29,Abyss,24,Tarantula,0,2,3859.0,21420.8,6,4,2
29,Abyss,24,Tarantula,1,0,4322.1,14773.0,4,4,0
29,Abyss,24,Tarantula,1,1,4322.1,16988.9,4,4,0
29,Abyss,24,Tarantula,1,2,4322.1,21420.8,5,4,1
29,Abyss,24,Tarantula,2,0,5248.2,14773.0,3,4,-1
29,Abyss,24,Tarantula,2,1,5248.2,16988.9,4,4,0
29,Abyss,24,Tarantula,2,2,5248.2,21420.8,5,4,1
29,Abyss,25,Phantom Ray,0,0,3859.0,3412.0,1,1,0
29,Abyss,25,Phantom Ray,0,1,3859.0,3923.8,2,1,1
29,Abyss,25,Phantom Ray,0,2,3859.0,4947.4,2,1,1
29,Abyss,25,Phantom Ray,1,0,4322.1,3412.0,1,1,0
29,Abyss,25,Phantom Ray,1,1,4322.1,3923.8,1,1,0
29,Abyss,25,Phantom Ray,1,2,4322.1,4947.4,2,1,1
29,Abyss,25,Phantom Ray,2,0,5248.2,3412.0,1,1,0
29,Abyss,25,Phantom Ray,2,1,5248.2,3923.8,1,1,0
29,Abyss,25,Phantom Ray,2,2,5248.2,4947.4,1,1,0
29,Abyss,26,Farseer,0,0,3859.0,11991.0,4,4,0
29,Abyss,26,Farseer,0,1,3859.0,13789.6,4,4,0
29,Abyss,26,Farseer,0,2,3859.0,17387.0,5,4,1
29,Abyss,26,Farseer,1,0,4322.1,11991.0,3,4,-1
29,Abyss,26,Farseer,1,1,4322.1,13789.6,4,4,0
29,Abyss,26,Farseer,1,2,4322.1,17387.0,5,4,1
29,Abyss,26,Farseer,2,0,5248.2,11991.0,3,4,-1
29,Abyss,26,Farseer,2,1,5248.2,13789.6,3,4,-1
29,Abyss,26,Farseer,2,2,5248.2,17387.0,4,4,0
29,Abyss,27,Raiden,0,0,3859.0,16065.0,5,5,0
29,Abyss,27,Raiden,0,1,3859.0,18474.8,5,5,0
29,Abyss,27,Raiden,0,2,3859.0,23294.2,7,5,2
29,Abyss,27,Raiden,1,0,4322.1,16065.0,4,5,-1
29,Abyss,27,Raiden,1,1,4322.1,18474.8,5,5,0
29,Abyss,27,Raiden,1,2,4322.1,23294.2,6,5,1
29,Abyss,27,Raiden,2,0,5248.2,16065.0,4,5,-1
29,Abyss,27,Raiden,2,1,5248.2,18474.8,4,5,-1
29,Abyss,27,Raiden,2,2,5248.2,23294.2,5,5,0
29,Abyss,28,Hound,0,0,3859.0,879.0,1,1,0
29,Abyss,28,Hound,0,1,3859.0,1010.8,1,1,0
29,Abyss,28,Hound,0,2,3859.0,1274.5,1,1,0
29,Abyss,28,Hound,1,0,4322.1,879.0,1,1,0
29,Abyss,28,Hound,1,1,4322.1,1010.8,1,1,0
29,Abyss,28,Hound,1,2,4322.1,1274.5,1,1,0
29,Abyss,28,Hound,2,0,5248.2,879.0,1,1,0
29,Abyss,28,Hound,2,1,5248.2,1010.8,1,1,0
29,Abyss,28,Hound,2,2,5248.2,1274.5,1,1,0
29,Abyss,29,Abyss,0,0,3859.0,66955.0,18,18,0
29,Abyss,29,Abyss,0,1,3859.0,76998.2,20,18,2
29,Abyss,29,Abyss,0,2,3859.0,97084.8,26,18,8
29,Abyss,29,Abyss,1,0,4322.1,66955.0,16,18,-2
29,Abyss,29,Abyss,1,1,4322.1,76998.2,18,18,0
29,Abyss,29,Abyss,1,2,4322.1,97084.8,23,18,5
29,Abyss,29,Abyss,2,0,5248.2,66955.0,13,18,-5
29,Abyss,29,Abyss,2,1,5248.2,76998.2,15,18,-3
29,Abyss,29,Abyss,2,2,5248.2,97084.8,19,18,1
29,Abyss,30,Void Eye,0,0,3859.0,1522.0,1,1,0
29,Abyss,30,Void Eye,0,1,3859.0,1750.3,1,1,0
29,Abyss,30,Void Eye,0,2,3859.0,2206.9,1,1,0
29,Abyss,30,Void Eye,1,0,4322.1,1522.0,1,1,0
29,Abyss,30,Void Eye,1,1,4322.1,1750.3,1,1,0
29,Abyss,30,Void Eye,1,2,4322.1,2206.9,1,1,0
29,Abyss,30,Void Eye,2,0,5248.2,1522.0,1,1,0
29,Abyss,30,Void Eye,2,1,5248.2,1750.3,1,1,0
29,Abyss,30,Void Eye,2,2,5248.2,2206.9,1,1,0
29,Abyss,31,Vortex,0,0,3859.0,7425.0,2,2,0
29,Abyss,31,Vortex,0,1,3859.0,8538.8,3,2,1
29,Abyss,31,Vortex,0,2,3859.0,10766.2,3,2,1
29,Abyss,31,Vortex,1,0,4322.1,7425.0,2,2,0
29,Abyss,31,Vortex,1,1,4322.1,8538.8,2,2,0
29,Abyss,31,Vortex,1,2,4322.1,10766.2,3,2,1
29,Abyss,31,Vortex,2,0,5248.2,7425.0,2,2,0
29,Abyss,31,Vortex,2,1,5248.2,8538.8,2,2,0
29,Abyss,31,Vortex,2,2,5248.2,10766.2,3,2,1
29,Abyss,2002,Mountain,0,0,3859.0,136657.0,36,36,0
29,Abyss,2002,Mountain,0,1,3859.0,157155.5,41,36,5
29,Abyss,2002,Mountain,0,2,3859.0,198152.6,52,36,16
29,Abyss,2002,Mountain,1,0,4322.1,136657.0,32,36,-4
29,Abyss,2002,Mountain,1,1,4322.1,157155.5,37,36,1
29,Abyss,2002,Mountain,1,2,4322.1,198152.6,46,36,10
29,Abyss,2002,Mountain,2,0,5248.2,136657.0,27,36,-9
29,Abyss,2002,Mountain,2,1,5248.2,157155.5,30,36,-6
29,Abyss,2002,Mountain,2,2,5248.2,198152.6,38,36,2
30,Void Eye,1,Fortress,0,0,995.0,43938.0,45,45,0
30,Void Eye,1,Fortress,0,1,995.0,50528.7,51,45,6
30,Void Eye,1,Fortress,0,2,995.0,63710.1,65,45,20
30,Void Eye,1,Fortress,1,0,1114.4,43938.0,40,45,-5
30,Void Eye,1,Fortress,1,1,1114.4,50528.7,46,45,1
30,Void Eye,1,Fortress,1,2,1114.4,63710.1,58,45,13
30,Void Eye,1,Fortress,2,0,1353.2,43938.0,33,45,-12
30,Void Eye,1,Fortress,2,1,1353.2,50528.7,38,45,-7
30,Void Eye,1,Fortress,2,2,1353.2,63710.1,48,45,3
30,Void Eye,2,Marksman,0,0,995.0,1622.0,2,2,0
30,Void Eye,2,Marksman,0,1,995.0,1865.3,2,2,0
30,Void Eye,2,Marksman,0,2,995.0,2351.9,3,2,1
30,Void Eye,2,Marksman,1,0,1114.4,1622.0,2,2,0
30,Void Eye,2,Marksman,1,1,1114.4,1865.3,2,2,0
30,Void Eye,2,Marksman,1,2,1114.4,2351.9,3,2,1
30,Void Eye,2,Marksman,2,0,1353.2,1622.0,2,2,0
30,Void Eye,2,Marksman,2,1,1353.2,1865.3,2,2,0
30,Void Eye,2,Marksman,2,2,1353.2,2351.9,2,2,0
30,Void Eye,3,Vulcan,0,0,995.0,30279.0,31,31,0
30,Void Eye,3,Vulcan,0,1,995.0,34820.8,35,31,4
30,Void Eye,3,Vulcan,0,2,995.0,43904.5,45,31,14
30,Void Eye,3,Vulcan,1,0,1114.4,30279.0,28,31,-3
30,Void Eye,3,Vulcan,1,1,1114.4,34820.8,32,31,1
30,Void Eye,3,Vulcan,1,2,1114.4,43904.5,40,31,9
30,Void Eye,3,Vulcan,2,0,1353.2,30279.0,23,31,-8
30,Void Eye,3,Vulcan,2,1,1353.2,34820.8,26,31,-5
30,Void Eye,3,Vulcan,2,2,1353.2,43904.5,33,31,2
30,Void Eye,4,Melting Point,0,0,995.0,30907.0,32,32,0
30,Void Eye,4,Melting Point,0,1,995.0,35543.0,36,32,4
30,Void Eye,4,Melting Point,0,2,995.0,44815.2,46,32,14
30,Void Eye,4,Melting Point,1,0,1114.4,30907.0,28,32,-4
30,Void Eye,4,Melting Point,1,1,1114.4,35543.0,32,32,0
30,Void Eye,4,Melting Point,1,2,1114.4,44815.2,41,32,9
30,Void Eye,4,Melting Point,2,0,1353.2,30907.0,23,32,-9
30,Void Eye,4,Melting Point,2,1,1353.2,35543.0,27,32,-5
30,Void Eye,4,Melting Point,2,2,1353.2,44815.2,34,32,2
30,Void Eye,5,Rhino,0,0,995.0,19297.0,20,20,0
30,Void Eye,5,Rhino,0,1,995.0,22191.5,23,20,3
30,Void Eye,5,Rhino,0,2,995.0,27980.6,29,20,9
30,Void Eye,5,Rhino,1,0,1114.4,19297.0,18,20,-2
30,Void Eye,5,Rhino,1,1,1114.4,22191.5,20,20,0
30,Void Eye,5,Rhino,1,2,1114.4,27980.6,26,20,6
30,Void Eye,5,Rhino,2,0,1353.2,19297.0,15,20,-5
30,Void Eye,5,Rhino,2,1,1353.2,22191.5,17,20,-3
30,Void Eye,5,Rhino,2,2,1353.2,27980.6,21,20,1
30,Void Eye,7,Mustang,0,0,995.0,343.0,1,1,0
30,Void Eye,7,Mustang,0,1,995.0,394.4,1,1,0
30,Void Eye,7,Mustang,0,2,995.0,497.3,1,1,0
30,Void Eye,7,Mustang,1,0,1114.4,343.0,1,1,0
30,Void Eye,7,Mustang,1,1,1114.4,394.4,1,1,0
30,Void Eye,7,Mustang,1,2,1114.4,497.3,1,1,0
30,Void Eye,7,Mustang,2,0,1353.2,343.0,1,1,0
30,Void Eye,7,Mustang,2,1,1353.2,394.4,1,1,0
30,Void Eye,7,Mustang,2,2,1353.2,497.3,1,1,0
30,Void Eye,8,Steel Ball,0,0,995.0,4571.0,5,5,0
30,Void Eye,8,Steel Ball,0,1,995.0,5256.6,6,5,1
30,Void Eye,8,Steel Ball,0,2,995.0,6627.9,7,5,2
30,Void Eye,8,Steel Ball,1,0,1114.4,4571.0,5,5,0
30,Void Eye,8,Steel Ball,1,1,1114.4,5256.6,5,5,0
30,Void Eye,8,Steel Ball,1,2,1114.4,6627.9,6,5,1
30,Void Eye,8,Steel Ball,2,0,1353.2,4571.0,4,5,-1
30,Void Eye,8,Steel Ball,2,1,1353.2,5256.6,4,5,-1
30,Void Eye,8,Steel Ball,2,2,1353.2,6627.9,5,5,0
30,Void Eye,9,Fang,0,0,995.0,117.0,1,1,0
30,Void Eye,9,Fang,0,1,995.0,134.5,1,1,0
30,Void Eye,9,Fang,0,2,995.0,169.7,1,1,0
30,Void Eye,9,Fang,1,0,1114.4,117.0,1,1,0
30,Void Eye,9,Fang,1,1,1114.4,134.5,1,1,0
30,Void Eye,9,Fang,1,2,1114.4,169.7,1,1,0
30,Void Eye,9,Fang,2,0,1353.2,117.0,1,1,0
30,Void Eye,9,Fang,2,1,1353.2,134.5,1,1,0
30,Void Eye,9,Fang,2,2,1353.2,169.7,1,1,0
30,Void Eye,10,Crawler,0,0,995.0,263.0,1,1,0
30,Void Eye,10,Crawler,0,1,995.0,302.4,1,1,0
30,Void Eye,10,Crawler,0,2,995.0,381.3,1,1,0
30,Void Eye,10,Crawler,1,0,1114.4,263.0,1,1,0
30,Void Eye,10,Crawler,1,1,1114.4,302.4,1,1,0
30,Void Eye,10,Crawler,1,2,1114.4,381.3,1,1,0
30,Void Eye,10,Crawler,2,0,1353.2,263.0,1,1,0
30,Void Eye,10,Crawler,2,1,1353.2,302.4,1,1,0
30,Void Eye,10,Crawler,2,2,1353.2,381.3,1,1,0
30,Void Eye,12,Stormcaller,0,0,995.0,1149.0,2,2,0
30,Void Eye,12,Stormcaller,0,1,995.0,1321.3,2,2,0
30,Void Eye,12,Stormcaller,0,2,995.0,1666.0,2,2,0
30,Void Eye,12,Stormcaller,1,0,1114.4,1149.0,2,2,0
30,Void Eye,12,Stormcaller,1,1,1114.4,1321.3,2,2,0
30,Void Eye,12,Stormcaller,1,2,1114.4,1666.0,2,2,0
30,Void Eye,12,Stormcaller,2,0,1353.2,1149.0,1,2,-1
30,Void Eye,12,Stormcaller,2,1,1353.2,1321.3,1,2,-1
30,Void Eye,12,Stormcaller,2,2,1353.2,1666.0,2,2,0
30,Void Eye,13,Sledgehammer,0,0,995.0,3478.0,4,4,0
30,Void Eye,13,Sledgehammer,0,1,995.0,3999.7,5,4,1
30,Void Eye,13,Sledgehammer,0,2,995.0,5043.1,6,4,2
30,Void Eye,13,Sledgehammer,1,0,1114.4,3478.0,4,4,0
30,Void Eye,13,Sledgehammer,1,1,1114.4,3999.7,4,4,0
30,Void Eye,13,Sledgehammer,1,2,1114.4,5043.1,5,4,1
30,Void Eye,13,Sledgehammer,2,0,1353.2,3478.0,3,4,-1
30,Void Eye,13,Sledgehammer,2,1,1353.2,3999.7,3,4,-1
30,Void Eye,13,Sledgehammer,2,2,1353.2,5043.1,4,4,0
30,Void Eye,14,Hacker,0,0,995.0,3249.0,4,4,0
30,Void Eye,14,Hacker,0,1,995.0,3736.3,4,4,0
30,Void Eye,14,Hacker,0,2,995.0,4711.1,5,4,1
30,Void Eye,14,Hacker,1,0,1114.4,3249.0,3,4,-1
30,Void Eye,14,Hacker,1,1,1114.4,3736.3,4,4,0
30,Void Eye,14,Hacker,1,2,1114.4,4711.1,5,4,1
30,Void Eye,14,Hacker,2,0,1353.2,3249.0,3,4,-1
30,Void Eye,14,Hacker,2,1,1353.2,3736.3,3,4,-1
30,Void Eye,14,Hacker,2,2,1353.2,4711.1,4,4,0
30,Void Eye,15,Arclight,0,0,995.0,4813.0,5,5,0
30,Void Eye,15,Arclight,0,1,995.0,5534.9,6,5,1
30,Void Eye,15,Arclight,0,2,995.0,6978.8,8,5,3
30,Void Eye,15,Arclight,1,0,1114.4,4813.0,5,5,0
30,Void Eye,15,Arclight,1,1,1114.4,5534.9,5,5,0
30,Void Eye,15,Arclight,1,2,1114.4,6978.8,7,5,2
30,Void Eye,15,Arclight,2,0,1353.2,4813.0,4,5,-1
30,Void Eye,15,Arclight,2,1,1353.2,5534.9,5,5,0
30,Void Eye,15,Arclight,2,2,1353.2,6978.8,6,5,1
30,Void Eye,17,War Factory,0,0,995.0,113593.0,115,115,0
30,Void Eye,17,War Factory,0,1,995.0,130631.9,132,115,17
30,Void Eye,17,War Factory,0,2,995.0,164709.9,166,115,51
30,Void Eye,17,War Factory,1,0,1114.4,113593.0,102,115,-13
30,Void Eye,17,War Factory,1,1,1114.4,130631.9,118,115,3
30,Void Eye,17,War Factory,1,2,1114.4,164709.9,148,115,33
30,Void Eye,17,War Factory,2,0,1353.2,113593.0,84,115,-31
30,Void Eye,17,War Factory,2,1,1353.2,130631.9,97,115,-18
30,Void Eye,17,War Factory,2,2,1353.2,164709.9,122,115,7
30,Void Eye,19,Scorpion,0,0,995.0,18632.0,19,19,0
30,Void Eye,19,Scorpion,0,1,995.0,21426.8,22,19,3
30,Void Eye,19,Scorpion,0,2,995.0,27016.4,28,19,9
30,Void Eye,19,Scorpion,1,0,1114.4,18632.0,17,19,-2
30,Void Eye,19,Scorpion,1,1,1114.4,21426.8,20,19,1
30,Void Eye,19,Scorpion,1,2,1114.4,27016.4,25,19,6
30,Void Eye,19,Scorpion,2,0,1353.2,18632.0,14,19,-5
30,Void Eye,19,Scorpion,2,1,1353.2,21426.8,16,19,-3
30,Void Eye,19,Scorpion,2,2,1353.2,27016.4,20,19,1
30,Void Eye,20,Fire Badger,0,0,995.0,4222.0,5,5,0
30,Void Eye,20,Fire Badger,0,1,995.0,4855.3,5,5,0
30,Void Eye,20,Fire Badger,0,2,995.0,6121.9,7,5,2
30,Void Eye,20,Fire Badger,1,0,1114.4,4222.0,4,5,-1
30,Void Eye,20,Fire Badger,1,1,1114.4,4855.3,5,5,0
30,Void Eye,20,Fire Badger,1,2,1114.4,6121.9,6,5,1
30,Void Eye,20,Fire Badger,2,0,1353.2,4222.0,4,5,-1
30,Void Eye,20,Fire Badger,2,1,1353.2,4855.3,4,5,-1
30,Void Eye,20,Fire Badger,2,2,1353.2,6121.9,5,5,0
30,Void Eye,21,Sabertooth,0,0,995.0,14886.0,15,15,0
30,Void Eye,21,Sabertooth,0,1,995.0,17118.9,18,15,3
30,Void Eye,21,Sabertooth,0,2,995.0,21584.7,22,15,7
30,Void Eye,21,Sabertooth,1,0,1114.4,14886.0,14,15,-1
30,Void Eye,21,Sabertooth,1,1,1114.4,17118.9,16,15,1
30,Void Eye,21,Sabertooth,1,2,1114.4,21584.7,20,15,5
30,Void Eye,21,Sabertooth,2,0,1353.2,14886.0,12,15,-3
30,Void Eye,21,Sabertooth,2,1,1353.2,17118.9,13,15,-2
30,Void Eye,21,Sabertooth,2,2,1353.2,21584.7,16,15,1
30,Void Eye,22,Typhoon,0,0,995.0,9529.0,10,10,0
30,Void Eye,22,Typhoon,0,1,995.0,10958.3,12,10,2
30,Void Eye,22,Typhoon,0,2,995.0,13817.0,14,10,4
30,Void Eye,22,Typhoon,1,0,1114.4,9529.0,9,10,-1
30,Void Eye,22,Typhoon,1,1,1114.4,10958.3,10,10,0
30,Void Eye,22,Typhoon,1,2,1114.4,13817.0,13,10,3
30,Void Eye,22,Typhoon,2,0,1353.2,9529.0,8,10,-2
30,Void Eye,22,Typhoon,2,1,1353.2,10958.3,9,10,-1
30,Void Eye,22,Typhoon,2,2,1353.2,13817.0,11,10,1
30,Void Eye,23,Sandworm,0,0,995.0,48645.0,49,49,0
30,Void Eye,23,Sandworm,0,1,995.0,55941.7,57,49,8
30,Void Eye,23,Sandworm,0,2,995.0,70535.2,71,49,22
30,Void Eye,23,Sandworm,1,0,1114.4,48645.0,44,49,-5
30,Void Eye,23,Sandworm,1,1,1114.4,55941.7,51,49,2
30,Void Eye,23,Sandworm,1,2,1114.4,70535.2,64,49,15
30,Void Eye,23,Sandworm,2,0,1353.2,48645.0,36,49,-13
30,Void Eye,23,Sandworm,2,1,1353.2,55941.7,42,49,-7
30,Void Eye,23,Sandworm,2,2,1353.2,70535.2,53,49,4
30,Void Eye,24,Tarantula,0,0,995.0,14773.0,15,15,0
30,Void Eye,24,Tarantula,0,1,995.0,16988.9,18,15,3
30,Void Eye,24,Tarantula,0,2,995.0,21420.8,22,15,7
30,Void Eye,24,Tarantula,1,0,1114.4,14773.0,14,15,-1
30,Void Eye,24,Tarantula,1,1,1114.4,16988.9,16,15,1
30,Void Eye,24,Tarantula,1,2,1114.4,21420.8,20,15,5
30,Void Eye,24,Tarantula,2,0,1353.2,14773.0,11,15,-4
30,Void Eye,24,Tarantula,2,1,1353.2,16988.9,13,15,-2
30,Void Eye,24,Tarantula,2,2,1353.2,21420.8,16,15,1
30,Void Eye,26,Farseer,0,0,995.0,11991.0,13,13,0
30,Void Eye,26,Farseer,0,1,995.0,13789.6,14,13,1
30,Void Eye,26,Farseer,0,2,995.0,17387.0,18,13,5
30,Void Eye,26,Farseer,1,0,1114.4,11991.0,11,13,-2
30,Void Eye,26,Farseer,1,1,1114.4,13789.6,13,13,0
30,Void Eye,26,Farseer,1,2,1114.4,17387.0,16,13,3
30,Void Eye,26,Farseer,2,0,1353.2,11991.0,9,13,-4
30,Void Eye,26,Farseer,2,1,1353.2,13789.6,11,13,-2
30,Void Eye,26,Farseer,2,2,1353.2,17387.0,13,13,0
30,Void Eye,28,Hound,0,0,995.0,879.0,1,1,0
30,Void Eye,28,Hound,0,1,995.0,1010.8,2,1,1
30,Void Eye,28,Hound,0,2,995.0,1274.5,2,1,1
30,Void Eye,28,Hound,1,0,1114.4,879.0,1,1,0
30,Void Eye,28,Hound,1,1,1114.4,1010.8,1,1,0
30,Void Eye,28,Hound,1,2,1114.4,1274.5,2,1,1
30,Void Eye,28,Hound,2,0,1353.2,879.0,1,1,0
30,Void Eye,28,Hound,2,1,1353.2,1010.8,1,1,0
30,Void Eye,28,Hound,2,2,1353.2,1274.5,1,1,0
30,Void Eye,30,Void Eye,0,0,995.0,1522.0,2,2,0
30,Void Eye,30,Void Eye,0,1,995.0,1750.3,2,2,0
30,Void Eye,30,Void Eye,0,2,995.0,2206.9,3,2,1
30,Void Eye,30,Void Eye,1,0,1114.4,1522.0,2,2,0
30,Void Eye,30,Void Eye,1,1,1114.4,1750.3,2,2,0
30,Void Eye,30,Void Eye,1,2,1114.4,2206.9,2,2,0
30,Void Eye,30,Void Eye,2,0,1353.2,1522.0,2,2,0
30,Void Eye,30,Void Eye,2,1,1353.2,1750.3,2,2,0
30,Void Eye,30,Void Eye,2,2,1353.2,2206.9,2,2,0
30,Void Eye,31,Vortex,0,0,995.0,7425.0,8,8,0
30,Void Eye,31,Vortex,0,1,995.0,8538.8,9,8,1
30,Void Eye,31,Vortex,0,2,995.0,10766.2,11,8,3
30,Void Eye,31,Vortex,1,0,1114.4,7425.0,7,8,-1
30,Void Eye,31,Vortex,1,1,1114.4,8538.8,8,8,0
30,Void Eye,31,Vortex,1,2,1114.4,10766.2,10,8,2
30,Void Eye,31,Vortex,2,0,1353.2,7425.0,6,8,-2
30,Void Eye,31,Vortex,2,1,1353.2,8538.8,7,8,-1
30,Void Eye,31,Vortex,2,2,1353.2,10766.2,8,8,0
30,Void Eye,2002,Mountain,0,0,995.0,136657.0,138,138,0
30,Void Eye,2002,Mountain,0,1,995.0,157155.5,158,138,20
30,Void Eye,2002,Mountain,0,2,995.0,198152.6,200,138,62
30,Void Eye,2002,Mountain,1,0,1114.4,136657.0,123,138,-15
30,Void Eye,2002,Mountain,1,1,1114.4,157155.5,142,138,4
30,Void Eye,2002,Mountain,1,2,1114.4,198152.6,178,138,40
30,Void Eye,2002,Mountain,2,0,1353.2,136657.0,101,138,-37
30,Void Eye,2002,Mountain,2,1,1353.2,157155.5,117,138,-21
30,Void Eye,2002,Mountain,2,2,1353.2,198152.6,147,138,9
31,Vortex,1,Fortress,0,0,1309.0,43938.0,34,34,0
31,Vortex,1,Fortress,0,1,1309.0,50528.7,39,34,5
31,Vortex,1,Fortress,0,2,1309.0,63710.1,49,34,15
31,Vortex,1,Fortress,1,0,1466.1,43938.0,30,34,-4
31,Vortex,1,Fortress,1,1,1466.1,50528.7,35,34,1
31,Vortex,1,Fortress,1,2,1466.1,63710.1,44,34,10
31,Vortex,1,Fortress,2,0,1780.2,43938.0,25,34,-9
31,Vortex,1,Fortress,2,1,1780.2,50528.7,29,34,-5
31,Vortex,1,Fortress,2,2,1780.2,63710.1,36,34,2
31,Vortex,2,Marksman,0,0,1309.0,1622.0,2,2,0
31,Vortex,2,Marksman,0,1,1309.0,1865.3,2,2,0
31,Vortex,2,Marksman,0,2,1309.0,2351.9,2,2,0
31,Vortex,2,Marksman,1,0,1466.1,1622.0,2,2,0
31,Vortex,2,Marksman,1,1,1466.1,1865.3,2,2,0
31,Vortex,2,Marksman,1,2,1466.1,2351.9,2,2,0
31,Vortex,2,Marksman,2,0,1780.2,1622.0,1,2,-1
31,Vortex,2,Marksman,2,1,1780.2,1865.3,2,2,0
31,Vortex,2,Marksman,2,2,1780.2,2351.9,2,2,0
31,Vortex,3,Vulcan,0,0,1309.0,30279.0,24,24,0
31,Vortex,3,Vulcan,0,1,1309.0,34820.8,27,24,3
31,Vortex,3,Vulcan,0,2,1309.0,43904.5,34,24,10
31,Vortex,3,Vulcan,1,0,1466.1,30279.0,21,24,-3
31,Vortex,3,Vulcan,1,1,1466.1,34820.8,24,24,0
31,Vortex,3,Vulcan,1,2,1466.1,43904.5,30,24,6
31,Vortex,3,Vulcan,2,0,1780.2,30279.0,18,24,-6
31,Vortex,3,Vulcan,2,1,1780.2,34820.8,20,24,-4
31,Vortex,3,Vulcan,2,2,1780.2,43904.5,25,24,1
31,Vortex,4,Melting Point,0,0,1309.0,30907.0,24,24,0
31,Vortex,4,Melting Point,0,1,1309.0,35543.0,28,24,4
31,Vortex,4,Melting Point,0,2,1309.0,44815.2,35,24,11
31,Vortex,4,Melting Point,1,0,1466.1,30907.0,22,24,-2
31,Vortex,4,Melting Point,1,1,1466.1,35543.0,25,24,1
31,Vortex,4,Melting Point,1,2,1466.1,44815.2,31,24,7
31,Vortex,4,Melting Point,2,0,1780.2,30907.0,18,24,-6
31,Vortex,4,Melting Point,2,1,1780.2,35543.0,20,24,-4
31,Vortex,4,Melting Point,2,2,1780.2,44815.2,26,24,2
31,Vortex,5,Rhino,0,0,1309.0,19297.0,15,15,0
31,Vortex,5,Rhino,0,1,1309.0,22191.5,17,15,2
31,Vortex,5,Rhino,0,2,1309.0,27980.6,22,15,7
31,Vortex,5,Rhino,1,0,1466.1,19297.0,14,15,-1
31,Vortex,5,Rhino,1,1,1466.1,22191.5,16,15,1
31,Vortex,5,Rhino,1,2,1466.1,27980.6,20,15,5
31,Vortex,5,Rhino,2,0,1780.2,19297.0,11,15,-4
31,Vortex,5,Rhino,2,1,1780.2,22191.5,13,15,-2
31,Vortex,5,Rhino,2,2,1780.2,27980.6,16,15,1
31,Vortex,7,Mustang,0,0,1309.0,343.0,1,1,0
31,Vortex,7,Mustang,0,1,1309.0,394.4,1,1,0
31,Vortex,7,Mustang,0,2,1309.0,497.3,1,1,0
31,Vortex,7,Mustang,1,0,1466.1,343.0,1,1,0
31,Vortex,7,Mustang,1,1,1466.1,394.4,1,1,0
31,Vortex,7,Mustang,1,2,1466.1,497.3,1,1,0
31,Vortex,7,Mustang,2,0,1780.2,343.0,1,1,0
31,Vortex,7,Mustang,2,1,1780.2,394.4,1,1,0
31,Vortex,7,Mustang,2,2,1780.2,497.3,1,1,0
31,Vortex,8,Steel Ball,0,0,1309.0,4571.0,4,4,0
31,Vortex,8,Steel Ball,0,1,1309.0,5256.6,5,4,1
31,Vortex,8,Steel Ball,0,2,1309.0,6627.9,6,4,2
31,Vortex,8,Steel Ball,1,0,1466.1,4571.0,4,4,0
31,Vortex,8,Steel Ball,1,1,1466.1,5256.6,4,4,0
31,Vortex,8,Steel Ball,1,2,1466.1,6627.9,5,4,1
31,Vortex,8,Steel Ball,2,0,1780.2,4571.0,3,4,-1
31,Vortex,8,Steel Ball,2,1,1780.2,5256.6,3,4,-1
31,Vortex,8,Steel Ball,2,2,1780.2,6627.9,4,4,0
31,Vortex,9,Fang,0,0,1309.0,117.0,1,1,0
31,Vortex,9,Fang,0,1,1309.0,134.5,1,1,0
31,Vortex,9,Fang,0,2,1309.0,169.7,1,1,0
31,Vortex,9,Fang,1,0,1466.1,117.0,1,1,0
31,Vortex,9,Fang,1,1,1466.1,134.5,1,1,0
31,Vortex,9,Fang,1,2,1466.1,169.7,1,1,0
31,Vortex,9,Fang,2,0,1780.2,117.0,1,1,0
31,Vortex,9,Fang,2,1,1780.2,134.5,1,1,0
31,Vortex,9,Fang,2,2,1780.2,169.7,1,1,0
31,Vortex,10,Crawler,0,0,1309.0,263.0,1,1,0
31,Vortex,10,Crawler,0,1,1309.0,302.4,1,1,0
31,Vortex,10,Crawler,0,2,1309.0,381.3,1,1,0
31,Vortex,10,Crawler,1,0,1466.1,263.0,1,1,0
31,Vortex,10,Crawler,1,1,1466.1,302.4,1,1,0
31,Vortex,10,Crawler,1,2,1466.1,381.3,1,1,0
31,Vortex,10,Crawler,2,0,1780.2,263.0,1,1,0
31,Vortex,10,Crawler,2,1,1780.2,302.4,1,1,0
31,Vortex,10,Crawler,2,2,1780.2,381.3,1,1,0
31,Vortex,12,Stormcaller,0,0,1309.0,1149.0,1,1,0
31,Vortex,12,Stormcaller,0,1,1309.0,1321.3,2,1,1
31,Vortex,12,Stormcaller,0,2,1309.0,1666.0,2,1,1
31,Vortex,12,Stormcaller,1,0,1466.1,1149.0,1,1,0
31,Vortex,12,Stormcaller,1,1,1466.1,1321.3,1,1,0
31,Vortex,12,Stormcaller,1,2,1466.1,1666.0,2,1,1
31,Vortex,12,Stormcaller,2,0,1780.2,1149.0,1,1,0
31,Vortex,12,Stormcaller,2,1,1780.2,1321.3,1,1,0
31,Vortex,12,Stormcaller,2,2,1780.2,1666.0,1,1,0
31,Vortex,13,Sledgehammer,0,0,1309.0,3478.0,3,3,0
31,Vortex,13,Sledgehammer,0,1,1309.0,3999.7,4,3,1
31,Vortex,13,Sledgehammer,0,2,1309.0,5043.1,4,3,1
31,Vortex,13,Sledgehammer,1,0,1466.1,3478.0,3,3,0
31,Vortex,13,Sledgehammer,1,1,1466.1,3999.7,3,3,0
31,Vortex,13,Sledgehammer,1,2,1466.1,5043.1,4,3,1
31,Vortex,13,Sledgehammer,2,0,1780.2,3478.0,2,3,-1
31,Vortex,13,Sledgehammer,2,1,1780.2,3999.7,3,3,0
31,Vortex,13,Sledgehammer,2,2,1780.2,5043.1,3,3,0
31,Vortex,14,Hacker,0,0,1309.0,3249.0,3,3,0
31,Vortex,14,Hacker,0,1,1309.0,3736.3,3,3,0
31,Vortex,14,Hacker,0,2,1309.0,4711.1,4,3,1
31,Vortex,14,Hacker,1,0,1466.1,3249.0,3,3,0
31,Vortex,14,Hacker,1,1,1466.1,3736.3,3,3,0
31,Vortex,14,Hacker,1,2,1466.1,4711.1,4,3,1
31,Vortex,14,Hacker,2,0,1780.2,3249.0,2,3,-1
31,Vortex,14,Hacker,2,1,1780.2,3736.3,3,3,0
31,Vortex,14,Hacker,2,2,1780.2,4711.1,3,3,0
31,Vortex,15,Arclight,0,0,1309.0,4813.0,4,4,0
31,Vortex,15,Arclight,0,1,1309.0,5534.9,5,4,1
31,Vortex,15,Arclight,0,2,1309.0,6978.8,6,4,2
31,Vortex,15,Arclight,1,0,1466.1,4813.0,4,4,0
31,Vortex,15,Arclight,1,1,1466.1,5534.9,4,4,0
31,Vortex,15,Arclight,1,2,1466.1,6978.8,5,4,1
31,Vortex,15,Arclight,2,0,1780.2,4813.0,3,4,-1
31,Vortex,15,Arclight,2,1,1780.2,5534.9,4,4,0
31,Vortex,15,Arclight,2,2,1780.2,6978.8,4,4,0
31,Vortex,17,War Factory,0,0,1309.0,113593.0,87,87,0
31,Vortex,17,War Factory,0,1,1309.0,130631.9,100,87,13
31,Vortex,17,War Factory,0,2,1309.0,164709.9,126,87,39
31,Vortex,17,War Factory,1,0,1466.1,113593.0,78,87,-9
31,Vortex,17,War Factory,1,1,1466.1,130631.9,90,87,3
31,Vortex,17,War Factory,1,2,1466.1,164709.9,113,87,26
31,Vortex,17,War Factory,2,0,1780.2,113593.0,64,87,-23
31,Vortex,17,War Factory,2,1,1780.2,130631.9,74,87,-13
31,Vortex,17,War Factory,2,2,1780.2,164709.9,93,87,6
31,Vortex,19,Scorpion,0,0,1309.0,18632.0,15,15,0
31,Vortex,19,Scorpion,0,1,1309.0,21426.8,17,15,2
31,Vortex,19,Scorpion,0,2,1309.0,27016.4,21,15,6
31,Vortex,19,Scorpion,1,0,1466.1,18632.0,13,15,-2
31,Vortex,19,Scorpion,1,1,1466.1,21426.8,15,15,0
31,Vortex,19,Scorpion,1,2,1466.1,27016.4,19,15,4
31,Vortex,19,Scorpion,2,0,1780.2,18632.0,11,15,-4
31,Vortex,19,Scorpion,2,1,1780.2,21426.8,13,15,-2
31,Vortex,19,Scorpion,2,2,1780.2,27016.4,16,15,1
31,Vortex,20,Fire Badger,0,0,1309.0,4222.0,4,4,0
31,Vortex,20,Fire Badger,0,1,1309.0,4855.3,4,4,0
31,Vortex,20,Fire Badger,0,2,1309.0,6121.9,5,4,1
31,Vortex,20,Fire Badger,1,0,1466.1,4222.0,3,4,-1
31,Vortex,20,Fire Badger,1,1,1466.1,4855.3,4,4,0
31,Vortex,20,Fire Badger,1,2,1466.1,6121.9,5,4,1
31,Vortex,20,Fire Badger,2,0,1780.2,4222.0,3,4,-1
31,Vortex,20,Fire Badger,2,1,1780.2,4855.3,3,4,-1
31,Vortex,20,Fire Badger,2,2,1780.2,6121.9,4,4,0
31,Vortex,21,Sabertooth,0,0,1309.0,14886.0,12,12,0
31,Vortex,21,Sabertooth,0,1,1309.0,17118.9,14,12,2
31,Vortex,21,Sabertooth,0,2,1309.0,21584.7,17,12,5
31,Vortex,21,Sabertooth,1,0,1466.1,14886.0,11,12,-1
31,Vortex,21,Sabertooth,1,1,1466.1,17118.9,12,12,0
31,Vortex,21,Sabertooth,1,2,1466.1,21584.7,15,12,3
31,Vortex,21,Sabertooth,2,0,1780.2,14886.0,9,12,-3
31,Vortex,21,Sabertooth,2,1,1780.2,17118.9,10,12,-2
31,Vortex,21,Sabertooth,2,2,1780.2,21584.7,13,12,1
31,Vortex,22,Typhoon,0,0,1309.0,9529.0,8,8,0
31,Vortex,22,Typhoon,0,1,1309.0,10958.3,9,8,1
31,Vortex,22,Typhoon,0,2,1309.0,13817.0,11,8,3
31,Vortex,22,Typhoon,1,0,1466.1,9529.0,7,8,-1
31,Vortex,22,Typhoon,1,1,1466.1,10958.3,8,8,0
31,Vortex,22,Typhoon,1,2,1466.1,13817.0,10,8,2
31,Vortex,22,Typhoon,2,0,1780.2,9529.0,6,8,-2
31,Vortex,22,Typhoon,2,1,1780.2,10958.3,7,8,-1
31,Vortex,22,Typhoon,2,2,1780.2,13817.0,8,8,0
31,Vortex,23,Sandworm,0,0,1309.0,48645.0,38,38,0
31,Vortex,23,Sandworm,0,1,1309.0,55941.7,43,38,5
31,Vortex,23,Sandworm,0,2,1309.0,70535.2,54,38,16
31,Vortex,23,Sandworm,1,0,1466.1,48645.0,34,38,-4
31,Vortex,23,Sandworm,1,1,1466.1,55941.7,39,38,1
31,Vortex,23,Sandworm,1,2,1466.1,70535.2,49,38,11
31,Vortex,23,Sandworm,2,0,1780.2,48645.0,28,38,-10
31,Vortex,23,Sandworm,2,1,1780.2,55941.7,32,38,-6
31,Vortex,23,Sandworm,2,2,1780.2,70535.2,40,38,2
31,Vortex,24,Tarantula,0,0,1309.0,14773.0,12,12,0
31,Vortex,24,Tarantula,0,1,1309.0,16988.9,13,12,1
31,Vortex,24,Tarantula,0,2,1309.0,21420.8,17,12,5
31,Vortex,24,Tarantula,1,0,1466.1,14773.0,11,12,-1
31,Vortex,24,Tarantula,1,1,1466.1,16988.9,12,12,0
31,Vortex,24,Tarantula,1,2,1466.1,21420.8,15,12,3
31,Vortex,24,Tarantula,2,0,1780.2,14773.0,9,12,-3
31,Vortex,24,Tarantula,2,1,1780.2,16988.9,10,12,-2
31,Vortex,24,Tarantula,2,2,1780.2,21420.8,13,12,1
31,Vortex,26,Farseer,0,0,1309.0,11991.0,10,10,0
31,Vortex,26,Farseer,0,1,1309.0,13789.6,11,10,1
31,Vortex,26,Farseer,0,2,1309.0,17387.0,14,10,4
31,Vortex,26,Farseer,1,0,1466.1,11991.0,9,10,-1
31,Vortex,26,Farseer,1,1,1466.1,13789.6,10,10,0
31,Vortex,26,Farseer,1,2,1466.1,17387.0,12,10,2
31,Vortex,26,Farseer,2,0,1780.2,11991.0,7,10,-3
31,Vortex,26,Farseer,2,1,1780.2,13789.6,8,10,-2
31,Vortex,26,Farseer,2,2,1780.2,17387.0,10,10,0
31,Vortex,28,Hound,0,0,1309.0,879.0,1,1,0
31,Vortex,28,Hound,0,1,1309.0,1010.8,1,1,0
31,Vortex,28,Hound,0,2,1309.0,1274.5,1,1,0
31,Vortex,28,Hound,1,0,1466.1,879.0,1,1,0
31,Vortex,28,Hound,1,1,1466.1,1010.8,1,1,0
31,Vortex,28,Hound,1,2,1466.1,1274.5,1,1,0
31,Vortex,28,Hound,2,0,1780.2,879.0,1,1,0
31,Vortex,28,Hound,2,1,1780.2,1010.8,1,1,0
31,Vortex,28,Hound,2,2,1780.2,1274.5,1,1,0
31,Vortex,30,Void Eye,0,0,1309.0,1522.0,2,2,0
31,Vortex,30,Void Eye,0,1,1309.0,1750.3,2,2,0
31,Vortex,30,Void Eye,0,2,1309.0,2206.9,2,2,0
31,Vortex,30,Void Eye,1,0,1466.1,1522.0,2,2,0
31,Vortex,30,Void Eye,1,1,1466.1,1750.3,2,2,0
31,Vortex,30,Void Eye,1,2,1466.1,2206.9,2,2,0
31,Vortex,30,Void Eye,2,0,1780.2,1522.0,1,2,-1
31,Vortex,30,Void Eye,2,1,1780.2,1750.3,1,2,-1
31,Vortex,30,Void Eye,2,2,1780.2,2206.9,2,2,0
31,Vortex,31,Vortex,0,0,1309.0,7425.0,6,6,0
31,Vortex,31,Vortex,0,1,1309.0,8538.8,7,6,1
31,Vortex,31,Vortex,0,2,1309.0,10766.2,9,6,3
31,Vortex,31,Vortex,1,0,1466.1,7425.0,6,6,0
31,Vortex,31,Vortex,1,1,1466.1,8538.8,6,6,0
31,Vortex,31,Vortex,1,2,1466.1,10766.2,8,6,2
31,Vortex,31,Vortex,2,0,1780.2,7425.0,5,6,-1
31,Vortex,31,Vortex,2,1,1780.2,8538.8,5,6,-1
31,Vortex,31,Vortex,2,2,1780.2,10766.2,7,6,1
31,Vortex,2002,Mountain,0,0,1309.0,136657.0,105,105,0
31,Vortex,2002,Mountain,0,1,1309.0,157155.5,121,105,16
31,Vortex,2002,Mountain,0,2,1309.0,198152.6,152,105,47
31,Vortex,2002,Mountain,1,0,1466.1,136657.0,94,105,-11
31,Vortex,2002,Mountain,1,1,1466.1,157155.5,108,105,3
31,Vortex,2002,Mountain,1,2,1466.1,198152.6,136,105,31
31,Vortex,2002,Mountain,2,0,1780.2,136657.0,77,105,-28
31,Vortex,2002,Mountain,2,1,1780.2,157155.5,89,105,-16
31,Vortex,2002,Mountain,2,2,1780.2,198152.6,112,105,7
2002,Mountain,1,Fortress,0,0,5899.0,43938.0,8,8,0
2002,Mountain,1,Fortress,0,1,5899.0,50528.7,9,8,1
2002,Mountain,1,Fortress,0,2,5899.0,63710.1,11,8,3
2002,Mountain,1,Fortress,1,0,6606.9,43938.0,7,8,-1
2002,Mountain,1,Fortress,1,1,6606.9,50528.7,8,8,0
2002,Mountain,1,Fortress,1,2,6606.9,63710.1,10,8,2
2002,Mountain,1,Fortress,2,0,8022.6,43938.0,6,8,-2
2002,Mountain,1,Fortress,2,1,8022.6,50528.7,7,8,-1
2002,Mountain,1,Fortress,2,2,8022.6,63710.1,8,8,0
2002,Mountain,2,Marksman,0,0,5899.0,1622.0,1,1,0
2002,Mountain,2,Marksman,0,1,5899.0,1865.3,1,1,0
2002,Mountain,2,Marksman,0,2,5899.0,2351.9,1,1,0
2002,Mountain,2,Marksman,1,0,6606.9,1622.0,1,1,0
2002,Mountain,2,Marksman,1,1,6606.9,1865.3,1,1,0
2002,Mountain,2,Marksman,1,2,6606.9,2351.9,1,1,0
2002,Mountain,2,Marksman,2,0,8022.6,1622.0,1,1,0
2002,Mountain,2,Marksman,2,1,8022.6,1865.3,1,1,0
2002,Mountain,2,Marksman,2,2,8022.6,2351.9,1,1,0
2002,Mountain,3,Vulcan,0,0,5899.0,30279.0,6,6,0
2002,Mountain,3,Vulcan,0,1,5899.0,34820.8,6,6,0
2002,Mountain,3,Vulcan,0,2,5899.0,43904.5,8,6,2
2002,Mountain,3,Vulcan,1,0,6606.9,30279.0,5,6,-1
2002,Mountain,3,Vulcan,1,1,6606.9,34820.8,6,6,0
2002,Mountain,3,Vulcan,1,2,6606.9,43904.5,7,6,1
2002,Mountain,3,Vulcan,2,0,8022.6,30279.0,4,6,-2
2002,Mountain,3,Vulcan,2,1,8022.6,34820.8,5,6,-1
2002,Mountain,3,Vulcan,2,2,8022.6,43904.5,6,6,0
2002,Mountain,4,Melting Point,0,0,5899.0,30907.0,6,6,0
2002,Mountain,4,Melting Point,0,1,5899.0,35543.0,7,6,1
2002,Mountain,4,Melting Point,0,2,5899.0,44815.2,8,6,2
2002,Mountain,4,Melting Point,1,0,6606.9,30907.0,5,6,-1
2002,Mountain,4,Melting Point,1,1,6606.9,35543.0,6,6,0
2002,Mountain,4,Melting Point,1,2,6606.9,44815.2,7,6,1
2002,Mountain,4,Melting Point,2,0,8022.6,30907.0,4,6,-2
2002,Mountain,4,Melting Point,2,1,8022.6,35543.0,5,6,-1
2002,Mountain,4,Melting Point,2,2,8022.6,44815.2,6,6,0
2002,Mountain,5,Rhino,0,0,5899.0,19297.0,4,4,0
2002,Mountain,5,Rhino,0,1,5899.0,22191.5,4,4,0
2002,Mountain,5,Rhino,0,2,5899.0,27980.6,5,4,1
2002,Mountain,5,Rhino,1,0,6606.9,19297.0,3,4,-1
2002,Mountain,5,Rhino,1,1,6606.9,22191.5,4,4,0
2002,Mountain,5,Rhino,1,2,6606.9,27980.6,5,4,1
2002,Mountain,5,Rhino,2,0,8022.6,19297.0,3,4,-1
2002,Mountain,5,Rhino,2,1,8022.6,22191.5,3,4,-1
2002,Mountain,5,Rhino,2,2,8022.6,27980.6,4,4,0
2002,Mountain,7,Mustang,0,0,5899.0,343.0,1,1,0
2002,Mountain,7,Mustang,0,1,5899.0,394.4,1,1,0
2002,Mountain,7,Mustang,0,2,5899.0,497.3,1,1,0
2002,Mountain,7,Mustang,1,0,6606.9,343.0,1,1,0
2002,Mountain,7,Mustang,1,1,6606.9,394.4,1,1,0
2002,Mountain,7,Mustang,1,2,6606.9,497.3,1,1,0
2002,Mountain,7,Mustang,2,0,8022.6,343.0,1,1,0
2002,Mountain,7,Mustang,2,1,8022.6,394.4,1,1,0
2002,Mountain,7,Mustang,2,2,8022.6,497.3,1,1,0
2002,Mountain,8,Steel Ball,0,0,5899.0,4571.0,1,1,0
2002,Mountain,8,Steel Ball,0,1,5899.0,5256.6,1,1,0
2002,Mountain,8,Steel Ball,0,2,5899.0,6627.9,2,1,1
2002,Mountain,8,Steel Ball,1,0,6606.9,4571.0,1,1,0
2002,Mountain,8,Steel Ball,1,1,6606.9,5256.6,1,1,0
2002,Mountain,8,Steel Ball,1,2,6606.9,6627.9,2,1,1
2002,Mountain,8,Steel Ball,2,0,8022.6,4571.0,1,1,0
2002,Mountain,8,Steel Ball,2,1,8022.6,5256.6,1,1,0
2002,Mountain,8,Steel Ball,2,2,8022.6,6627.9,1,1,0
2002,Mountain,9,Fang,0,0,5899.0,117.0,1,1,0
2002,Mountain,9,Fang,0,1,5899.0,134.5,1,1,0
2002,Mountain,9,Fang,0,2,5899.0,169.7,1,1,0
2002,Mountain,9,Fang,1,0,6606.9,117.0,1,1,0
2002,Mountain,9,Fang,1,1,6606.9,134.5,1,1,0
2002,Mountain,9,Fang,1,2,6606.9,169.7,1,1,0
2002,Mountain,9,Fang,2,0,8022.6,117.0,1,1,0
2002,Mountain,9,Fang,2,1,8022.6,134.5,1,1,0
2002,Mountain,9,Fang,2,2,8022.6,169.7,1,1,0
2002,Mountain,10,Crawler,0,0,5899.0,263.0,1,1,0
2002,Mountain,10,Crawler,0,1,5899.0,302.4,1,1,0
2002,Mountain,10,Crawler,0,2,5899.0,381.3,1,1,0
2002,Mountain,10,Crawler,1,0,6606.9,263.0,1,1,0
2002,Mountain,10,Crawler,1,1,6606.9,302.4,1,1,0
2002,Mountain,10,Crawler,1,2,6606.9,381.3,1,1,0
2002,Mountain,10,Crawler,2,0,8022.6,263.0,1,1,0
2002,Mountain,10,Crawler,2,1,8022.6,302.4,1,1,0
2002,Mountain,10,Crawler,2,2,8022.6,381.3,1,1,0
2002,Mountain,12,Stormcaller,0,0,5899.0,1149.0,1,1,0
2002,Mountain,12,Stormcaller,0,1,5899.0,1321.3,1,1,0
2002,Mountain,12,Stormcaller,0,2,5899.0,1666.0,1,1,0
2002,Mountain,12,Stormcaller,1,0,6606.9,1149.0,1,1,0
2002,Mountain,12,Stormcaller,1,1,6606.9,1321.3,1,1,0
2002,Mountain,12,Stormcaller,1,2,6606.9,1666.0,1,1,0
2002,Mountain,12,Stormcaller,2,0,8022.6,1149.0,1,1,0
2002,Mountain,12,Stormcaller,2,1,8022.6,1321.3,1,1,0
2002,Mountain,12,Stormcaller,2,2,8022.6,1666.0,1,1,0
2002,Mountain,13,Sledgehammer,0,0,5899.0,3478.0,1,1,0
2002,Mountain,13,Sledgehammer,0,1,5899.0,3999.7,1,1,0
2002,Mountain,13,Sledgehammer,0,2,5899.0,5043.1,1,1,0
2002,Mountain,13,Sledgehammer,1,0,6606.9,3478.0,1,1,0
2002,Mountain,13,Sledgehammer,1,1,6606.9,3999.7,1,1,0
2002,Mountain,13,Sledgehammer,1,2,6606.9,5043.1,1,1,0
2002,Mountain,13,Sledgehammer,2,0,8022.6,3478.0,1,1,0
2002,Mountain,13,Sledgehammer,2,1,8022.6,3999.7,1,1,0
2002,Mountain,13,Sledgehammer,2,2,8022.6,5043.1,1,1,0
2002,Mountain,14,Hacker,0,0,5899.0,3249.0,1,1,0
2002,Mountain,14,Hacker,0,1,5899.0,3736.3,1,1,0
2002,Mountain,14,Hacker,0,2,5899.0,4711.1,1,1,0
2002,Mountain,14,Hacker,1,0,6606.9,3249.0,1,1,0
2002,Mountain,14,Hacker,1,1,6606.9,3736.3,1,1,0
2002,Mountain,14,Hacker,1,2,6606.9,4711.1,1,1,0
2002,Mountain,14,Hacker,2,0,8022.6,3249.0,1,1,0
2002,Mountain,14,Hacker,2,1,8022.6,3736.3,1,1,0
2002,Mountain,14,Hacker,2,2,8022.6,4711.1,1,1,0
2002,Mountain,15,Arclight,0,0,5899.0,4813.0,1,1,0
2002,Mountain,15,Arclight,0,1,5899.0,5534.9,1,1,0
2002,Mountain,15,Arclight,0,2,5899.0,6978.8,2,1,1
2002,Mountain,15,Arclight,1,0,6606.9,4813.0,1,1,0
2002,Mountain,15,Arclight,1,1,6606.9,5534.9,1,1,0
2002,Mountain,15,Arclight,1,2,6606.9,6978.8,2,1,1
2002,Mountain,15,Arclight,2,0,8022.6,4813.0,1,1,0
2002,Mountain,15,Arclight,2,1,8022.6,5534.9,1,1,0
2002,Mountain,15,Arclight,2,2,8022.6,6978.8,1,1,0
2002,Mountain,17,War Factory,0,0,5899.0,113593.0,20,20,0
2002,Mountain,17,War Factory,0,1,5899.0,130631.9,23,20,3
2002,Mountain,17,War Factory,0,2,5899.0,164709.9,28,20,8
2002,Mountain,17,War Factory,1,0,6606.9,113593.0,18,20,-2
2002,Mountain,17,War Factory,1,1,6606.9,130631.9,20,20,0
2002,Mountain,17,War Factory,1,2,6606.9,164709.9,25,20,5
2002,Mountain,17,War Factory,2,0,8022.6,113593.0,15,20,-5
2002,Mountain,17,War Factory,2,1,8022.6,130631.9,17,20,-3
2002,Mountain,17,War Factory,2,2,8022.6,164709.9,21,20,1
2002,Mountain,19,Scorpion,0,0,5899.0,18632.0,4,4,0
2002,Mountain,19,Scorpion,0,1,5899.0,21426.8,4,4,0
2002,Mountain,19,Scorpion,0,2,5899.0,27016.4,5,4,1
2002,Mountain,19,Scorpion,1,0,6606.9,18632.0,3,4,-1
2002,Mountain,19,Scorpion,1,1,6606.9,21426.8,4,4,0
2002,Mountain,19,Scorpion,1,2,6606.9,27016.4,5,4,1
2002,Mountain,19,Scorpion,2,0,8022.6,18632.0,3,4,-1
2002,Mountain,19,Scorpion,2,1,8022.6,21426.8,3,4,-1
2002,Mountain,19,Scorpion,2,2,8022.6,27016.4,4,4,0
2002,Mountain,20,Fire Badger,0,0,5899.0,4222.0,1,1,0
2002,Mountain,20,Fire Badger,0,1,5899.0,4855.3,1,1,0
2002,Mountain,20,Fire Badger,0,2,5899.0,6121.9,2,1,1
2002,Mountain,20,Fire Badger,1,0,6606.9,4222.0,1,1,0
2002,Mountain,20,Fire Badger,1,1,6606.9,4855.3,1,1,0
2002,Mountain,20,Fire Badger,1,2,6606.9,6121.9,1,1,0
2002,Mountain,20,Fire Badger,2,0,8022.6,4222.0,1,1,0
2002,Mountain,20,Fire Badger,2,1,8022.6,4855.3,1,1,0
2002,Mountain,20,Fire Badger,2,2,8022.6,6121.9,1,1,0
2002,Mountain,21,Sabertooth,0,0,5899.0,14886.0,3,3,0
2002,Mountain,21,Sabertooth,0,1,5899.0,17118.9,3,3,0
2002,Mountain,21,Sabertooth,0,2,5899.0,21584.7,4,3,1
2002,Mountain,21,Sabertooth,1,0,6606.9,14886.0,3,3,0
2002,Mountain,21,Sabertooth,1,1,6606.9,17118.9,3,3,0
2002,Mountain,21,Sabertooth,1,2,6606.9,21584.7,4,3,1
2002,Mountain,21,Sabertooth,2,0,8022.6,14886.0,2,3,-1
2002,Mountain,21,Sabertooth,2,1,8022.6,17118.9,3,3,0
2002,Mountain,21,Sabertooth,2,2,8022.6,21584.7,3,3,0
2002,Mountain,22,Typhoon,0,0,5899.0,9529.0,2,2,0
2002,Mountain,22,Typhoon,0,1,5899.0,10958.3,2,2,0
2002,Mountain,22,Typhoon,0,2,5899.0,13817.0,3,2,1
2002,Mountain,22,Typhoon,1,0,6606.9,9529.0,2,2,0
2002,Mountain,22,Typhoon,1,1,6606.9,10958.3,2,2,0
2002,Mountain,22,Typhoon,1,2,6606.9,13817.0,3,2,1
2002,Mountain,22,Typhoon,2,0,8022.6,9529.0,2,2,0
2002,Mountain,22,Typhoon,2,1,8022.6,10958.3,2,2,0
2002,Mountain,22,Typhoon,2,2,8022.6,13817.0,2,2,0
2002,Mountain,23,Sandworm,0,0,5899.0,48645.0,9,9,0
2002,Mountain,23,Sandworm,0,1,5899.0,55941.7,10,9,1
2002,Mountain,23,Sandworm,0,2,5899.0,70535.2,12,9,3
2002,Mountain,23,Sandworm,1,0,6606.9,48645.0,8,9,-1
2002,Mountain,23,Sandworm,1,1,6606.9,55941.7,9,9,0
2002,Mountain,23,Sandworm,1,2,6606.9,70535.2,11,9,2
2002,Mountain,23,Sandworm,2,0,8022.6,48645.0,7,9,-2
2002,Mountain,23,Sandworm,2,1,8022.6,55941.7,7,9,-2
2002,Mountain,23,Sandworm,2,2,8022.6,70535.2,9,9,0
2002,Mountain,24,Tarantula,0,0,5899.0,14773.0,3,3,0
2002,Mountain,24,Tarantula,0,1,5899.0,16988.9,3,3,0
2002,Mountain,24,Tarantula,0,2,5899.0,21420.8,4,3,1
2002,Mountain,24,Tarantula,1,0,6606.9,14773.0,3,3,0
2002,Mountain,24,Tarantula,1,1,6606.9,16988.9,3,3,0
2002,Mountain,24,Tarantula,1,2,6606.9,21420.8,4,3,1
2002,Mountain,24,Tarantula,2,0,8022.6,14773.0,2,3,-1
2002,Mountain,24,Tarantula,2,1,8022.6,16988.9,3,3,0
2002,Mountain,24,Tarantula,2,2,8022.6,21420.8,3,3,0
2002,Mountain,26,Farseer,0,0,5899.0,11991.0,3,3,0
2002,Mountain,26,Farseer,0,1,5899.0,13789.6,3,3,0
2002,Mountain,26,Farseer,0,2,5899.0,17387.0,3,3,0
2002,Mountain,26,Farseer,1,0,6606.9,11991.0,2,3,-1
2002,Mountain,26,Farseer,1,1,6606.9,13789.6,3,3,0
2002,Mountain,26,Farseer,1,2,6606.9,17387.0,3,3,0
2002,Mountain,26,Farseer,2,0,8022.6,11991.0,2,3,-1
2002,Mountain,26,Farseer,2,1,8022.6,13789.6,2,3,-1
2002,Mountain,26,Farseer,2,2,8022.6,17387.0,3,3,0
2002,Mountain,28,Hound,0,0,5899.0,879.0,1,1,0
2002,Mountain,28,Hound,0,1,5899.0,1010.8,1,1,0
2002,Mountain,28,Hound,0,2,5899.0,1274.5,1,1,0
2002,Mountain,28,Hound,1,0,6606.9,879.0,1,1,0
2002,Mountain,28,Hound,1,1,6606.9,1010.8,1,1,0
2002,Mountain,28,Hound,1,2,6606.9,1274.5,1,1,0
2002,Mountain,28,Hound,2,0,8022.6,879.0,1,1,0
2002,Mountain,28,Hound,2,1,8022.6,1010.8,1,1,0
2002,Mountain,28,Hound,2,2,8022.6,1274.5,1,1,0
2002,Mountain,30,Void Eye,0,0,5899.0,1522.0,1,1,0
2002,Mountain,30,Void Eye,0,1,5899.0,1750.3,1,1,0
2002,Mountain,30,Void Eye,0,2,5899.0,2206.9,1,1,0
2002,Mountain,30,Void Eye,1,0,6606.9,1522.0,1,1,0
2002,Mountain,30,Void Eye,1,1,6606.9,1750.3,1,1,0
2002,Mountain,30,Void Eye,1,2,6606.9,2206.9,1,1,0
2002,Mountain,30,Void Eye,2,0,8022.6,1522.0,1,1,0
2002,Mountain,30,Void Eye,2,1,8022.6,1750.3,1,1,0
2002,Mountain,30,Void Eye,2,2,8022.6,2206.9,1,1,0
2002,Mountain,31,Vortex,0,0,5899.0,7425.0,2,2,0
2002,Mountain,31,Vortex,0,1,5899.0,8538.8,2,2,0
2002,Mountain,31,Vortex,0,2,5899.0,10766.2,2,2,0
2002,Mountain,31,Vortex,1,0,6606.9,7425.0,2,2,0
2002,Mountain,31,Vortex,1,1,6606.9,8538.8,2,2,0
2002,Mountain,31,Vortex,1,2,6606.9,10766.2,2,2,0
2002,Mountain,31,Vortex,2,0,8022.6,7425.0,1,2,-1
2002,Mountain,31,Vortex,2,1,8022.6,8538.8,2,2,0
2002,Mountain,31,Vortex,2,2,8022.6,10766.2,2,2,0
2002,Mountain,2002,Mountain,0,0,5899.0,136657.0,24,24,0
2002,Mountain,2002,Mountain,0,1,5899.0,157155.5,27,24,3
2002,Mountain,2002,Mountain,0,2,5899.0,198152.6,34,24,10
2002,Mountain,2002,Mountain,1,0,6606.9,136657.0,21,24,-3
2002,Mountain,2002,Mountain,1,1,6606.9,157155.5,24,24,0
2002,Mountain,2002,Mountain,1,2,6606.9,198152.6,30,24,6
2002,Mountain,2002,Mountain,2,0,8022.6,136657.0,18,24,-6
2002,Mountain,2002,Mountain,2,1,8022.6,157155.5,20,24,-4
2002,Mountain,2002,Mountain,2,2,8022.6,198152.6,25,24,1
